2026-05-24 15:24:35 [INFO    ] __main__: Log file: C:\Users\Part Laptop\RiskFree_Arbitrage\logs\run_20260524_152435.log
2026-05-24 15:24:35 [DEBUG   ] database: Database initialised at data\arbitrage.db
2026-05-24 15:24:35 [INFO    ] web_server: Web UI started at http://localhost:5000
2026-05-24 15:25:00 [DEBUG   ] web_server: SSE client connected (1 total)
2026-05-24 15:25:04 [INFO    ] data_fetcher: Fetching price data from TSETMC...
2026-05-24 15:25:04 [INFO    ] data_fetcher: [1/20] Fetching کیان ...
2026-05-24 15:25:04 [DEBUG   ] urllib3.connectionpool: Starting new HTTPS connection (1): cdn.tsetmc.com:443
2026-05-24 15:25:20 [WARNING ] data_fetcher: TSETMC request failed for https://cdn.tsetmc.com/api/Instrument/GetInstrumentSearch/%DA%A9%DB%8C%D8%A7%D9%86: HTTPSConnectionPool(host='cdn.tsetmc.com', port=443): Read timed out. (read timeout=15)
2026-05-24 15:25:20 [WARNING ] data_fetcher:   ✗ Could not find ins_code for 'کیان' (tried: ['کیان'])
2026-05-24 15:25:20 [DEBUG   ] urllib3.connectionpool: Starting new HTTPS connection (2): cdn.tsetmc.com:443
2026-05-24 15:25:26 [INFO    ] data_fetcher: Fetching price data from TSETMC...
2026-05-24 15:25:26 [INFO    ] data_fetcher: [1/20] Fetching کیان ...
2026-05-24 15:25:26 [DEBUG   ] urllib3.connectionpool: Starting new HTTPS connection (1): cdn.tsetmc.com:443
2026-05-24 15:25:27 [DEBUG   ] urllib3.connectionpool: https://cdn.tsetmc.com:443 "GET /api/Instrument/GetInstrumentSearch/%DA%A9%DB%8C%D8%A7%D9%86 HTTP/1.1" 200 None
2026-05-24 15:25:27 [DEBUG   ] data_fetcher:   TSETMC search for 'کیان': 41 results → [('كيان', 'صندوق س. با درآمد ثا'), ('رشدي كيان', 'صندوق س آواي سهام كي'), ('سپيد', 'سپيد ماكيان'), ('كيانا', 'گروه مالي كيان'), ('كياناح', 'ح.گروه مالي كيان'), ('آرمان ارگ072', 'مرابحه آرمان ارگ- كي')]
2026-05-24 15:25:27 [INFO    ] data_fetcher:   ✓ [P0] ins_code for 'کیان': 53251602435454519 (كيان — صندوق س. با درآمد ثابت كيان)
2026-05-24 15:25:27 [DEBUG   ] urllib3.connectionpool: https://cdn.tsetmc.com:443 "GET /api/ClosingPrice/GetClosingPriceInfo/53251602435454519 HTTP/1.1" 200 None
2026-05-24 15:25:27 [DEBUG   ] data_fetcher: ClosingPriceInfo top-level keys for 53251602435454519: ['closingPriceInfo']
2026-05-24 15:25:27 [DEBUG   ] data_fetcher: ClosingPriceInfo fields for 53251602435454519: {'instrumentState': {'idn': 0, 'dEven': 0, 'hEven': 0, 'insCode': None, 'lVal18AFC': None, 'lVal30': None, 'cEtaval': 'A ', 'realHeven': 0, 'underSupervision': 0, 'cEtavalTitle': 'مجاز'}, 'lastHEven': 145959, 'finalLastDate': 20260524, 'priceMin': 100288.0, 'priceMax': 100292.0, 'priceYesterday': 100165.0, 'priceFirst': 100291.0, 'insCode': '0', 'dEven': 20260524, 'hEven': 145959, 'pClosing': 100291.0, 'pDrCotVal': 100292.0, 'zTotTran': 7733.0, 'qTotTran5J': 138709087.0, 'qTotCap': 13911294949400.0}
2026-05-24 15:25:28 [DEBUG   ] urllib3.connectionpool: https://cdn.tsetmc.com:443 "GET /api/Instrument/GetInstrumentInfo/53251602435454519 HTTP/1.1" 200 None
2026-05-24 15:25:28 [DEBUG   ] data_fetcher: InstrumentInfo top-level keys for 53251602435454519: ['instrumentInfo']
2026-05-24 15:25:28 [DEBUG   ] data_fetcher: InstrumentInfo non-zero fields for 53251602435454519: {'eps': {'epsValue': None, 'estimatedEPS': None, 'sectorPE': 0.0, 'psr': 0.0}, 'sector': {'dEven': 0, 'cSecVal': '68 ', 'lSecVal': 'صندوق سرمايه گذاري قابل معامله'}, 'staticThreshold': {'insCode': None, 'dEven': 0, 'hEven': 0, 'psGelStaMax': 103169.0, 'psGelStaMin': 97161.0}, 'minWeek': 99905.0, 'maxWeek': 100166.0, 'minYear': 72550.0, 'maxYear': 100166.0, 'qTotTran5JAvg': 146078215.0, 'dEven': 20260524, 'faraDesc': 'نوع صندوق: در اوراق بهادار با درآمد ثابت', 'etfIssuedUnit': 3103975485.0, 'etfUnitDeven': 20260523, 'lVal18': 'Kian ETF', 'yVal': '305', 'insCode': '53251602435454519', 'lVal30': 'صندوق س. با درآمد ثابت كيان', 'lVal18AFC': 'كيان', 'flow': 1, 'cIsin': 'IRT1FKNF0008', 'zTitad': 4000000000.0, 'baseVol': 1, 'instrumentID': 'IRT1FKNF0001', 'cgrValCot': 'H1', 'cComVal': '4', 'sourceID': 1, 'flowTitle': 'بازار بورس', 'cgrValCotTitle': 'بازار صندوق های قابل معامله'}
2026-05-24 15:25:28 [DEBUG   ] urllib3.connectionpool: Starting new HTTPS connection (1): www.tsetmc.com:443
2026-05-24 15:25:28 [DEBUG   ] urllib3.connectionpool: https://www.tsetmc.com:443 "GET /Loader.aspx?ParTree=15131W&i=53251602435454519 HTTP/1.1" 200 824
2026-05-24 15:25:28 [DEBUG   ] data_fetcher: Loader API for 53251602435454519: 824 bytes, preview: <!doctype html><html lang="en"><head><meta charset="utf-8"/><link rel="icon" href="/favicon.ico?v=2"
2026-05-24 15:25:28 [DEBUG   ] urllib3.connectionpool: https://cdn.tsetmc.com:443 "GET /api/ETF/ETFByInsCode/53251602435454519 HTTP/1.1" 200 824
2026-05-24 15:25:28 [DEBUG   ] urllib3.connectionpool: https://cdn.tsetmc.com:443 "GET /api/ETF/GetETFByInsCode/53251602435454519 HTTP/1.1" 200 824
2026-05-24 15:25:28 [DEBUG   ] urllib3.connectionpool: https://cdn.tsetmc.com:443 "GET /api/ETF/GetETFInfo/53251602435454519 HTTP/1.1" 200 824
2026-05-24 15:25:28 [DEBUG   ] urllib3.connectionpool: https://cdn.tsetmc.com:443 "GET /api/Fund/GetFundInfo/53251602435454519 HTTP/1.1" 404 0
2026-05-24 15:25:29 [DEBUG   ] urllib3.connectionpool: https://cdn.tsetmc.com:443 "GET /api/Fund/GetFund/53251602435454519 HTTP/1.1" 404 0
2026-05-24 15:25:29 [DEBUG   ] urllib3.connectionpool: https://cdn.tsetmc.com:443 "GET /api/Fund/GetFundLastInfo/53251602435454519 HTTP/1.1" 404 0
2026-05-24 15:25:29 [DEBUG   ] urllib3.connectionpool: https://cdn.tsetmc.com:443 "GET /api/Fund/GetMutualFundByInsCode/53251602435454519 HTTP/1.1" 404 0
2026-05-24 15:25:29 [DEBUG   ] urllib3.connectionpool: https://cdn.tsetmc.com:443 "GET /api/Fund/FundInfo/53251602435454519 HTTP/1.1" 404 0
2026-05-24 15:25:29 [DEBUG   ] urllib3.connectionpool: https://cdn.tsetmc.com:443 "GET /api/Fund/FundData/53251602435454519 HTTP/1.1" 404 0
2026-05-24 15:25:29 [DEBUG   ] urllib3.connectionpool: https://cdn.tsetmc.com:443 "GET /api/ETF/ETFList HTTP/1.1" 200 824
2026-05-24 15:25:29 [DEBUG   ] urllib3.connectionpool: https://www.tsetmc.com:443 "GET /instrument/53251602435454519 HTTP/1.1" 200 824
2026-05-24 15:25:29 [DEBUG   ] data_fetcher:   HTML page for 53251602435454519: 824 bytes
2026-05-24 15:25:29 [DEBUG   ] data_fetcher:   No NAV found in TSETMC HTML for ins_code=53251602435454519
2026-05-24 15:25:29 [DEBUG   ] urllib3.connectionpool: https://cdn.tsetmc.com:443 "GET /api/StaticThreshold/GetStaticThreshold/53251602435454519/0 HTTP/1.1" 200 824
2026-05-24 15:25:29 [DEBUG   ] data_fetcher:   No NAV found for ins_code=53251602435454519
2026-05-24 15:25:29 [DEBUG   ] urllib3.connectionpool: https://cdn.tsetmc.com:443 "GET /api/BestLimits/53251602435454519 HTTP/1.1" 200 None
2026-05-24 15:25:29 [INFO    ] data_fetcher: [2/20] Fetching پارند ...
2026-05-24 15:25:29 [DEBUG   ] urllib3.connectionpool: https://cdn.tsetmc.com:443 "GET /api/Instrument/GetInstrumentSearch/%D9%BE%D8%A7%D8%B1%D9%86%D8%AF HTTP/1.1" 200 None
2026-05-24 15:25:29 [DEBUG   ] data_fetcher:   TSETMC search for 'پارند': 1 results → [('پارند', 'صندوق س. پارند پايدا')]
2026-05-24 15:25:29 [INFO    ] data_fetcher:   ✓ [P0] ins_code for 'پارند': 70595828753641750 (پارند — صندوق س. پارند پايدار سپهر)
2026-05-24 15:25:30 [DEBUG   ] urllib3.connectionpool: https://cdn.tsetmc.com:443 "GET /api/ClosingPrice/GetClosingPriceInfo/70595828753641750 HTTP/1.1" 200 None
2026-05-24 15:25:30 [DEBUG   ] data_fetcher: ClosingPriceInfo top-level keys for 70595828753641750: ['closingPriceInfo']
2026-05-24 15:25:30 [DEBUG   ] data_fetcher: ClosingPriceInfo fields for 70595828753641750: {'instrumentState': {'idn': 0, 'dEven': 0, 'hEven': 0, 'insCode': None, 'lVal18AFC': None, 'lVal30': None, 'cEtaval': 'A ', 'realHeven': 0, 'underSupervision': 0, 'cEtavalTitle': 'مجاز'}, 'lastHEven': 145159, 'finalLastDate': 20260524, 'priceMin': 10154.0, 'priceMax': 10155.0, 'priceYesterday': 10144.0, 'priceFirst': 10154.0, 'insCode': '0', 'dEven': 20260524, 'hEven': 145159, 'pClosing': 10154.0, 'pDrCotVal': 10155.0, 'zTotTran': 348.0, 'qTotTran5J': 29793299.0, 'qTotCap': 302532180771.0}
2026-05-24 15:25:30 [DEBUG   ] urllib3.connectionpool: https://cdn.tsetmc.com:443 "GET /api/Instrument/GetInstrumentInfo/70595828753641750 HTTP/1.1" 200 None
2026-05-24 15:25:30 [DEBUG   ] data_fetcher: InstrumentInfo top-level keys for 70595828753641750: ['instrumentInfo']
2026-05-24 15:25:30 [DEBUG   ] data_fetcher: InstrumentInfo non-zero fields for 70595828753641750: {'eps': {'epsValue': None, 'estimatedEPS': None, 'sectorPE': 0.0, 'psr': 0.0}, 'sector': {'dEven': 0, 'cSecVal': '68 ', 'lSecVal': 'صندوق سرمايه گذاري قابل معامله'}, 'staticThreshold': {'insCode': None, 'dEven': 0, 'hEven': 0, 'psGelStaMax': 10448.0, 'psGelStaMin': 9840.0}, 'minWeek': 10114.0, 'maxWeek': 10145.0, 'minYear': 10006.0, 'maxYear': 10263.0, 'qTotTran5JAvg': 239304531.0, 'dEven': 20260524, 'faraDesc': 'نوع صندوق: در اوراق بهادار با درآمد ثابت', 'etfIssuedUnit': 4403033298.0, 'etfUnitDeven': 20260523, 'lVal18': 'Parand ETF', 'yVal': '305', 'insCode': '70595828753641750', 'lVal30': 'صندوق س. پارند پايدار سپهر', 'lVal18AFC': 'پارند', 'flow': 1, 'cIsin': 'IRT1FPAF0008', 'zTitad': 10000000000.0, 'baseVol': 1, 'instrumentID': 'IRT1FPAF0001', 'cgrValCot': 'H1', 'cComVal': '4', 'sourceID': 1, 'flowTitle': 'بازار بورس', 'cgrValCotTitle': 'بازار صندوق های قابل معامله'}
2026-05-24 15:25:30 [DEBUG   ] urllib3.connectionpool: https://www.tsetmc.com:443 "GET /Loader.aspx?ParTree=15131W&i=70595828753641750 HTTP/1.1" 200 824
2026-05-24 15:25:30 [DEBUG   ] data_fetcher: Loader API for 70595828753641750: 824 bytes, preview: <!doctype html><html lang="en"><head><meta charset="utf-8"/><link rel="icon" href="/favicon.ico?v=2"
2026-05-24 15:25:30 [DEBUG   ] urllib3.connectionpool: https://cdn.tsetmc.com:443 "GET /api/ETF/ETFByInsCode/70595828753641750 HTTP/1.1" 200 824
2026-05-24 15:25:30 [DEBUG   ] urllib3.connectionpool: https://cdn.tsetmc.com:443 "GET /api/ETF/GetETFByInsCode/70595828753641750 HTTP/1.1" 200 824
2026-05-24 15:25:30 [DEBUG   ] urllib3.connectionpool: https://cdn.tsetmc.com:443 "GET /api/ETF/GetETFInfo/70595828753641750 HTTP/1.1" 200 824
2026-05-24 15:25:30 [DEBUG   ] urllib3.connectionpool: https://cdn.tsetmc.com:443 "GET /api/Fund/GetFundInfo/70595828753641750 HTTP/1.1" 404 0
2026-05-24 15:25:30 [DEBUG   ] urllib3.connectionpool: https://cdn.tsetmc.com:443 "GET /api/Fund/GetFund/70595828753641750 HTTP/1.1" 404 0
2026-05-24 15:25:30 [DEBUG   ] urllib3.connectionpool: https://cdn.tsetmc.com:443 "GET /api/Fund/GetFundLastInfo/70595828753641750 HTTP/1.1" 404 0
2026-05-24 15:25:30 [DEBUG   ] urllib3.connectionpool: https://cdn.tsetmc.com:443 "GET /api/Fund/GetMutualFundByInsCode/70595828753641750 HTTP/1.1" 404 0
2026-05-24 15:25:30 [DEBUG   ] urllib3.connectionpool: https://cdn.tsetmc.com:443 "GET /api/Fund/FundInfo/70595828753641750 HTTP/1.1" 404 0
2026-05-24 15:25:30 [DEBUG   ] urllib3.connectionpool: https://cdn.tsetmc.com:443 "GET /api/Fund/FundData/70595828753641750 HTTP/1.1" 404 0
2026-05-24 15:25:30 [DEBUG   ] urllib3.connectionpool: https://www.tsetmc.com:443 "GET /instrument/70595828753641750 HTTP/1.1" 200 824
2026-05-24 15:25:30 [DEBUG   ] data_fetcher:   HTML page for 70595828753641750: 824 bytes
2026-05-24 15:25:30 [DEBUG   ] data_fetcher:   No NAV found in TSETMC HTML for ins_code=70595828753641750
2026-05-24 15:25:30 [DEBUG   ] urllib3.connectionpool: https://cdn.tsetmc.com:443 "GET /api/StaticThreshold/GetStaticThreshold/70595828753641750/0 HTTP/1.1" 200 824
2026-05-24 15:25:30 [DEBUG   ] data_fetcher:   No NAV found for ins_code=70595828753641750
2026-05-24 15:25:31 [DEBUG   ] urllib3.connectionpool: https://cdn.tsetmc.com:443 "GET /api/BestLimits/70595828753641750 HTTP/1.1" 200 None
2026-05-24 15:25:31 [INFO    ] data_fetcher: [3/20] Fetching اعتماد ...
2026-05-24 15:25:31 [DEBUG   ] urllib3.connectionpool: https://cdn.tsetmc.com:443 "GET /api/Instrument/GetInstrumentSearch/%D8%A7%D8%B9%D8%AA%D9%85%D8%A7%D8%AF HTTP/1.1" 200 None
2026-05-24 15:25:31 [DEBUG   ] data_fetcher:   TSETMC search for 'اعتماد': 18 results → [('اعتماد', 'صندوق س.اعتماد آفرين'), ('هامرز', 'صندوق س اعتماد هامرز'), ('آلا', 'صندوق س.اعتماد ارغوا'), ('داريك', 'صندوق س.اعتماد داريك'), ('مبين061', 'اجاره اعتماد مبين ام'), ('مبين062', 'اجاره اعتمادمبين توس')]
2026-05-24 15:25:31 [INFO    ] data_fetcher:   ✓ [P0] ins_code for 'اعتماد': 66818022341772870 (اعتماد — صندوق س.اعتماد آفرين پارسيان-د)
2026-05-24 15:25:31 [DEBUG   ] urllib3.connectionpool: https://cdn.tsetmc.com:443 "GET /api/ClosingPrice/GetClosingPriceInfo/66818022341772870 HTTP/1.1" 200 None
2026-05-24 15:25:31 [DEBUG   ] data_fetcher: ClosingPriceInfo top-level keys for 66818022341772870: ['closingPriceInfo']
2026-05-24 15:25:31 [DEBUG   ] data_fetcher: ClosingPriceInfo fields for 66818022341772870: {'instrumentState': {'idn': 0, 'dEven': 0, 'hEven': 0, 'insCode': None, 'lVal18AFC': None, 'lVal30': None, 'cEtaval': 'A ', 'realHeven': 0, 'underSupervision': 0, 'cEtavalTitle': 'مجاز'}, 'lastHEven': 145958, 'finalLastDate': 20260524, 'priceMin': 125749.0, 'priceMax': 125751.0, 'priceYesterday': 125588.0, 'priceFirst': 125749.0, 'insCode': '0', 'dEven': 20260524, 'hEven': 145958, 'pClosing': 125749.0, 'pDrCotVal': 125751.0, 'zTotTran': 1633.0, 'qTotTran5J': 67453069.0, 'qTotCap': 8482171404536.0}
2026-05-24 15:25:31 [DEBUG   ] urllib3.connectionpool: https://cdn.tsetmc.com:443 "GET /api/Instrument/GetInstrumentInfo/66818022341772870 HTTP/1.1" 200 None
2026-05-24 15:25:31 [DEBUG   ] data_fetcher: InstrumentInfo top-level keys for 66818022341772870: ['instrumentInfo']
2026-05-24 15:25:31 [DEBUG   ] data_fetcher: InstrumentInfo non-zero fields for 66818022341772870: {'eps': {'epsValue': None, 'estimatedEPS': None, 'sectorPE': 273.25, 'psr': 0.0}, 'sector': {'dEven': 0, 'cSecVal': '68 ', 'lSecVal': 'صندوق سرمايه گذاري قابل معامله'}, 'staticThreshold': {'insCode': None, 'dEven': 0, 'hEven': 0, 'psGelStaMax': 129355.0, 'psGelStaMin': 121821.0}, 'minWeek': 125285.0, 'maxWeek': 125589.0, 'minYear': 92551.0, 'maxYear': 125589.0, 'qTotTran5JAvg': 87433180.0, 'dEven': 20260524, 'faraDesc': 'نوع صندوق : در اوراق بهادار با درآمد ثابت', 'etfIssuedUnit': 2254145907.0, 'etfUnitDeven': 20260523, 'lVal18': 'Etemad Parsian ETF', 'yVal': '305', 'insCode': '66818022341772870', 'lVal30': 'صندوق س.اعتماد آفرين پارسيان-د', 'lVal18AFC': 'اعتماد', 'flow': 2, 'cIsin': 'IRT3FATF0002', 'zTitad': 4000000000.0, 'baseVol': 1, 'instrumentID': 'IRT3FATF0001', 'cgrValCot': '1A', 'cComVal': '4', 'sourceID': 2, 'flowTitle': 'بازار فرابورس', 'cgrValCotTitle': 'بازار ابزارهاي نوين مالي فرابورس'}
2026-05-24 15:25:32 [DEBUG   ] urllib3.connectionpool: https://www.tsetmc.com:443 "GET /Loader.aspx?ParTree=15131W&i=66818022341772870 HTTP/1.1" 200 824
2026-05-24 15:25:32 [DEBUG   ] data_fetcher: Loader API for 66818022341772870: 824 bytes, preview: <!doctype html><html lang="en"><head><meta charset="utf-8"/><link rel="icon" href="/favicon.ico?v=2"
2026-05-24 15:25:32 [DEBUG   ] urllib3.connectionpool: https://cdn.tsetmc.com:443 "GET /api/ETF/ETFByInsCode/66818022341772870 HTTP/1.1" 200 824
2026-05-24 15:25:32 [DEBUG   ] urllib3.connectionpool: https://cdn.tsetmc.com:443 "GET /api/ETF/GetETFByInsCode/66818022341772870 HTTP/1.1" 200 824
2026-05-24 15:25:32 [DEBUG   ] urllib3.connectionpool: https://cdn.tsetmc.com:443 "GET /api/ETF/GetETFInfo/66818022341772870 HTTP/1.1" 200 824
2026-05-24 15:25:32 [DEBUG   ] urllib3.connectionpool: https://cdn.tsetmc.com:443 "GET /api/Fund/GetFundInfo/66818022341772870 HTTP/1.1" 404 0
2026-05-24 15:25:32 [DEBUG   ] urllib3.connectionpool: https://cdn.tsetmc.com:443 "GET /api/Fund/GetFund/66818022341772870 HTTP/1.1" 404 0
2026-05-24 15:25:32 [DEBUG   ] urllib3.connectionpool: https://cdn.tsetmc.com:443 "GET /api/Fund/GetFundLastInfo/66818022341772870 HTTP/1.1" 404 0
2026-05-24 15:25:32 [DEBUG   ] urllib3.connectionpool: https://cdn.tsetmc.com:443 "GET /api/Fund/GetMutualFundByInsCode/66818022341772870 HTTP/1.1" 404 0
2026-05-24 15:25:32 [DEBUG   ] urllib3.connectionpool: https://cdn.tsetmc.com:443 "GET /api/Fund/FundInfo/66818022341772870 HTTP/1.1" 404 0
2026-05-24 15:25:32 [DEBUG   ] urllib3.connectionpool: https://cdn.tsetmc.com:443 "GET /api/Fund/FundData/66818022341772870 HTTP/1.1" 404 0
2026-05-24 15:25:32 [DEBUG   ] urllib3.connectionpool: https://www.tsetmc.com:443 "GET /instrument/66818022341772870 HTTP/1.1" 200 824
2026-05-24 15:25:32 [DEBUG   ] data_fetcher:   HTML page for 66818022341772870: 824 bytes
2026-05-24 15:25:32 [DEBUG   ] data_fetcher:   No NAV found in TSETMC HTML for ins_code=66818022341772870
2026-05-24 15:25:32 [DEBUG   ] urllib3.connectionpool: https://cdn.tsetmc.com:443 "GET /api/StaticThreshold/GetStaticThreshold/66818022341772870/0 HTTP/1.1" 200 824
2026-05-24 15:25:32 [DEBUG   ] data_fetcher:   No NAV found for ins_code=66818022341772870
2026-05-24 15:25:32 [DEBUG   ] urllib3.connectionpool: https://cdn.tsetmc.com:443 "GET /api/BestLimits/66818022341772870 HTTP/1.1" 200 None
2026-05-24 15:25:33 [INFO    ] data_fetcher: [4/20] Fetching کمند ...
2026-05-24 15:25:33 [DEBUG   ] urllib3.connectionpool: https://cdn.tsetmc.com:443 "GET /api/Instrument/GetInstrumentSearch/%DA%A9%D9%85%D9%86%D8%AF HTTP/1.1" 200 None
2026-05-24 15:25:33 [DEBUG   ] data_fetcher:   TSETMC search for 'کمند': 3 results → [('كمند', 'صندوق س. با درآمد ثا'), ('فكمند', 'گسترش قطعه سازي كمند'), ('فكمندح', 'ح. گسترش قطعه سازي ك')]
2026-05-24 15:25:33 [INFO    ] data_fetcher:   ✓ [P0] ins_code for 'کمند': 34718633636164421 (كمند — صندوق س. با درآمد ثابت كمند)
2026-05-24 15:25:33 [DEBUG   ] urllib3.connectionpool: https://cdn.tsetmc.com:443 "GET /api/ClosingPrice/GetClosingPriceInfo/34718633636164421 HTTP/1.1" 200 None
2026-05-24 15:25:33 [DEBUG   ] data_fetcher: ClosingPriceInfo top-level keys for 34718633636164421: ['closingPriceInfo']
2026-05-24 15:25:33 [DEBUG   ] data_fetcher: ClosingPriceInfo fields for 34718633636164421: {'instrumentState': {'idn': 0, 'dEven': 0, 'hEven': 0, 'insCode': None, 'lVal18AFC': None, 'lVal30': None, 'cEtaval': 'A ', 'realHeven': 0, 'underSupervision': 0, 'cEtavalTitle': 'مجاز'}, 'lastHEven': 145941, 'finalLastDate': 20260524, 'priceMin': 10162.0, 'priceMax': 10163.0, 'priceYesterday': 10152.0, 'priceFirst': 10162.0, 'insCode': '0', 'dEven': 20260524, 'hEven': 145941, 'pClosing': 10162.0, 'pDrCotVal': 10163.0, 'zTotTran': 1382.0, 'qTotTran5J': 154725894.0, 'qTotCap': 1572364912502.0}
2026-05-24 15:25:33 [DEBUG   ] urllib3.connectionpool: https://cdn.tsetmc.com:443 "GET /api/Instrument/GetInstrumentInfo/34718633636164421 HTTP/1.1" 200 None
2026-05-24 15:25:33 [DEBUG   ] data_fetcher: InstrumentInfo top-level keys for 34718633636164421: ['instrumentInfo']
2026-05-24 15:25:33 [DEBUG   ] data_fetcher: InstrumentInfo non-zero fields for 34718633636164421: {'eps': {'epsValue': None, 'estimatedEPS': None, 'sectorPE': 0.0, 'psr': 0.0}, 'sector': {'dEven': 0, 'cSecVal': '68 ', 'lSecVal': 'صندوق سرمايه گذاري قابل معامله'}, 'staticThreshold': {'insCode': None, 'dEven': 0, 'hEven': 0, 'psGelStaMax': 10456.0, 'psGelStaMin': 9848.0}, 'minWeek': 10123.0, 'maxWeek': 10153.0, 'minYear': 10000.0, 'maxYear': 10274.0, 'qTotTran5JAvg': 246704726.0, 'dEven': 20260524, 'faraDesc': 'نوع صندوق: در اوراق بهادار با درآمد ثابت', 'etfIssuedUnit': 7716800000.0, 'etfUnitDeven': 20260523, 'lVal18': 'Kamand ETF', 'yVal': '305', 'insCode': '34718633636164421', 'lVal30': 'صندوق س. با درآمد ثابت كمند', 'lVal18AFC': 'كمند', 'flow': 1, 'cIsin': 'IRT1KMND0001', 'zTitad': 10000000000.0, 'baseVol': 1, 'instrumentID': 'IRT1KMND0001', 'cgrValCot': 'H1', 'cComVal': '4', 'sourceID': 1, 'flowTitle': 'بازار بورس', 'cgrValCotTitle': 'بازار صندوق های قابل معامله'}
2026-05-24 15:25:33 [DEBUG   ] urllib3.connectionpool: https://www.tsetmc.com:443 "GET /Loader.aspx?ParTree=15131W&i=34718633636164421 HTTP/1.1" 200 824
2026-05-24 15:25:33 [DEBUG   ] data_fetcher: Loader API for 34718633636164421: 824 bytes, preview: <!doctype html><html lang="en"><head><meta charset="utf-8"/><link rel="icon" href="/favicon.ico?v=2"
2026-05-24 15:25:33 [DEBUG   ] urllib3.connectionpool: https://cdn.tsetmc.com:443 "GET /api/ETF/ETFByInsCode/34718633636164421 HTTP/1.1" 200 824
2026-05-24 15:25:33 [DEBUG   ] urllib3.connectionpool: https://cdn.tsetmc.com:443 "GET /api/ETF/GetETFByInsCode/34718633636164421 HTTP/1.1" 200 824
2026-05-24 15:25:33 [DEBUG   ] urllib3.connectionpool: https://cdn.tsetmc.com:443 "GET /api/ETF/GetETFInfo/34718633636164421 HTTP/1.1" 200 824
2026-05-24 15:25:33 [DEBUG   ] urllib3.connectionpool: https://cdn.tsetmc.com:443 "GET /api/Fund/GetFundInfo/34718633636164421 HTTP/1.1" 404 0
2026-05-24 15:25:34 [DEBUG   ] urllib3.connectionpool: https://cdn.tsetmc.com:443 "GET /api/Fund/GetFund/34718633636164421 HTTP/1.1" 404 0
2026-05-24 15:25:34 [DEBUG   ] urllib3.connectionpool: https://cdn.tsetmc.com:443 "GET /api/Fund/GetFundLastInfo/34718633636164421 HTTP/1.1" 404 0
2026-05-24 15:25:34 [DEBUG   ] urllib3.connectionpool: https://cdn.tsetmc.com:443 "GET /api/Fund/GetMutualFundByInsCode/34718633636164421 HTTP/1.1" 404 0
2026-05-24 15:25:34 [DEBUG   ] urllib3.connectionpool: https://cdn.tsetmc.com:443 "GET /api/Fund/FundInfo/34718633636164421 HTTP/1.1" 404 0
2026-05-24 15:25:34 [DEBUG   ] urllib3.connectionpool: https://cdn.tsetmc.com:443 "GET /api/Fund/FundData/34718633636164421 HTTP/1.1" 404 0
2026-05-24 15:25:34 [DEBUG   ] urllib3.connectionpool: https://www.tsetmc.com:443 "GET /instrument/34718633636164421 HTTP/1.1" 200 824
2026-05-24 15:25:34 [DEBUG   ] data_fetcher:   HTML page for 34718633636164421: 824 bytes
2026-05-24 15:25:34 [DEBUG   ] data_fetcher:   No NAV found in TSETMC HTML for ins_code=34718633636164421
2026-05-24 15:25:34 [DEBUG   ] urllib3.connectionpool: https://cdn.tsetmc.com:443 "GET /api/StaticThreshold/GetStaticThreshold/34718633636164421/0 HTTP/1.1" 200 824
2026-05-24 15:25:34 [DEBUG   ] data_fetcher:   No NAV found for ins_code=34718633636164421
2026-05-24 15:25:34 [DEBUG   ] urllib3.connectionpool: https://cdn.tsetmc.com:443 "GET /api/BestLimits/34718633636164421 HTTP/1.1" 200 None
2026-05-24 15:25:34 [INFO    ] data_fetcher: [5/20] Fetching افران ...
2026-05-24 15:25:34 [DEBUG   ] urllib3.connectionpool: https://cdn.tsetmc.com:443 "GET /api/Instrument/GetInstrumentSearch/%D8%A7%D9%81%D8%B1%D8%A7%D9%86 HTTP/1.1" 200 None
2026-05-24 15:25:34 [DEBUG   ] data_fetcher:   TSETMC search for 'افران': 3 results → [('افران', 'صندوق س افرا نماد پا'), ('افرا', 'افرانت'), ('افراح', 'ح. افرانت')]
2026-05-24 15:25:34 [INFO    ] data_fetcher:   ✓ [P0] ins_code for 'افران': 3846143218462419 (افران — صندوق س افرا نماد پايدار-ثابت)
2026-05-24 15:25:34 [DEBUG   ] urllib3.connectionpool: https://cdn.tsetmc.com:443 "GET /api/ClosingPrice/GetClosingPriceInfo/3846143218462419 HTTP/1.1" 200 None
2026-05-24 15:25:34 [DEBUG   ] data_fetcher: ClosingPriceInfo top-level keys for 3846143218462419: ['closingPriceInfo']
2026-05-24 15:25:34 [DEBUG   ] data_fetcher: ClosingPriceInfo fields for 3846143218462419: {'instrumentState': {'idn': 0, 'dEven': 0, 'hEven': 0, 'insCode': None, 'lVal18AFC': None, 'lVal30': None, 'cEtaval': 'A ', 'realHeven': 0, 'underSupervision': 0, 'cEtavalTitle': 'مجاز'}, 'lastHEven': 145959, 'finalLastDate': 20260524, 'priceMin': 48336.0, 'priceMax': 48337.0, 'priceYesterday': 48271.0, 'priceFirst': 48336.0, 'insCode': '0', 'dEven': 20260524, 'hEven': 145959, 'pClosing': 48336.0, 'pDrCotVal': 48336.0, 'zTotTran': 11739.0, 'qTotTran5J': 357923580.0, 'qTotCap': 17300691788811.0}
2026-05-24 15:25:35 [DEBUG   ] urllib3.connectionpool: https://cdn.tsetmc.com:443 "GET /api/Instrument/GetInstrumentInfo/3846143218462419 HTTP/1.1" 200 None
2026-05-24 15:25:35 [DEBUG   ] data_fetcher: InstrumentInfo top-level keys for 3846143218462419: ['instrumentInfo']
2026-05-24 15:25:35 [DEBUG   ] data_fetcher: InstrumentInfo non-zero fields for 3846143218462419: {'eps': {'epsValue': None, 'estimatedEPS': None, 'sectorPE': 0.0, 'psr': 0.0}, 'sector': {'dEven': 0, 'cSecVal': '68 ', 'lSecVal': 'صندوق سرمايه گذاري قابل معامله'}, 'staticThreshold': {'insCode': None, 'dEven': 0, 'hEven': 0, 'psGelStaMax': 49719.0, 'psGelStaMin': 46823.0}, 'minWeek': 48136.0, 'maxWeek': 48272.0, 'minYear': 35267.0, 'maxYear': 48272.0, 'qTotTran5JAvg': 343152103.0, 'dEven': 20260524, 'faraDesc': 'نوع صندوق: در اوراق بهادار با درآمد ثابت', 'etfIssuedUnit': 7757999010.0, 'etfUnitDeven': 20260523, 'lVal18': 'Afra Namad ETF', 'yVal': '305', 'insCode': '3846143218462419', 'lVal30': 'صندوق س افرا نماد پايدار-ثابت', 'lVal18AFC': 'افران', 'flow': 1, 'cIsin': 'IRT1AFRN0006', 'zTitad': 8540000000.0, 'baseVol': 1, 'instrumentID': 'IRT1AFRN0001', 'cgrValCot': 'H1', 'cComVal': '4', 'sourceID': 1, 'flowTitle': 'بازار بورس', 'cgrValCotTitle': 'بازار صندوق های قابل معامله'}
2026-05-24 15:25:35 [DEBUG   ] urllib3.connectionpool: https://www.tsetmc.com:443 "GET /Loader.aspx?ParTree=15131W&i=3846143218462419 HTTP/1.1" 200 824
2026-05-24 15:25:35 [DEBUG   ] data_fetcher: Loader API for 3846143218462419: 824 bytes, preview: <!doctype html><html lang="en"><head><meta charset="utf-8"/><link rel="icon" href="/favicon.ico?v=2"
2026-05-24 15:25:35 [DEBUG   ] urllib3.connectionpool: https://cdn.tsetmc.com:443 "GET /api/ETF/ETFByInsCode/3846143218462419 HTTP/1.1" 200 824
2026-05-24 15:25:35 [DEBUG   ] urllib3.connectionpool: https://cdn.tsetmc.com:443 "GET /api/ETF/GetETFByInsCode/3846143218462419 HTTP/1.1" 200 824
2026-05-24 15:25:35 [DEBUG   ] urllib3.connectionpool: https://cdn.tsetmc.com:443 "GET /api/ETF/GetETFInfo/3846143218462419 HTTP/1.1" 200 824
2026-05-24 15:25:35 [DEBUG   ] urllib3.connectionpool: https://cdn.tsetmc.com:443 "GET /api/Fund/GetFundInfo/3846143218462419 HTTP/1.1" 404 0
2026-05-24 15:25:35 [DEBUG   ] urllib3.connectionpool: https://cdn.tsetmc.com:443 "GET /api/Fund/GetFund/3846143218462419 HTTP/1.1" 404 0
2026-05-24 15:25:35 [DEBUG   ] urllib3.connectionpool: https://cdn.tsetmc.com:443 "GET /api/Fund/GetFundLastInfo/3846143218462419 HTTP/1.1" 404 0
2026-05-24 15:25:35 [DEBUG   ] urllib3.connectionpool: https://cdn.tsetmc.com:443 "GET /api/Fund/GetMutualFundByInsCode/3846143218462419 HTTP/1.1" 404 0
2026-05-24 15:25:35 [DEBUG   ] urllib3.connectionpool: https://cdn.tsetmc.com:443 "GET /api/Fund/FundInfo/3846143218462419 HTTP/1.1" 404 0
2026-05-24 15:25:35 [DEBUG   ] urllib3.connectionpool: https://cdn.tsetmc.com:443 "GET /api/Fund/FundData/3846143218462419 HTTP/1.1" 404 0
2026-05-24 15:25:35 [DEBUG   ] urllib3.connectionpool: https://www.tsetmc.com:443 "GET /instrument/3846143218462419 HTTP/1.1" 200 824
2026-05-24 15:25:35 [DEBUG   ] data_fetcher:   HTML page for 3846143218462419: 824 bytes
2026-05-24 15:25:35 [DEBUG   ] data_fetcher:   No NAV found in TSETMC HTML for ins_code=3846143218462419
2026-05-24 15:25:35 [DEBUG   ] urllib3.connectionpool: https://cdn.tsetmc.com:443 "GET /api/StaticThreshold/GetStaticThreshold/3846143218462419/0 HTTP/1.1" 200 824
2026-05-24 15:25:35 [DEBUG   ] data_fetcher:   No NAV found for ins_code=3846143218462419
2026-05-24 15:25:35 [DEBUG   ] urllib3.connectionpool: https://cdn.tsetmc.com:443 "GET /api/BestLimits/3846143218462419 HTTP/1.1" 200 None
2026-05-24 15:25:36 [INFO    ] data_fetcher: [6/20] Fetching لبخند ...
2026-05-24 15:25:36 [WARNING ] data_fetcher: TSETMC request failed for https://cdn.tsetmc.com/api/Instrument/GetInstrumentSearch/%DA%A9%DB%8C%D8%A7%D9%86: HTTPSConnectionPool(host='cdn.tsetmc.com', port=443): Read timed out. (read timeout=15)
2026-05-24 15:25:36 [WARNING ] data_fetcher:   ✗ Could not find ins_code for 'کیان' (tried: ['کیان'])
2026-05-24 15:25:36 [DEBUG   ] urllib3.connectionpool: https://cdn.tsetmc.com:443 "GET /api/Instrument/GetInstrumentSearch/%D9%84%D8%A8%D8%AE%D9%86%D8%AF HTTP/1.1" 200 None
2026-05-24 15:25:36 [DEBUG   ] data_fetcher:   TSETMC search for 'لبخند': 41 results → [('لبخند', 'صندوق س. لبخند فاراب'), ('ضلبخند1102', 'اختيارخ لبخند-13667-'), ('ضلبخند1103', 'اختيارخ لبخند-13722-'), ('ضلبخند200', 'اختيارخ لبخند-11555-'), ('ضلبخند202', 'اختيارخ لبخند-11578-'), ('ضلبخند204', 'اختيارخ لبخند-11601-')]
2026-05-24 15:25:36 [INFO    ] data_fetcher:   ✓ [P0] ins_code for 'لبخند': 31569200988534548 (لبخند — صندوق س. لبخند فارابي-د)
2026-05-24 15:25:36 [DEBUG   ] urllib3.connectionpool: https://cdn.tsetmc.com:443 "GET /api/ClosingPrice/GetClosingPriceInfo/31569200988534548 HTTP/1.1" 200 None
2026-05-24 15:25:36 [DEBUG   ] data_fetcher: ClosingPriceInfo top-level keys for 31569200988534548: ['closingPriceInfo']
2026-05-24 15:25:36 [DEBUG   ] data_fetcher: ClosingPriceInfo fields for 31569200988534548: {'instrumentState': {'idn': 0, 'dEven': 0, 'hEven': 0, 'insCode': None, 'lVal18AFC': None, 'lVal30': None, 'cEtaval': 'A ', 'realHeven': 0, 'underSupervision': 0, 'cEtavalTitle': 'مجاز'}, 'lastHEven': 145959, 'finalLastDate': 20260524, 'priceMin': 27676.0, 'priceMax': 27677.0, 'priceYesterday': 27633.0, 'priceFirst': 27676.0, 'insCode': '0', 'dEven': 20260524, 'hEven': 145959, 'pClosing': 27676.0, 'pDrCotVal': 27677.0, 'zTotTran': 8212.0, 'qTotTran5J': 656381178.0, 'qTotCap': 18166213624017.0}
2026-05-24 15:25:36 [DEBUG   ] urllib3.connectionpool: https://cdn.tsetmc.com:443 "GET /api/Instrument/GetInstrumentInfo/31569200988534548 HTTP/1.1" 200 None
2026-05-24 15:25:36 [DEBUG   ] data_fetcher: InstrumentInfo top-level keys for 31569200988534548: ['instrumentInfo']
2026-05-24 15:25:36 [DEBUG   ] data_fetcher: InstrumentInfo non-zero fields for 31569200988534548: {'eps': {'epsValue': None, 'estimatedEPS': None, 'sectorPE': 273.25, 'psr': 0.0}, 'sector': {'dEven': 0, 'cSecVal': '68 ', 'lSecVal': 'صندوق سرمايه گذاري قابل معامله'}, 'staticThreshold': {'insCode': None, 'dEven': 0, 'hEven': 0, 'psGelStaMax': 28461.0, 'psGelStaMin': 26805.0}, 'minWeek': 27552.0, 'maxWeek': 27634.0, 'minYear': 20220.0, 'maxYear': 27634.0, 'qTotTran5JAvg': 410676381.0, 'dEven': 20260524, 'faraDesc': 'نوع صندوق : در اوراق بهادار با درآمد ثابت', 'etfIssuedUnit': 8530600000.0, 'etfUnitDeven': 20260523, 'lVal18': 'Labkhand ETF', 'yVal': '305', 'insCode': '31569200988534548', 'lVal30': 'صندوق س. لبخند فارابي-د', 'lVal18AFC': 'لبخند', 'flow': 2, 'cIsin': 'IRT3LABF0004', 'zTitad': 8700000000.0, 'baseVol': 1, 'instrumentID': 'IRT3LABF0001', 'cgrValCot': '1A', 'cComVal': '4', 'sourceID': 2, 'flowTitle': 'بازار فرابورس', 'cgrValCotTitle': 'بازار ابزارهاي نوين مالي فرابورس'}
2026-05-24 15:25:36 [INFO    ] data_fetcher: [2/20] Fetching پارند ...
2026-05-24 15:25:36 [DEBUG   ] urllib3.connectionpool: https://www.tsetmc.com:443 "GET /Loader.aspx?ParTree=15131W&i=31569200988534548 HTTP/1.1" 200 824
2026-05-24 15:25:36 [DEBUG   ] data_fetcher: Loader API for 31569200988534548: 824 bytes, preview: <!doctype html><html lang="en"><head><meta charset="utf-8"/><link rel="icon" href="/favicon.ico?v=2"
2026-05-24 15:25:36 [DEBUG   ] urllib3.connectionpool: Starting new HTTPS connection (2): cdn.tsetmc.com:443
2026-05-24 15:25:36 [DEBUG   ] urllib3.connectionpool: https://cdn.tsetmc.com:443 "GET /api/ClosingPrice/GetClosingPriceInfo/70595828753641750 HTTP/1.1" 200 None
2026-05-24 15:25:36 [DEBUG   ] data_fetcher: ClosingPriceInfo top-level keys for 70595828753641750: ['closingPriceInfo']
2026-05-24 15:25:36 [DEBUG   ] data_fetcher: ClosingPriceInfo fields for 70595828753641750: {'instrumentState': {'idn': 0, 'dEven': 0, 'hEven': 0, 'insCode': None, 'lVal18AFC': None, 'lVal30': None, 'cEtaval': 'A ', 'realHeven': 0, 'underSupervision': 0, 'cEtavalTitle': 'مجاز'}, 'lastHEven': 145159, 'finalLastDate': 20260524, 'priceMin': 10154.0, 'priceMax': 10155.0, 'priceYesterday': 10144.0, 'priceFirst': 10154.0, 'insCode': '0', 'dEven': 20260524, 'hEven': 145159, 'pClosing': 10154.0, 'pDrCotVal': 10155.0, 'zTotTran': 348.0, 'qTotTran5J': 29793299.0, 'qTotCap': 302532180771.0}
2026-05-24 15:25:36 [DEBUG   ] urllib3.connectionpool: https://cdn.tsetmc.com:443 "GET /api/Instrument/GetInstrumentInfo/70595828753641750 HTTP/1.1" 200 None
2026-05-24 15:25:36 [DEBUG   ] data_fetcher: InstrumentInfo top-level keys for 70595828753641750: ['instrumentInfo']
2026-05-24 15:25:36 [DEBUG   ] data_fetcher: InstrumentInfo non-zero fields for 70595828753641750: {'eps': {'epsValue': None, 'estimatedEPS': None, 'sectorPE': 0.0, 'psr': 0.0}, 'sector': {'dEven': 0, 'cSecVal': '68 ', 'lSecVal': 'صندوق سرمايه گذاري قابل معامله'}, 'staticThreshold': {'insCode': None, 'dEven': 0, 'hEven': 0, 'psGelStaMax': 10448.0, 'psGelStaMin': 9840.0}, 'minWeek': 10114.0, 'maxWeek': 10145.0, 'minYear': 10006.0, 'maxYear': 10263.0, 'qTotTran5JAvg': 239304531.0, 'dEven': 20260524, 'faraDesc': 'نوع صندوق: در اوراق بهادار با درآمد ثابت', 'etfIssuedUnit': 4403033298.0, 'etfUnitDeven': 20260523, 'lVal18': 'Parand ETF', 'yVal': '305', 'insCode': '70595828753641750', 'lVal30': 'صندوق س. پارند پايدار سپهر', 'lVal18AFC': 'پارند', 'flow': 1, 'cIsin': 'IRT1FPAF0008', 'zTitad': 10000000000.0, 'baseVol': 1, 'instrumentID': 'IRT1FPAF0001', 'cgrValCot': 'H1', 'cComVal': '4', 'sourceID': 1, 'flowTitle': 'بازار بورس', 'cgrValCotTitle': 'بازار صندوق های قابل معامله'}
2026-05-24 15:25:37 [DEBUG   ] urllib3.connectionpool: https://www.tsetmc.com:443 "GET /Loader.aspx?ParTree=15131W&i=70595828753641750 HTTP/1.1" 200 824
2026-05-24 15:25:37 [DEBUG   ] data_fetcher: Loader API for 70595828753641750: 824 bytes, preview: <!doctype html><html lang="en"><head><meta charset="utf-8"/><link rel="icon" href="/favicon.ico?v=2"
2026-05-24 15:25:37 [DEBUG   ] urllib3.connectionpool: https://cdn.tsetmc.com:443 "GET /api/ETF/ETFByInsCode/70595828753641750 HTTP/1.1" 200 824
2026-05-24 15:25:37 [DEBUG   ] urllib3.connectionpool: https://cdn.tsetmc.com:443 "GET /api/ETF/GetETFByInsCode/70595828753641750 HTTP/1.1" 200 824
2026-05-24 15:25:37 [DEBUG   ] urllib3.connectionpool: https://cdn.tsetmc.com:443 "GET /api/ETF/GetETFInfo/70595828753641750 HTTP/1.1" 200 824
2026-05-24 15:25:37 [DEBUG   ] urllib3.connectionpool: https://cdn.tsetmc.com:443 "GET /api/ETF/ETFByInsCode/31569200988534548 HTTP/1.1" 200 824
2026-05-24 15:25:37 [DEBUG   ] urllib3.connectionpool: https://cdn.tsetmc.com:443 "GET /api/Fund/GetFundInfo/70595828753641750 HTTP/1.1" 404 0
2026-05-24 15:25:37 [DEBUG   ] urllib3.connectionpool: https://cdn.tsetmc.com:443 "GET /api/ETF/GetETFByInsCode/31569200988534548 HTTP/1.1" 200 824
2026-05-24 15:25:37 [DEBUG   ] urllib3.connectionpool: https://cdn.tsetmc.com:443 "GET /api/Fund/GetFund/70595828753641750 HTTP/1.1" 404 0
2026-05-24 15:25:37 [DEBUG   ] urllib3.connectionpool: https://cdn.tsetmc.com:443 "GET /api/ETF/GetETFInfo/31569200988534548 HTTP/1.1" 200 824
2026-05-24 15:25:37 [DEBUG   ] urllib3.connectionpool: https://cdn.tsetmc.com:443 "GET /api/Fund/GetFundLastInfo/70595828753641750 HTTP/1.1" 404 0
2026-05-24 15:25:37 [DEBUG   ] urllib3.connectionpool: https://cdn.tsetmc.com:443 "GET /api/Fund/GetMutualFundByInsCode/70595828753641750 HTTP/1.1" 404 0
2026-05-24 15:25:37 [DEBUG   ] urllib3.connectionpool: https://cdn.tsetmc.com:443 "GET /api/Fund/GetFundInfo/31569200988534548 HTTP/1.1" 404 0
2026-05-24 15:25:37 [DEBUG   ] urllib3.connectionpool: https://cdn.tsetmc.com:443 "GET /api/Fund/GetFund/31569200988534548 HTTP/1.1" 404 0
2026-05-24 15:25:37 [DEBUG   ] urllib3.connectionpool: https://cdn.tsetmc.com:443 "GET /api/Fund/FundInfo/70595828753641750 HTTP/1.1" 404 0
2026-05-24 15:25:37 [DEBUG   ] urllib3.connectionpool: https://cdn.tsetmc.com:443 "GET /api/Fund/FundData/70595828753641750 HTTP/1.1" 404 0
2026-05-24 15:25:37 [DEBUG   ] urllib3.connectionpool: https://cdn.tsetmc.com:443 "GET /api/Fund/GetFundLastInfo/31569200988534548 HTTP/1.1" 404 0
2026-05-24 15:25:37 [DEBUG   ] urllib3.connectionpool: https://cdn.tsetmc.com:443 "GET /api/Fund/GetMutualFundByInsCode/31569200988534548 HTTP/1.1" 404 0
2026-05-24 15:25:37 [DEBUG   ] urllib3.connectionpool: https://www.tsetmc.com:443 "GET /instrument/70595828753641750 HTTP/1.1" 200 824
2026-05-24 15:25:37 [DEBUG   ] data_fetcher:   HTML page for 70595828753641750: 824 bytes
2026-05-24 15:25:37 [DEBUG   ] data_fetcher:   No NAV found in TSETMC HTML for ins_code=70595828753641750
2026-05-24 15:25:37 [DEBUG   ] urllib3.connectionpool: https://cdn.tsetmc.com:443 "GET /api/Fund/FundInfo/31569200988534548 HTTP/1.1" 404 0
2026-05-24 15:25:37 [DEBUG   ] urllib3.connectionpool: https://cdn.tsetmc.com:443 "GET /api/StaticThreshold/GetStaticThreshold/70595828753641750/0 HTTP/1.1" 200 824
2026-05-24 15:25:37 [DEBUG   ] data_fetcher:   No NAV found for ins_code=70595828753641750
2026-05-24 15:25:37 [DEBUG   ] urllib3.connectionpool: https://cdn.tsetmc.com:443 "GET /api/Fund/FundData/31569200988534548 HTTP/1.1" 404 0
2026-05-24 15:25:37 [DEBUG   ] urllib3.connectionpool: https://www.tsetmc.com:443 "GET /instrument/31569200988534548 HTTP/1.1" 200 824
2026-05-24 15:25:37 [DEBUG   ] data_fetcher:   HTML page for 31569200988534548: 824 bytes
2026-05-24 15:25:37 [DEBUG   ] data_fetcher:   No NAV found in TSETMC HTML for ins_code=31569200988534548
2026-05-24 15:25:37 [DEBUG   ] urllib3.connectionpool: https://cdn.tsetmc.com:443 "GET /api/StaticThreshold/GetStaticThreshold/31569200988534548/0 HTTP/1.1" 200 824
2026-05-24 15:25:37 [DEBUG   ] data_fetcher:   No NAV found for ins_code=31569200988534548
2026-05-24 15:25:37 [DEBUG   ] urllib3.connectionpool: https://cdn.tsetmc.com:443 "GET /api/BestLimits/70595828753641750 HTTP/1.1" 200 None
2026-05-24 15:25:37 [DEBUG   ] urllib3.connectionpool: https://cdn.tsetmc.com:443 "GET /api/BestLimits/31569200988534548 HTTP/1.1" 200 None
2026-05-24 15:25:37 [INFO    ] data_fetcher: [3/20] Fetching اعتماد ...
2026-05-24 15:25:37 [DEBUG   ] urllib3.connectionpool: https://cdn.tsetmc.com:443 "GET /api/ClosingPrice/GetClosingPriceInfo/66818022341772870 HTTP/1.1" 200 None
2026-05-24 15:25:37 [DEBUG   ] data_fetcher: ClosingPriceInfo top-level keys for 66818022341772870: ['closingPriceInfo']
2026-05-24 15:25:37 [DEBUG   ] data_fetcher: ClosingPriceInfo fields for 66818022341772870: {'instrumentState': {'idn': 0, 'dEven': 0, 'hEven': 0, 'insCode': None, 'lVal18AFC': None, 'lVal30': None, 'cEtaval': 'A ', 'realHeven': 0, 'underSupervision': 0, 'cEtavalTitle': 'مجاز'}, 'lastHEven': 145958, 'finalLastDate': 20260524, 'priceMin': 125749.0, 'priceMax': 125751.0, 'priceYesterday': 125588.0, 'priceFirst': 125749.0, 'insCode': '0', 'dEven': 20260524, 'hEven': 145958, 'pClosing': 125749.0, 'pDrCotVal': 125751.0, 'zTotTran': 1633.0, 'qTotTran5J': 67453069.0, 'qTotCap': 8482171404536.0}
2026-05-24 15:25:38 [INFO    ] data_fetcher: [7/20] Fetching آساس ...
2026-05-24 15:25:38 [DEBUG   ] urllib3.connectionpool: https://cdn.tsetmc.com:443 "GET /api/Instrument/GetInstrumentInfo/66818022341772870 HTTP/1.1" 200 None
2026-05-24 15:25:38 [DEBUG   ] data_fetcher: InstrumentInfo top-level keys for 66818022341772870: ['instrumentInfo']
2026-05-24 15:25:38 [DEBUG   ] data_fetcher: InstrumentInfo non-zero fields for 66818022341772870: {'eps': {'epsValue': None, 'estimatedEPS': None, 'sectorPE': 273.25, 'psr': 0.0}, 'sector': {'dEven': 0, 'cSecVal': '68 ', 'lSecVal': 'صندوق سرمايه گذاري قابل معامله'}, 'staticThreshold': {'insCode': None, 'dEven': 0, 'hEven': 0, 'psGelStaMax': 129355.0, 'psGelStaMin': 121821.0}, 'minWeek': 125285.0, 'maxWeek': 125589.0, 'minYear': 92551.0, 'maxYear': 125589.0, 'qTotTran5JAvg': 87433180.0, 'dEven': 20260524, 'faraDesc': 'نوع صندوق : در اوراق بهادار با درآمد ثابت', 'etfIssuedUnit': 2254145907.0, 'etfUnitDeven': 20260523, 'lVal18': 'Etemad Parsian ETF', 'yVal': '305', 'insCode': '66818022341772870', 'lVal30': 'صندوق س.اعتماد آفرين پارسيان-د', 'lVal18AFC': 'اعتماد', 'flow': 2, 'cIsin': 'IRT3FATF0002', 'zTitad': 4000000000.0, 'baseVol': 1, 'instrumentID': 'IRT3FATF0001', 'cgrValCot': '1A', 'cComVal': '4', 'sourceID': 2, 'flowTitle': 'بازار فرابورس', 'cgrValCotTitle': 'بازار ابزارهاي نوين مالي فرابورس'}
2026-05-24 15:25:38 [DEBUG   ] urllib3.connectionpool: https://cdn.tsetmc.com:443 "GET /api/Instrument/GetInstrumentSearch/%D8%A2%D8%B3%D8%A7%D8%B3 HTTP/1.1" 200 None
2026-05-24 15:25:38 [DEBUG   ] data_fetcher:   TSETMC search for 'آساس': 41 results → [('آساس', 'صندوق س.آسمان آرماني'), ('ضاساس1006', 'اختيارخ آساس-50000-1'), ('ضاساس1008', 'اختيارخ آساس-30000-1'), ('ضاساس1016', 'اختيارخ آساس-44000-1'), ('ضاساس1019', 'اختيارخ آساس-50000-1'), ('ضاساس1023', 'اختيارخ آساس-70000-1')]
2026-05-24 15:25:38 [INFO    ] data_fetcher:   ✓ [P0] ins_code for 'آساس': 66682662312253625 (آساس — صندوق س.آسمان آرماني سهام-س)
2026-05-24 15:25:38 [DEBUG   ] urllib3.connectionpool: https://www.tsetmc.com:443 "GET /Loader.aspx?ParTree=15131W&i=66818022341772870 HTTP/1.1" 200 824
2026-05-24 15:25:38 [DEBUG   ] data_fetcher: Loader API for 66818022341772870: 824 bytes, preview: <!doctype html><html lang="en"><head><meta charset="utf-8"/><link rel="icon" href="/favicon.ico?v=2"
2026-05-24 15:25:38 [DEBUG   ] urllib3.connectionpool: https://cdn.tsetmc.com:443 "GET /api/ClosingPrice/GetClosingPriceInfo/66682662312253625 HTTP/1.1" 200 None
2026-05-24 15:25:38 [DEBUG   ] data_fetcher: ClosingPriceInfo top-level keys for 66682662312253625: ['closingPriceInfo']
2026-05-24 15:25:38 [DEBUG   ] data_fetcher: ClosingPriceInfo fields for 66682662312253625: {'instrumentState': {'idn': 0, 'dEven': 0, 'hEven': 0, 'insCode': None, 'lVal18AFC': None, 'lVal30': None, 'cEtaval': 'A ', 'realHeven': 0, 'underSupervision': 0, 'cEtavalTitle': 'مجاز'}, 'lastHEven': 132903, 'finalLastDate': 20260524, 'priceMin': 59525.0, 'priceMax': 59525.0, 'priceYesterday': 57792.0, 'priceFirst': 59525.0, 'insCode': '0', 'dEven': 20260524, 'hEven': 132903, 'pClosing': 59525.0, 'pDrCotVal': 59525.0, 'zTotTran': 24.0, 'qTotTran5J': 27427.0, 'qTotCap': 1632592175.0}
2026-05-24 15:25:38 [DEBUG   ] urllib3.connectionpool: https://cdn.tsetmc.com:443 "GET /api/ETF/ETFByInsCode/66818022341772870 HTTP/1.1" 200 824
2026-05-24 15:25:38 [DEBUG   ] urllib3.connectionpool: https://cdn.tsetmc.com:443 "GET /api/ETF/GetETFByInsCode/66818022341772870 HTTP/1.1" 200 824
2026-05-24 15:25:38 [DEBUG   ] urllib3.connectionpool: https://cdn.tsetmc.com:443 "GET /api/ETF/GetETFInfo/66818022341772870 HTTP/1.1" 200 824
2026-05-24 15:25:38 [DEBUG   ] urllib3.connectionpool: https://cdn.tsetmc.com:443 "GET /api/Fund/GetFundInfo/66818022341772870 HTTP/1.1" 404 0
2026-05-24 15:25:38 [DEBUG   ] urllib3.connectionpool: https://cdn.tsetmc.com:443 "GET /api/Fund/GetFund/66818022341772870 HTTP/1.1" 404 0
2026-05-24 15:25:38 [DEBUG   ] urllib3.connectionpool: https://cdn.tsetmc.com:443 "GET /api/Instrument/GetInstrumentInfo/66682662312253625 HTTP/1.1" 200 None
2026-05-24 15:25:38 [DEBUG   ] data_fetcher: InstrumentInfo top-level keys for 66682662312253625: ['instrumentInfo']
2026-05-24 15:25:38 [DEBUG   ] data_fetcher: InstrumentInfo non-zero fields for 66682662312253625: {'eps': {'epsValue': None, 'estimatedEPS': None, 'sectorPE': 273.25, 'psr': 0.0}, 'sector': {'dEven': 0, 'cSecVal': '68 ', 'lSecVal': 'صندوق سرمايه گذاري قابل معامله'}, 'staticThreshold': {'insCode': None, 'dEven': 0, 'hEven': 0, 'psGelStaMax': 59525.0, 'psGelStaMin': 56059.0}, 'minWeek': 56041.0, 'maxWeek': 57792.0, 'minYear': 44108.0, 'maxYear': 70800.0, 'qTotTran5JAvg': 232212.0, 'dEven': 20260524, 'faraDesc': 'نوع صندوق : سهامی', 'etfIssuedUnit': 207939206.0, 'etfUnitDeven': 20260523, 'lVal18': 'Aseman Armani ETF', 'yVal': '305', 'insCode': '66682662312253625', 'lVal30': 'صندوق س.آسمان آرماني سهام-س', 'lVal18AFC': 'آساس', 'flow': 2, 'cIsin': 'IRT3SSAF0008', 'zTitad': 1000000000.0, 'baseVol': 1, 'instrumentID': 'IRT3SSAF0001', 'cgrValCot': 'T1', 'cComVal': '4', 'sourceID': 2, 'flowTitle': 'بازار فرابورس', 'cgrValCotTitle': 'بازار ابزارهاي نوين مالي فرابورس'}
2026-05-24 15:25:38 [DEBUG   ] urllib3.connectionpool: https://cdn.tsetmc.com:443 "GET /api/Fund/GetFundLastInfo/66818022341772870 HTTP/1.1" 404 0
2026-05-24 15:25:38 [DEBUG   ] urllib3.connectionpool: https://www.tsetmc.com:443 "GET /Loader.aspx?ParTree=15131W&i=66682662312253625 HTTP/1.1" 200 824
2026-05-24 15:25:38 [DEBUG   ] data_fetcher: Loader API for 66682662312253625: 824 bytes, preview: <!doctype html><html lang="en"><head><meta charset="utf-8"/><link rel="icon" href="/favicon.ico?v=2"
2026-05-24 15:25:38 [DEBUG   ] urllib3.connectionpool: https://cdn.tsetmc.com:443 "GET /api/Fund/GetMutualFundByInsCode/66818022341772870 HTTP/1.1" 404 0
2026-05-24 15:25:38 [DEBUG   ] urllib3.connectionpool: https://cdn.tsetmc.com:443 "GET /api/ETF/ETFByInsCode/66682662312253625 HTTP/1.1" 200 824
2026-05-24 15:25:38 [DEBUG   ] urllib3.connectionpool: https://cdn.tsetmc.com:443 "GET /api/Fund/FundInfo/66818022341772870 HTTP/1.1" 404 0
2026-05-24 15:25:38 [DEBUG   ] urllib3.connectionpool: https://cdn.tsetmc.com:443 "GET /api/ETF/GetETFByInsCode/66682662312253625 HTTP/1.1" 200 824
2026-05-24 15:25:38 [DEBUG   ] urllib3.connectionpool: https://cdn.tsetmc.com:443 "GET /api/Fund/FundData/66818022341772870 HTTP/1.1" 404 0
2026-05-24 15:25:38 [DEBUG   ] urllib3.connectionpool: https://cdn.tsetmc.com:443 "GET /api/ETF/GetETFInfo/66682662312253625 HTTP/1.1" 200 824
2026-05-24 15:25:38 [DEBUG   ] urllib3.connectionpool: https://www.tsetmc.com:443 "GET /instrument/66818022341772870 HTTP/1.1" 200 824
2026-05-24 15:25:38 [DEBUG   ] data_fetcher:   HTML page for 66818022341772870: 824 bytes
2026-05-24 15:25:38 [DEBUG   ] data_fetcher:   No NAV found in TSETMC HTML for ins_code=66818022341772870
2026-05-24 15:25:38 [DEBUG   ] urllib3.connectionpool: https://cdn.tsetmc.com:443 "GET /api/StaticThreshold/GetStaticThreshold/66818022341772870/0 HTTP/1.1" 200 824
2026-05-24 15:25:38 [DEBUG   ] data_fetcher:   No NAV found for ins_code=66818022341772870
2026-05-24 15:25:38 [DEBUG   ] urllib3.connectionpool: https://cdn.tsetmc.com:443 "GET /api/Fund/GetFundInfo/66682662312253625 HTTP/1.1" 404 0
2026-05-24 15:25:38 [DEBUG   ] urllib3.connectionpool: https://cdn.tsetmc.com:443 "GET /api/Fund/GetFund/66682662312253625 HTTP/1.1" 404 0
2026-05-24 15:25:38 [DEBUG   ] urllib3.connectionpool: https://cdn.tsetmc.com:443 "GET /api/Fund/GetFundLastInfo/66682662312253625 HTTP/1.1" 404 0
2026-05-24 15:25:38 [DEBUG   ] urllib3.connectionpool: https://cdn.tsetmc.com:443 "GET /api/Fund/GetMutualFundByInsCode/66682662312253625 HTTP/1.1" 404 0
2026-05-24 15:25:39 [DEBUG   ] urllib3.connectionpool: https://cdn.tsetmc.com:443 "GET /api/Fund/FundInfo/66682662312253625 HTTP/1.1" 404 0
2026-05-24 15:25:39 [DEBUG   ] urllib3.connectionpool: https://cdn.tsetmc.com:443 "GET /api/BestLimits/66818022341772870 HTTP/1.1" 200 None
2026-05-24 15:25:39 [DEBUG   ] urllib3.connectionpool: https://cdn.tsetmc.com:443 "GET /api/Fund/FundData/66682662312253625 HTTP/1.1" 404 0
2026-05-24 15:25:39 [DEBUG   ] urllib3.connectionpool: https://www.tsetmc.com:443 "GET /instrument/66682662312253625 HTTP/1.1" 200 824
2026-05-24 15:25:39 [DEBUG   ] data_fetcher:   HTML page for 66682662312253625: 824 bytes
2026-05-24 15:25:39 [DEBUG   ] data_fetcher:   No NAV found in TSETMC HTML for ins_code=66682662312253625
2026-05-24 15:25:39 [DEBUG   ] urllib3.connectionpool: https://cdn.tsetmc.com:443 "GET /api/StaticThreshold/GetStaticThreshold/66682662312253625/0 HTTP/1.1" 200 824
2026-05-24 15:25:39 [DEBUG   ] data_fetcher:   No NAV found for ins_code=66682662312253625
2026-05-24 15:25:39 [INFO    ] data_fetcher: [4/20] Fetching کمند ...
2026-05-24 15:25:39 [DEBUG   ] urllib3.connectionpool: https://cdn.tsetmc.com:443 "GET /api/ClosingPrice/GetClosingPriceInfo/34718633636164421 HTTP/1.1" 200 None
2026-05-24 15:25:39 [DEBUG   ] data_fetcher: ClosingPriceInfo top-level keys for 34718633636164421: ['closingPriceInfo']
2026-05-24 15:25:39 [DEBUG   ] data_fetcher: ClosingPriceInfo fields for 34718633636164421: {'instrumentState': {'idn': 0, 'dEven': 0, 'hEven': 0, 'insCode': None, 'lVal18AFC': None, 'lVal30': None, 'cEtaval': 'A ', 'realHeven': 0, 'underSupervision': 0, 'cEtavalTitle': 'مجاز'}, 'lastHEven': 145941, 'finalLastDate': 20260524, 'priceMin': 10162.0, 'priceMax': 10163.0, 'priceYesterday': 10152.0, 'priceFirst': 10162.0, 'insCode': '0', 'dEven': 20260524, 'hEven': 145941, 'pClosing': 10162.0, 'pDrCotVal': 10163.0, 'zTotTran': 1382.0, 'qTotTran5J': 154725894.0, 'qTotCap': 1572364912502.0}
2026-05-24 15:25:39 [DEBUG   ] urllib3.connectionpool: https://cdn.tsetmc.com:443 "GET /api/BestLimits/66682662312253625 HTTP/1.1" 200 None
2026-05-24 15:25:39 [DEBUG   ] urllib3.connectionpool: https://cdn.tsetmc.com:443 "GET /api/Instrument/GetInstrumentInfo/34718633636164421 HTTP/1.1" 200 None
2026-05-24 15:25:39 [DEBUG   ] data_fetcher: InstrumentInfo top-level keys for 34718633636164421: ['instrumentInfo']
2026-05-24 15:25:39 [DEBUG   ] data_fetcher: InstrumentInfo non-zero fields for 34718633636164421: {'eps': {'epsValue': None, 'estimatedEPS': None, 'sectorPE': 0.0, 'psr': 0.0}, 'sector': {'dEven': 0, 'cSecVal': '68 ', 'lSecVal': 'صندوق سرمايه گذاري قابل معامله'}, 'staticThreshold': {'insCode': None, 'dEven': 0, 'hEven': 0, 'psGelStaMax': 10456.0, 'psGelStaMin': 9848.0}, 'minWeek': 10123.0, 'maxWeek': 10153.0, 'minYear': 10000.0, 'maxYear': 10274.0, 'qTotTran5JAvg': 246704726.0, 'dEven': 20260524, 'faraDesc': 'نوع صندوق: در اوراق بهادار با درآمد ثابت', 'etfIssuedUnit': 7716800000.0, 'etfUnitDeven': 20260523, 'lVal18': 'Kamand ETF', 'yVal': '305', 'insCode': '34718633636164421', 'lVal30': 'صندوق س. با درآمد ثابت كمند', 'lVal18AFC': 'كمند', 'flow': 1, 'cIsin': 'IRT1KMND0001', 'zTitad': 10000000000.0, 'baseVol': 1, 'instrumentID': 'IRT1KMND0001', 'cgrValCot': 'H1', 'cComVal': '4', 'sourceID': 1, 'flowTitle': 'بازار بورس', 'cgrValCotTitle': 'بازار صندوق های قابل معامله'}
2026-05-24 15:25:39 [DEBUG   ] urllib3.connectionpool: https://www.tsetmc.com:443 "GET /Loader.aspx?ParTree=15131W&i=34718633636164421 HTTP/1.1" 200 824
2026-05-24 15:25:39 [DEBUG   ] data_fetcher: Loader API for 34718633636164421: 824 bytes, preview: <!doctype html><html lang="en"><head><meta charset="utf-8"/><link rel="icon" href="/favicon.ico?v=2"
2026-05-24 15:25:39 [INFO    ] data_fetcher: [8/20] Fetching آفاق ...
2026-05-24 15:25:39 [DEBUG   ] urllib3.connectionpool: https://cdn.tsetmc.com:443 "GET /api/ETF/ETFByInsCode/34718633636164421 HTTP/1.1" 200 824
2026-05-24 15:25:39 [DEBUG   ] urllib3.connectionpool: https://cdn.tsetmc.com:443 "GET /api/ETF/GetETFByInsCode/34718633636164421 HTTP/1.1" 200 824
2026-05-24 15:25:39 [DEBUG   ] urllib3.connectionpool: https://cdn.tsetmc.com:443 "GET /api/ETF/GetETFInfo/34718633636164421 HTTP/1.1" 200 824
2026-05-24 15:25:39 [DEBUG   ] urllib3.connectionpool: https://cdn.tsetmc.com:443 "GET /api/Instrument/GetInstrumentSearch/%D8%A2%D9%81%D8%A7%D9%82 HTTP/1.1" 200 None
2026-05-24 15:25:39 [DEBUG   ] data_fetcher:   TSETMC search for 'آفاق': 1 results → [('آفاق', 'صندوق س نوع دوم افق ')]
2026-05-24 15:25:39 [INFO    ] data_fetcher:   ✓ [P0] ins_code for 'آفاق': 37073830945037165 (آفاق — صندوق س نوع دوم افق آتي-ثابت)
2026-05-24 15:25:39 [DEBUG   ] urllib3.connectionpool: https://cdn.tsetmc.com:443 "GET /api/Fund/GetFundInfo/34718633636164421 HTTP/1.1" 404 0
2026-05-24 15:25:39 [DEBUG   ] urllib3.connectionpool: https://cdn.tsetmc.com:443 "GET /api/ClosingPrice/GetClosingPriceInfo/37073830945037165 HTTP/1.1" 200 None
2026-05-24 15:25:39 [DEBUG   ] data_fetcher: ClosingPriceInfo top-level keys for 37073830945037165: ['closingPriceInfo']
2026-05-24 15:25:39 [DEBUG   ] data_fetcher: ClosingPriceInfo fields for 37073830945037165: {'instrumentState': {'idn': 0, 'dEven': 0, 'hEven': 0, 'insCode': None, 'lVal18AFC': None, 'lVal30': None, 'cEtaval': 'A ', 'realHeven': 0, 'underSupervision': 0, 'cEtavalTitle': 'مجاز'}, 'lastHEven': 145856, 'finalLastDate': 20260524, 'priceMin': 10649.0, 'priceMax': 10650.0, 'priceYesterday': 10635.0, 'priceFirst': 10649.0, 'insCode': '0', 'dEven': 20260524, 'hEven': 145856, 'pClosing': 10649.0, 'pDrCotVal': 10649.0, 'zTotTran': 663.0, 'qTotTran5J': 311268238.0, 'qTotCap': 3314698949031.0}
2026-05-24 15:25:39 [DEBUG   ] urllib3.connectionpool: https://cdn.tsetmc.com:443 "GET /api/Fund/GetFund/34718633636164421 HTTP/1.1" 404 0
2026-05-24 15:25:39 [DEBUG   ] urllib3.connectionpool: https://cdn.tsetmc.com:443 "GET /api/Fund/GetFundLastInfo/34718633636164421 HTTP/1.1" 404 0
2026-05-24 15:25:39 [DEBUG   ] urllib3.connectionpool: https://cdn.tsetmc.com:443 "GET /api/Fund/GetMutualFundByInsCode/34718633636164421 HTTP/1.1" 404 0
2026-05-24 15:25:40 [DEBUG   ] urllib3.connectionpool: https://cdn.tsetmc.com:443 "GET /api/Fund/FundInfo/34718633636164421 HTTP/1.1" 404 0
2026-05-24 15:25:40 [DEBUG   ] urllib3.connectionpool: https://cdn.tsetmc.com:443 "GET /api/Fund/FundData/34718633636164421 HTTP/1.1" 404 0
2026-05-24 15:25:40 [DEBUG   ] urllib3.connectionpool: https://cdn.tsetmc.com:443 "GET /api/Instrument/GetInstrumentInfo/37073830945037165 HTTP/1.1" 200 None
2026-05-24 15:25:40 [DEBUG   ] data_fetcher: InstrumentInfo top-level keys for 37073830945037165: ['instrumentInfo']
2026-05-24 15:25:40 [DEBUG   ] data_fetcher: InstrumentInfo non-zero fields for 37073830945037165: {'eps': {'epsValue': None, 'estimatedEPS': None, 'sectorPE': 0.0, 'psr': 0.0}, 'sector': {'dEven': 0, 'cSecVal': '68 ', 'lSecVal': 'صندوق سرمايه گذاري قابل معامله'}, 'staticThreshold': {'insCode': None, 'dEven': 0, 'hEven': 0, 'psGelStaMax': 10954.0, 'psGelStaMin': 10316.0}, 'minWeek': 10605.0, 'maxWeek': 10636.0, 'minYear': 10008.0, 'maxYear': 10636.0, 'qTotTran5JAvg': 184335692.0, 'dEven': 20260524, 'faraDesc': 'نوع صندوق: در اوراق بهادار با درآمد ثابت', 'etfIssuedUnit': 2832436078.0, 'etfUnitDeven': 20260523, 'lVal18': 'AFAGH ETF Sabet', 'yVal': '305', 'insCode': '37073830945037165', 'lVal30': 'صندوق س نوع دوم افق آتي-ثابت', 'lVal18AFC': 'آفاق', 'flow': 1, 'cIsin': 'IRT1AFAG0004', 'zTitad': 4000000000.0, 'baseVol': 1, 'instrumentID': 'IRT1AFAG0001', 'cgrValCot': 'H1', 'cComVal': '4', 'sourceID': 1, 'flowTitle': 'بازار بورس', 'cgrValCotTitle': 'بازار صندوق های قابل معامله'}
2026-05-24 15:25:40 [DEBUG   ] urllib3.connectionpool: Starting new HTTPS connection (2): www.tsetmc.com:443
2026-05-24 15:25:40 [DEBUG   ] urllib3.connectionpool: https://www.tsetmc.com:443 "GET /instrument/34718633636164421 HTTP/1.1" 200 824
2026-05-24 15:25:40 [DEBUG   ] data_fetcher:   HTML page for 34718633636164421: 824 bytes
2026-05-24 15:25:40 [DEBUG   ] data_fetcher:   No NAV found in TSETMC HTML for ins_code=34718633636164421
2026-05-24 15:25:40 [DEBUG   ] urllib3.connectionpool: https://cdn.tsetmc.com:443 "GET /api/StaticThreshold/GetStaticThreshold/34718633636164421/0 HTTP/1.1" 200 824
2026-05-24 15:25:40 [DEBUG   ] data_fetcher:   No NAV found for ins_code=34718633636164421
2026-05-24 15:25:40 [DEBUG   ] urllib3.connectionpool: https://cdn.tsetmc.com:443 "GET /api/BestLimits/34718633636164421 HTTP/1.1" 200 None
2026-05-24 15:25:40 [DEBUG   ] urllib3.connectionpool: https://www.tsetmc.com:443 "GET /Loader.aspx?ParTree=15131W&i=37073830945037165 HTTP/1.1" 200 824
2026-05-24 15:25:40 [DEBUG   ] data_fetcher: Loader API for 37073830945037165: 824 bytes, preview: <!doctype html><html lang="en"><head><meta charset="utf-8"/><link rel="icon" href="/favicon.ico?v=2"
2026-05-24 15:25:40 [INFO    ] data_fetcher: [5/20] Fetching افران ...
2026-05-24 15:25:40 [DEBUG   ] urllib3.connectionpool: https://cdn.tsetmc.com:443 "GET /api/ETF/ETFByInsCode/37073830945037165 HTTP/1.1" 200 824
2026-05-24 15:25:40 [DEBUG   ] urllib3.connectionpool: https://cdn.tsetmc.com:443 "GET /api/ClosingPrice/GetClosingPriceInfo/3846143218462419 HTTP/1.1" 200 None
2026-05-24 15:25:40 [DEBUG   ] data_fetcher: ClosingPriceInfo top-level keys for 3846143218462419: ['closingPriceInfo']
2026-05-24 15:25:40 [DEBUG   ] data_fetcher: ClosingPriceInfo fields for 3846143218462419: {'instrumentState': {'idn': 0, 'dEven': 0, 'hEven': 0, 'insCode': None, 'lVal18AFC': None, 'lVal30': None, 'cEtaval': 'A ', 'realHeven': 0, 'underSupervision': 0, 'cEtavalTitle': 'مجاز'}, 'lastHEven': 145959, 'finalLastDate': 20260524, 'priceMin': 48336.0, 'priceMax': 48337.0, 'priceYesterday': 48271.0, 'priceFirst': 48336.0, 'insCode': '0', 'dEven': 20260524, 'hEven': 145959, 'pClosing': 48336.0, 'pDrCotVal': 48336.0, 'zTotTran': 11739.0, 'qTotTran5J': 357923580.0, 'qTotCap': 17300691788811.0}
2026-05-24 15:25:40 [DEBUG   ] urllib3.connectionpool: https://cdn.tsetmc.com:443 "GET /api/ETF/GetETFByInsCode/37073830945037165 HTTP/1.1" 200 824
2026-05-24 15:25:40 [DEBUG   ] urllib3.connectionpool: https://cdn.tsetmc.com:443 "GET /api/ETF/GetETFInfo/37073830945037165 HTTP/1.1" 200 824
2026-05-24 15:25:40 [DEBUG   ] urllib3.connectionpool: https://cdn.tsetmc.com:443 "GET /api/Fund/GetFundInfo/37073830945037165 HTTP/1.1" 404 0
2026-05-24 15:25:40 [DEBUG   ] urllib3.connectionpool: https://cdn.tsetmc.com:443 "GET /api/Fund/GetFund/37073830945037165 HTTP/1.1" 404 0
2026-05-24 15:25:40 [DEBUG   ] urllib3.connectionpool: https://cdn.tsetmc.com:443 "GET /api/Instrument/GetInstrumentInfo/3846143218462419 HTTP/1.1" 200 None
2026-05-24 15:25:40 [DEBUG   ] data_fetcher: InstrumentInfo top-level keys for 3846143218462419: ['instrumentInfo']
2026-05-24 15:25:40 [DEBUG   ] data_fetcher: InstrumentInfo non-zero fields for 3846143218462419: {'eps': {'epsValue': None, 'estimatedEPS': None, 'sectorPE': 0.0, 'psr': 0.0}, 'sector': {'dEven': 0, 'cSecVal': '68 ', 'lSecVal': 'صندوق سرمايه گذاري قابل معامله'}, 'staticThreshold': {'insCode': None, 'dEven': 0, 'hEven': 0, 'psGelStaMax': 49719.0, 'psGelStaMin': 46823.0}, 'minWeek': 48136.0, 'maxWeek': 48272.0, 'minYear': 35267.0, 'maxYear': 48272.0, 'qTotTran5JAvg': 343152103.0, 'dEven': 20260524, 'faraDesc': 'نوع صندوق: در اوراق بهادار با درآمد ثابت', 'etfIssuedUnit': 7757999010.0, 'etfUnitDeven': 20260523, 'lVal18': 'Afra Namad ETF', 'yVal': '305', 'insCode': '3846143218462419', 'lVal30': 'صندوق س افرا نماد پايدار-ثابت', 'lVal18AFC': 'افران', 'flow': 1, 'cIsin': 'IRT1AFRN0006', 'zTitad': 8540000000.0, 'baseVol': 1, 'instrumentID': 'IRT1AFRN0001', 'cgrValCot': 'H1', 'cComVal': '4', 'sourceID': 1, 'flowTitle': 'بازار بورس', 'cgrValCotTitle': 'بازار صندوق های قابل معامله'}
2026-05-24 15:25:40 [DEBUG   ] urllib3.connectionpool: https://cdn.tsetmc.com:443 "GET /api/Fund/GetFundLastInfo/37073830945037165 HTTP/1.1" 404 0
2026-05-24 15:25:40 [DEBUG   ] urllib3.connectionpool: https://www.tsetmc.com:443 "GET /Loader.aspx?ParTree=15131W&i=3846143218462419 HTTP/1.1" 200 824
2026-05-24 15:25:40 [DEBUG   ] data_fetcher: Loader API for 3846143218462419: 824 bytes, preview: <!doctype html><html lang="en"><head><meta charset="utf-8"/><link rel="icon" href="/favicon.ico?v=2"
2026-05-24 15:25:40 [DEBUG   ] urllib3.connectionpool: https://cdn.tsetmc.com:443 "GET /api/Fund/GetMutualFundByInsCode/37073830945037165 HTTP/1.1" 404 0
2026-05-24 15:25:40 [DEBUG   ] urllib3.connectionpool: https://cdn.tsetmc.com:443 "GET /api/ETF/ETFByInsCode/3846143218462419 HTTP/1.1" 200 824
2026-05-24 15:25:40 [DEBUG   ] urllib3.connectionpool: https://cdn.tsetmc.com:443 "GET /api/ETF/GetETFByInsCode/3846143218462419 HTTP/1.1" 200 824
2026-05-24 15:25:40 [DEBUG   ] urllib3.connectionpool: https://cdn.tsetmc.com:443 "GET /api/Fund/FundInfo/37073830945037165 HTTP/1.1" 404 0
2026-05-24 15:25:41 [DEBUG   ] urllib3.connectionpool: https://cdn.tsetmc.com:443 "GET /api/Fund/FundData/37073830945037165 HTTP/1.1" 404 0
2026-05-24 15:25:41 [DEBUG   ] urllib3.connectionpool: https://cdn.tsetmc.com:443 "GET /api/ETF/GetETFInfo/3846143218462419 HTTP/1.1" 200 824
2026-05-24 15:25:41 [DEBUG   ] urllib3.connectionpool: https://cdn.tsetmc.com:443 "GET /api/Fund/GetFundInfo/3846143218462419 HTTP/1.1" 404 0
2026-05-24 15:25:41 [DEBUG   ] urllib3.connectionpool: https://www.tsetmc.com:443 "GET /instrument/37073830945037165 HTTP/1.1" 200 824
2026-05-24 15:25:41 [DEBUG   ] data_fetcher:   HTML page for 37073830945037165: 824 bytes
2026-05-24 15:25:41 [DEBUG   ] data_fetcher:   No NAV found in TSETMC HTML for ins_code=37073830945037165
2026-05-24 15:25:41 [DEBUG   ] urllib3.connectionpool: https://cdn.tsetmc.com:443 "GET /api/StaticThreshold/GetStaticThreshold/37073830945037165/0 HTTP/1.1" 200 824
2026-05-24 15:25:41 [DEBUG   ] urllib3.connectionpool: https://cdn.tsetmc.com:443 "GET /api/Fund/GetFund/3846143218462419 HTTP/1.1" 404 0
2026-05-24 15:25:41 [DEBUG   ] data_fetcher:   No NAV found for ins_code=37073830945037165
2026-05-24 15:25:41 [DEBUG   ] urllib3.connectionpool: https://cdn.tsetmc.com:443 "GET /api/Fund/GetFundLastInfo/3846143218462419 HTTP/1.1" 404 0
2026-05-24 15:25:41 [DEBUG   ] urllib3.connectionpool: https://cdn.tsetmc.com:443 "GET /api/Fund/GetMutualFundByInsCode/3846143218462419 HTTP/1.1" 404 0
2026-05-24 15:25:41 [DEBUG   ] urllib3.connectionpool: https://cdn.tsetmc.com:443 "GET /api/Fund/FundInfo/3846143218462419 HTTP/1.1" 404 0
2026-05-24 15:25:41 [DEBUG   ] urllib3.connectionpool: https://cdn.tsetmc.com:443 "GET /api/Fund/FundData/3846143218462419 HTTP/1.1" 404 0
2026-05-24 15:25:41 [DEBUG   ] urllib3.connectionpool: https://cdn.tsetmc.com:443 "GET /api/BestLimits/37073830945037165 HTTP/1.1" 200 None
2026-05-24 15:25:41 [DEBUG   ] urllib3.connectionpool: https://www.tsetmc.com:443 "GET /instrument/3846143218462419 HTTP/1.1" 200 824
2026-05-24 15:25:41 [DEBUG   ] data_fetcher:   HTML page for 3846143218462419: 824 bytes
2026-05-24 15:25:41 [DEBUG   ] data_fetcher:   No NAV found in TSETMC HTML for ins_code=3846143218462419
2026-05-24 15:25:41 [DEBUG   ] urllib3.connectionpool: https://cdn.tsetmc.com:443 "GET /api/StaticThreshold/GetStaticThreshold/3846143218462419/0 HTTP/1.1" 200 824
2026-05-24 15:25:41 [DEBUG   ] data_fetcher:   No NAV found for ins_code=3846143218462419
2026-05-24 15:25:41 [INFO    ] data_fetcher: [9/20] Fetching گنجین ...
2026-05-24 15:25:41 [DEBUG   ] urllib3.connectionpool: https://cdn.tsetmc.com:443 "GET /api/BestLimits/3846143218462419 HTTP/1.1" 200 None
2026-05-24 15:25:41 [DEBUG   ] urllib3.connectionpool: https://cdn.tsetmc.com:443 "GET /api/Instrument/GetInstrumentSearch/%DA%AF%D9%86%D8%AC%DB%8C%D9%86 HTTP/1.1" 200 None
2026-05-24 15:25:41 [DEBUG   ] data_fetcher:   TSETMC search for 'گنجین': 7 results → [('گنجين', 'صندوق س. گنجينه يكم '), ('آس', 'صندوق س. گنجينه ارمغ'), ('آسان', 'صندوق س.درآمدثابت گن'), ('خليج', 'صندوق س.گنجينه مينوخ'), ('صايند', 'صندوق س. گنجينه آيند'), ('گنجينه', 'صندوق س. گنجينه داري')]
2026-05-24 15:25:41 [INFO    ] data_fetcher:   ✓ [P0] ins_code for 'گنجین': 57728534324022361 (گنجين — صندوق س. گنجينه يكم آويد-د)
2026-05-24 15:25:41 [DEBUG   ] urllib3.connectionpool: https://cdn.tsetmc.com:443 "GET /api/ClosingPrice/GetClosingPriceInfo/57728534324022361 HTTP/1.1" 200 None
2026-05-24 15:25:41 [DEBUG   ] data_fetcher: ClosingPriceInfo top-level keys for 57728534324022361: ['closingPriceInfo']
2026-05-24 15:25:41 [DEBUG   ] data_fetcher: ClosingPriceInfo fields for 57728534324022361: {'instrumentState': {'idn': 0, 'dEven': 0, 'hEven': 0, 'insCode': None, 'lVal18AFC': None, 'lVal30': None, 'cEtaval': 'A ', 'realHeven': 0, 'underSupervision': 0, 'cEtavalTitle': 'مجاز'}, 'lastHEven': 144502, 'finalLastDate': 20260524, 'priceMin': 38477.0, 'priceMax': 38478.0, 'priceYesterday': 38428.0, 'priceFirst': 38477.0, 'insCode': '0', 'dEven': 20260524, 'hEven': 144502, 'pClosing': 38477.0, 'pDrCotVal': 38477.0, 'zTotTran': 97.0, 'qTotTran5J': 31521911.0, 'qTotCap': 1212869049843.0}
2026-05-24 15:25:41 [INFO    ] data_fetcher: [6/20] Fetching لبخند ...
2026-05-24 15:25:41 [DEBUG   ] urllib3.connectionpool: https://cdn.tsetmc.com:443 "GET /api/ClosingPrice/GetClosingPriceInfo/31569200988534548 HTTP/1.1" 200 None
2026-05-24 15:25:41 [DEBUG   ] data_fetcher: ClosingPriceInfo top-level keys for 31569200988534548: ['closingPriceInfo']
2026-05-24 15:25:41 [DEBUG   ] data_fetcher: ClosingPriceInfo fields for 31569200988534548: {'instrumentState': {'idn': 0, 'dEven': 0, 'hEven': 0, 'insCode': None, 'lVal18AFC': None, 'lVal30': None, 'cEtaval': 'A ', 'realHeven': 0, 'underSupervision': 0, 'cEtavalTitle': 'مجاز'}, 'lastHEven': 145959, 'finalLastDate': 20260524, 'priceMin': 27676.0, 'priceMax': 27677.0, 'priceYesterday': 27633.0, 'priceFirst': 27676.0, 'insCode': '0', 'dEven': 20260524, 'hEven': 145959, 'pClosing': 27676.0, 'pDrCotVal': 27677.0, 'zTotTran': 8212.0, 'qTotTran5J': 656381178.0, 'qTotCap': 18166213624017.0}
2026-05-24 15:25:42 [DEBUG   ] urllib3.connectionpool: https://cdn.tsetmc.com:443 "GET /api/Instrument/GetInstrumentInfo/57728534324022361 HTTP/1.1" 200 None
2026-05-24 15:25:42 [DEBUG   ] data_fetcher: InstrumentInfo top-level keys for 57728534324022361: ['instrumentInfo']
2026-05-24 15:25:42 [DEBUG   ] data_fetcher: InstrumentInfo non-zero fields for 57728534324022361: {'eps': {'epsValue': None, 'estimatedEPS': None, 'sectorPE': 273.25, 'psr': 0.0}, 'sector': {'dEven': 0, 'cSecVal': '68 ', 'lSecVal': 'صندوق سرمايه گذاري قابل معامله'}, 'staticThreshold': {'insCode': None, 'dEven': 0, 'hEven': 0, 'psGelStaMax': 39580.0, 'psGelStaMin': 37276.0}, 'minWeek': 38333.0, 'maxWeek': 38429.0, 'minYear': 28122.0, 'maxYear': 38429.0, 'qTotTran5JAvg': 14339818.0, 'dEven': 20260524, 'faraDesc': 'نوع صندوق : در اوراق بهادار با درآمد ثابت', 'etfIssuedUnit': 1119988798.0, 'etfUnitDeven': 20260523, 'lVal18': 'GanjinehAvid1 ETF', 'yVal': '305', 'insCode': '57728534324022361', 'lVal30': 'صندوق س. گنجينه يكم آويد-د', 'lVal18AFC': 'گنجين', 'flow': 2, 'cIsin': 'IRT3GJAF0003', 'zTitad': 2000000000.0, 'baseVol': 1, 'instrumentID': 'IRT3GJAF0001', 'cgrValCot': '1A', 'cComVal': '4', 'sourceID': 2, 'flowTitle': 'بازار فرابورس', 'cgrValCotTitle': 'بازار ابزارهاي نوين مالي فرابورس'}
2026-05-24 15:25:42 [DEBUG   ] urllib3.connectionpool: https://cdn.tsetmc.com:443 "GET /api/Instrument/GetInstrumentInfo/31569200988534548 HTTP/1.1" 200 None
2026-05-24 15:25:42 [DEBUG   ] data_fetcher: InstrumentInfo top-level keys for 31569200988534548: ['instrumentInfo']
2026-05-24 15:25:42 [DEBUG   ] data_fetcher: InstrumentInfo non-zero fields for 31569200988534548: {'eps': {'epsValue': None, 'estimatedEPS': None, 'sectorPE': 273.25, 'psr': 0.0}, 'sector': {'dEven': 0, 'cSecVal': '68 ', 'lSecVal': 'صندوق سرمايه گذاري قابل معامله'}, 'staticThreshold': {'insCode': None, 'dEven': 0, 'hEven': 0, 'psGelStaMax': 28461.0, 'psGelStaMin': 26805.0}, 'minWeek': 27552.0, 'maxWeek': 27634.0, 'minYear': 20220.0, 'maxYear': 27634.0, 'qTotTran5JAvg': 410676381.0, 'dEven': 20260524, 'faraDesc': 'نوع صندوق : در اوراق بهادار با درآمد ثابت', 'etfIssuedUnit': 8530600000.0, 'etfUnitDeven': 20260523, 'lVal18': 'Labkhand ETF', 'yVal': '305', 'insCode': '31569200988534548', 'lVal30': 'صندوق س. لبخند فارابي-د', 'lVal18AFC': 'لبخند', 'flow': 2, 'cIsin': 'IRT3LABF0004', 'zTitad': 8700000000.0, 'baseVol': 1, 'instrumentID': 'IRT3LABF0001', 'cgrValCot': '1A', 'cComVal': '4', 'sourceID': 2, 'flowTitle': 'بازار فرابورس', 'cgrValCotTitle': 'بازار ابزارهاي نوين مالي فرابورس'}
2026-05-24 15:25:42 [DEBUG   ] urllib3.connectionpool: https://www.tsetmc.com:443 "GET /Loader.aspx?ParTree=15131W&i=57728534324022361 HTTP/1.1" 200 824
2026-05-24 15:25:42 [DEBUG   ] data_fetcher: Loader API for 57728534324022361: 824 bytes, preview: <!doctype html><html lang="en"><head><meta charset="utf-8"/><link rel="icon" href="/favicon.ico?v=2"
2026-05-24 15:25:42 [DEBUG   ] urllib3.connectionpool: https://www.tsetmc.com:443 "GET /Loader.aspx?ParTree=15131W&i=31569200988534548 HTTP/1.1" 200 824
2026-05-24 15:25:42 [DEBUG   ] data_fetcher: Loader API for 31569200988534548: 824 bytes, preview: <!doctype html><html lang="en"><head><meta charset="utf-8"/><link rel="icon" href="/favicon.ico?v=2"
2026-05-24 15:25:42 [DEBUG   ] urllib3.connectionpool: https://cdn.tsetmc.com:443 "GET /api/ETF/ETFByInsCode/57728534324022361 HTTP/1.1" 200 824
2026-05-24 15:25:42 [DEBUG   ] urllib3.connectionpool: https://cdn.tsetmc.com:443 "GET /api/ETF/GetETFByInsCode/57728534324022361 HTTP/1.1" 200 824
2026-05-24 15:25:42 [DEBUG   ] urllib3.connectionpool: https://cdn.tsetmc.com:443 "GET /api/ETF/ETFByInsCode/31569200988534548 HTTP/1.1" 200 824
2026-05-24 15:25:42 [DEBUG   ] urllib3.connectionpool: https://cdn.tsetmc.com:443 "GET /api/ETF/GetETFByInsCode/31569200988534548 HTTP/1.1" 200 824
2026-05-24 15:25:42 [DEBUG   ] urllib3.connectionpool: https://cdn.tsetmc.com:443 "GET /api/ETF/GetETFInfo/57728534324022361 HTTP/1.1" 200 824
2026-05-24 15:25:42 [DEBUG   ] urllib3.connectionpool: https://cdn.tsetmc.com:443 "GET /api/ETF/GetETFInfo/31569200988534548 HTTP/1.1" 200 824
2026-05-24 15:25:42 [DEBUG   ] urllib3.connectionpool: https://cdn.tsetmc.com:443 "GET /api/Fund/GetFundInfo/57728534324022361 HTTP/1.1" 404 0
2026-05-24 15:25:42 [DEBUG   ] urllib3.connectionpool: https://cdn.tsetmc.com:443 "GET /api/Fund/GetFundInfo/31569200988534548 HTTP/1.1" 404 0
2026-05-24 15:25:42 [DEBUG   ] urllib3.connectionpool: https://cdn.tsetmc.com:443 "GET /api/Fund/GetFund/57728534324022361 HTTP/1.1" 404 0
2026-05-24 15:25:42 [DEBUG   ] urllib3.connectionpool: https://cdn.tsetmc.com:443 "GET /api/Fund/GetFund/31569200988534548 HTTP/1.1" 404 0
2026-05-24 15:25:42 [DEBUG   ] urllib3.connectionpool: https://cdn.tsetmc.com:443 "GET /api/Fund/GetFundLastInfo/57728534324022361 HTTP/1.1" 404 0
2026-05-24 15:25:42 [DEBUG   ] urllib3.connectionpool: https://cdn.tsetmc.com:443 "GET /api/Fund/GetFundLastInfo/31569200988534548 HTTP/1.1" 404 0
2026-05-24 15:25:42 [DEBUG   ] urllib3.connectionpool: https://cdn.tsetmc.com:443 "GET /api/Fund/GetMutualFundByInsCode/57728534324022361 HTTP/1.1" 404 0
2026-05-24 15:25:42 [DEBUG   ] urllib3.connectionpool: https://cdn.tsetmc.com:443 "GET /api/Fund/GetMutualFundByInsCode/31569200988534548 HTTP/1.1" 404 0
2026-05-24 15:25:42 [DEBUG   ] urllib3.connectionpool: https://cdn.tsetmc.com:443 "GET /api/Fund/FundInfo/57728534324022361 HTTP/1.1" 404 0
2026-05-24 15:25:42 [DEBUG   ] urllib3.connectionpool: https://cdn.tsetmc.com:443 "GET /api/Fund/FundInfo/31569200988534548 HTTP/1.1" 404 0
2026-05-24 15:25:42 [DEBUG   ] urllib3.connectionpool: https://cdn.tsetmc.com:443 "GET /api/Fund/FundData/57728534324022361 HTTP/1.1" 404 0
2026-05-24 15:25:42 [DEBUG   ] urllib3.connectionpool: https://cdn.tsetmc.com:443 "GET /api/Fund/FundData/31569200988534548 HTTP/1.1" 404 0
2026-05-24 15:25:42 [DEBUG   ] urllib3.connectionpool: https://www.tsetmc.com:443 "GET /instrument/57728534324022361 HTTP/1.1" 200 824
2026-05-24 15:25:42 [DEBUG   ] data_fetcher:   HTML page for 57728534324022361: 824 bytes
2026-05-24 15:25:42 [DEBUG   ] data_fetcher:   No NAV found in TSETMC HTML for ins_code=57728534324022361
2026-05-24 15:25:42 [DEBUG   ] urllib3.connectionpool: https://www.tsetmc.com:443 "GET /instrument/31569200988534548 HTTP/1.1" 200 824
2026-05-24 15:25:42 [DEBUG   ] data_fetcher:   HTML page for 31569200988534548: 824 bytes
2026-05-24 15:25:42 [DEBUG   ] data_fetcher:   No NAV found in TSETMC HTML for ins_code=31569200988534548
2026-05-24 15:25:42 [DEBUG   ] urllib3.connectionpool: https://cdn.tsetmc.com:443 "GET /api/StaticThreshold/GetStaticThreshold/57728534324022361/0 HTTP/1.1" 200 824
2026-05-24 15:25:42 [DEBUG   ] data_fetcher:   No NAV found for ins_code=57728534324022361
2026-05-24 15:25:42 [DEBUG   ] urllib3.connectionpool: https://cdn.tsetmc.com:443 "GET /api/StaticThreshold/GetStaticThreshold/31569200988534548/0 HTTP/1.1" 200 824
2026-05-24 15:25:42 [DEBUG   ] data_fetcher:   No NAV found for ins_code=31569200988534548
2026-05-24 15:25:43 [DEBUG   ] urllib3.connectionpool: https://cdn.tsetmc.com:443 "GET /api/BestLimits/57728534324022361 HTTP/1.1" 200 None
2026-05-24 15:25:43 [DEBUG   ] urllib3.connectionpool: https://cdn.tsetmc.com:443 "GET /api/BestLimits/31569200988534548 HTTP/1.1" 200 None
2026-05-24 15:25:43 [INFO    ] data_fetcher: [10/20] Fetching خاتم ...
2026-05-24 15:25:43 [INFO    ] data_fetcher: [7/20] Fetching آساس ...
2026-05-24 15:25:43 [DEBUG   ] urllib3.connectionpool: https://cdn.tsetmc.com:443 "GET /api/ClosingPrice/GetClosingPriceInfo/66682662312253625 HTTP/1.1" 200 None
2026-05-24 15:25:43 [DEBUG   ] data_fetcher: ClosingPriceInfo top-level keys for 66682662312253625: ['closingPriceInfo']
2026-05-24 15:25:43 [DEBUG   ] data_fetcher: ClosingPriceInfo fields for 66682662312253625: {'instrumentState': {'idn': 0, 'dEven': 0, 'hEven': 0, 'insCode': None, 'lVal18AFC': None, 'lVal30': None, 'cEtaval': 'A ', 'realHeven': 0, 'underSupervision': 0, 'cEtavalTitle': 'مجاز'}, 'lastHEven': 132903, 'finalLastDate': 20260524, 'priceMin': 59525.0, 'priceMax': 59525.0, 'priceYesterday': 57792.0, 'priceFirst': 59525.0, 'insCode': '0', 'dEven': 20260524, 'hEven': 132903, 'pClosing': 59525.0, 'pDrCotVal': 59525.0, 'zTotTran': 24.0, 'qTotTran5J': 27427.0, 'qTotCap': 1632592175.0}
2026-05-24 15:25:43 [DEBUG   ] urllib3.connectionpool: https://cdn.tsetmc.com:443 "GET /api/Instrument/GetInstrumentSearch/%D8%AE%D8%A7%D8%AA%D9%85 HTTP/1.1" 200 None
2026-05-24 15:25:43 [DEBUG   ] data_fetcher:   TSETMC search for 'خاتم': 1 results → [('خاتم', 'صندوق س خاتم ايساتيس')]
2026-05-24 15:25:43 [INFO    ] data_fetcher:   ✓ [P0] ins_code for 'خاتم': 18865325633315847 (خاتم — صندوق س خاتم ايساتيس پويا-ثابت)
2026-05-24 15:25:43 [DEBUG   ] urllib3.connectionpool: https://cdn.tsetmc.com:443 "GET /api/ClosingPrice/GetClosingPriceInfo/18865325633315847 HTTP/1.1" 200 None
2026-05-24 15:25:43 [DEBUG   ] data_fetcher: ClosingPriceInfo top-level keys for 18865325633315847: ['closingPriceInfo']
2026-05-24 15:25:43 [DEBUG   ] data_fetcher: ClosingPriceInfo fields for 18865325633315847: {'instrumentState': {'idn': 0, 'dEven': 0, 'hEven': 0, 'insCode': None, 'lVal18AFC': None, 'lVal30': None, 'cEtaval': 'A ', 'realHeven': 0, 'underSupervision': 0, 'cEtavalTitle': 'مجاز'}, 'lastHEven': 145643, 'finalLastDate': 20260524, 'priceMin': 37594.0, 'priceMax': 37595.0, 'priceYesterday': 37550.0, 'priceFirst': 37594.0, 'insCode': '0', 'dEven': 20260524, 'hEven': 145643, 'pClosing': 37594.0, 'pDrCotVal': 37595.0, 'zTotTran': 157.0, 'qTotTran5J': 13286636.0, 'qTotCap': 499500842770.0}
2026-05-24 15:25:43 [DEBUG   ] urllib3.connectionpool: https://cdn.tsetmc.com:443 "GET /api/Instrument/GetInstrumentInfo/66682662312253625 HTTP/1.1" 200 None
2026-05-24 15:25:43 [DEBUG   ] data_fetcher: InstrumentInfo top-level keys for 66682662312253625: ['instrumentInfo']
2026-05-24 15:25:43 [DEBUG   ] data_fetcher: InstrumentInfo non-zero fields for 66682662312253625: {'eps': {'epsValue': None, 'estimatedEPS': None, 'sectorPE': 273.25, 'psr': 0.0}, 'sector': {'dEven': 0, 'cSecVal': '68 ', 'lSecVal': 'صندوق سرمايه گذاري قابل معامله'}, 'staticThreshold': {'insCode': None, 'dEven': 0, 'hEven': 0, 'psGelStaMax': 59525.0, 'psGelStaMin': 56059.0}, 'minWeek': 56041.0, 'maxWeek': 57792.0, 'minYear': 44108.0, 'maxYear': 70800.0, 'qTotTran5JAvg': 232212.0, 'dEven': 20260524, 'faraDesc': 'نوع صندوق : سهامی', 'etfIssuedUnit': 207939206.0, 'etfUnitDeven': 20260523, 'lVal18': 'Aseman Armani ETF', 'yVal': '305', 'insCode': '66682662312253625', 'lVal30': 'صندوق س.آسمان آرماني سهام-س', 'lVal18AFC': 'آساس', 'flow': 2, 'cIsin': 'IRT3SSAF0008', 'zTitad': 1000000000.0, 'baseVol': 1, 'instrumentID': 'IRT3SSAF0001', 'cgrValCot': 'T1', 'cComVal': '4', 'sourceID': 2, 'flowTitle': 'بازار فرابورس', 'cgrValCotTitle': 'بازار ابزارهاي نوين مالي فرابورس'}
2026-05-24 15:25:43 [DEBUG   ] urllib3.connectionpool: https://www.tsetmc.com:443 "GET /Loader.aspx?ParTree=15131W&i=66682662312253625 HTTP/1.1" 200 824
2026-05-24 15:25:43 [DEBUG   ] data_fetcher: Loader API for 66682662312253625: 824 bytes, preview: <!doctype html><html lang="en"><head><meta charset="utf-8"/><link rel="icon" href="/favicon.ico?v=2"
2026-05-24 15:25:43 [DEBUG   ] urllib3.connectionpool: https://cdn.tsetmc.com:443 "GET /api/ETF/ETFByInsCode/66682662312253625 HTTP/1.1" 200 824
2026-05-24 15:25:43 [DEBUG   ] urllib3.connectionpool: https://cdn.tsetmc.com:443 "GET /api/ETF/GetETFByInsCode/66682662312253625 HTTP/1.1" 200 824
2026-05-24 15:25:43 [DEBUG   ] urllib3.connectionpool: https://cdn.tsetmc.com:443 "GET /api/Instrument/GetInstrumentInfo/18865325633315847 HTTP/1.1" 200 None
2026-05-24 15:25:43 [DEBUG   ] data_fetcher: InstrumentInfo top-level keys for 18865325633315847: ['instrumentInfo']
2026-05-24 15:25:43 [DEBUG   ] data_fetcher: InstrumentInfo non-zero fields for 18865325633315847: {'eps': {'epsValue': None, 'estimatedEPS': None, 'sectorPE': 0.0, 'psr': 0.0}, 'sector': {'dEven': 0, 'cSecVal': '68 ', 'lSecVal': 'صندوق سرمايه گذاري قابل معامله'}, 'staticThreshold': {'insCode': None, 'dEven': 0, 'hEven': 0, 'psGelStaMax': 38676.0, 'psGelStaMin': 36424.0}, 'minWeek': 37447.0, 'maxWeek': 37551.0, 'minYear': 27611.0, 'maxYear': 37551.0, 'qTotTran5JAvg': 13708014.0, 'dEven': 20260524, 'faraDesc': 'نوع صندوق: در اوراق بهادار با درآمد ثابت', 'etfIssuedUnit': 471473073.0, 'etfUnitDeven': 20260523, 'lVal18': 'Khaatam ETF', 'yVal': '305', 'insCode': '18865325633315847', 'lVal30': 'صندوق س خاتم ايساتيس پويا-ثابت', 'lVal18AFC': 'خاتم', 'flow': 1, 'cIsin': 'IRT1KATM0008', 'zTitad': 1000000000.0, 'baseVol': 1, 'instrumentID': 'IRT1KATM0001', 'cgrValCot': 'H1', 'cComVal': '4', 'sourceID': 1, 'flowTitle': 'بازار بورس', 'cgrValCotTitle': 'بازار صندوق های قابل معامله'}
2026-05-24 15:25:43 [DEBUG   ] urllib3.connectionpool: https://cdn.tsetmc.com:443 "GET /api/ETF/GetETFInfo/66682662312253625 HTTP/1.1" 200 824
2026-05-24 15:25:43 [DEBUG   ] urllib3.connectionpool: https://www.tsetmc.com:443 "GET /Loader.aspx?ParTree=15131W&i=18865325633315847 HTTP/1.1" 200 824
2026-05-24 15:25:43 [DEBUG   ] data_fetcher: Loader API for 18865325633315847: 824 bytes, preview: <!doctype html><html lang="en"><head><meta charset="utf-8"/><link rel="icon" href="/favicon.ico?v=2"
2026-05-24 15:25:43 [DEBUG   ] urllib3.connectionpool: https://cdn.tsetmc.com:443 "GET /api/Fund/GetFundInfo/66682662312253625 HTTP/1.1" 404 0
2026-05-24 15:25:43 [DEBUG   ] urllib3.connectionpool: https://cdn.tsetmc.com:443 "GET /api/ETF/ETFByInsCode/18865325633315847 HTTP/1.1" 200 824
2026-05-24 15:25:43 [DEBUG   ] urllib3.connectionpool: https://cdn.tsetmc.com:443 "GET /api/Fund/GetFund/66682662312253625 HTTP/1.1" 404 0
2026-05-24 15:25:43 [DEBUG   ] urllib3.connectionpool: https://cdn.tsetmc.com:443 "GET /api/ETF/GetETFByInsCode/18865325633315847 HTTP/1.1" 200 824
2026-05-24 15:25:43 [DEBUG   ] urllib3.connectionpool: https://cdn.tsetmc.com:443 "GET /api/Fund/GetFundLastInfo/66682662312253625 HTTP/1.1" 404 0
2026-05-24 15:25:43 [DEBUG   ] urllib3.connectionpool: https://cdn.tsetmc.com:443 "GET /api/ETF/GetETFInfo/18865325633315847 HTTP/1.1" 200 824
2026-05-24 15:25:43 [DEBUG   ] urllib3.connectionpool: https://cdn.tsetmc.com:443 "GET /api/Fund/GetMutualFundByInsCode/66682662312253625 HTTP/1.1" 404 0
2026-05-24 15:25:43 [DEBUG   ] urllib3.connectionpool: https://cdn.tsetmc.com:443 "GET /api/Fund/GetFundInfo/18865325633315847 HTTP/1.1" 404 0
2026-05-24 15:25:44 [DEBUG   ] urllib3.connectionpool: https://cdn.tsetmc.com:443 "GET /api/Fund/FundInfo/66682662312253625 HTTP/1.1" 404 0
2026-05-24 15:25:44 [DEBUG   ] urllib3.connectionpool: https://cdn.tsetmc.com:443 "GET /api/Fund/GetFund/18865325633315847 HTTP/1.1" 404 0
2026-05-24 15:25:44 [DEBUG   ] urllib3.connectionpool: https://cdn.tsetmc.com:443 "GET /api/Fund/FundData/66682662312253625 HTTP/1.1" 404 0
2026-05-24 15:25:44 [DEBUG   ] urllib3.connectionpool: https://cdn.tsetmc.com:443 "GET /api/Fund/GetFundLastInfo/18865325633315847 HTTP/1.1" 404 0
2026-05-24 15:25:44 [DEBUG   ] urllib3.connectionpool: https://www.tsetmc.com:443 "GET /instrument/66682662312253625 HTTP/1.1" 200 824
2026-05-24 15:25:44 [DEBUG   ] data_fetcher:   HTML page for 66682662312253625: 824 bytes
2026-05-24 15:25:44 [DEBUG   ] data_fetcher:   No NAV found in TSETMC HTML for ins_code=66682662312253625
2026-05-24 15:25:44 [DEBUG   ] urllib3.connectionpool: https://cdn.tsetmc.com:443 "GET /api/Fund/GetMutualFundByInsCode/18865325633315847 HTTP/1.1" 404 0
2026-05-24 15:25:44 [DEBUG   ] urllib3.connectionpool: https://cdn.tsetmc.com:443 "GET /api/StaticThreshold/GetStaticThreshold/66682662312253625/0 HTTP/1.1" 200 824
2026-05-24 15:25:44 [DEBUG   ] data_fetcher:   No NAV found for ins_code=66682662312253625
2026-05-24 15:25:44 [DEBUG   ] urllib3.connectionpool: https://cdn.tsetmc.com:443 "GET /api/Fund/FundInfo/18865325633315847 HTTP/1.1" 404 0
2026-05-24 15:25:44 [DEBUG   ] urllib3.connectionpool: https://cdn.tsetmc.com:443 "GET /api/Fund/FundData/18865325633315847 HTTP/1.1" 404 0
2026-05-24 15:25:44 [DEBUG   ] urllib3.connectionpool: https://www.tsetmc.com:443 "GET /instrument/18865325633315847 HTTP/1.1" 200 824
2026-05-24 15:25:44 [DEBUG   ] data_fetcher:   HTML page for 18865325633315847: 824 bytes
2026-05-24 15:25:44 [DEBUG   ] data_fetcher:   No NAV found in TSETMC HTML for ins_code=18865325633315847
2026-05-24 15:25:44 [DEBUG   ] urllib3.connectionpool: https://cdn.tsetmc.com:443 "GET /api/StaticThreshold/GetStaticThreshold/18865325633315847/0 HTTP/1.1" 200 824
2026-05-24 15:25:44 [DEBUG   ] data_fetcher:   No NAV found for ins_code=18865325633315847
2026-05-24 15:25:44 [DEBUG   ] urllib3.connectionpool: https://cdn.tsetmc.com:443 "GET /api/BestLimits/66682662312253625 HTTP/1.1" 200 None
2026-05-24 15:25:44 [DEBUG   ] urllib3.connectionpool: https://cdn.tsetmc.com:443 "GET /api/BestLimits/18865325633315847 HTTP/1.1" 200 None
2026-05-24 15:25:44 [INFO    ] data_fetcher: [8/20] Fetching آفاق ...
2026-05-24 15:25:44 [DEBUG   ] urllib3.connectionpool: https://cdn.tsetmc.com:443 "GET /api/ClosingPrice/GetClosingPriceInfo/37073830945037165 HTTP/1.1" 200 None
2026-05-24 15:25:44 [DEBUG   ] data_fetcher: ClosingPriceInfo top-level keys for 37073830945037165: ['closingPriceInfo']
2026-05-24 15:25:44 [DEBUG   ] data_fetcher: ClosingPriceInfo fields for 37073830945037165: {'instrumentState': {'idn': 0, 'dEven': 0, 'hEven': 0, 'insCode': None, 'lVal18AFC': None, 'lVal30': None, 'cEtaval': 'A ', 'realHeven': 0, 'underSupervision': 0, 'cEtavalTitle': 'مجاز'}, 'lastHEven': 145856, 'finalLastDate': 20260524, 'priceMin': 10649.0, 'priceMax': 10650.0, 'priceYesterday': 10635.0, 'priceFirst': 10649.0, 'insCode': '0', 'dEven': 20260524, 'hEven': 145856, 'pClosing': 10649.0, 'pDrCotVal': 10649.0, 'zTotTran': 663.0, 'qTotTran5J': 311268238.0, 'qTotCap': 3314698949031.0}
2026-05-24 15:25:44 [INFO    ] data_fetcher: [11/20] Fetching اوصتا ...
2026-05-24 15:25:44 [DEBUG   ] urllib3.connectionpool: https://cdn.tsetmc.com:443 "GET /api/Instrument/GetInstrumentInfo/37073830945037165 HTTP/1.1" 200 None
2026-05-24 15:25:44 [DEBUG   ] data_fetcher: InstrumentInfo top-level keys for 37073830945037165: ['instrumentInfo']
2026-05-24 15:25:44 [DEBUG   ] data_fetcher: InstrumentInfo non-zero fields for 37073830945037165: {'eps': {'epsValue': None, 'estimatedEPS': None, 'sectorPE': 0.0, 'psr': 0.0}, 'sector': {'dEven': 0, 'cSecVal': '68 ', 'lSecVal': 'صندوق سرمايه گذاري قابل معامله'}, 'staticThreshold': {'insCode': None, 'dEven': 0, 'hEven': 0, 'psGelStaMax': 10954.0, 'psGelStaMin': 10316.0}, 'minWeek': 10605.0, 'maxWeek': 10636.0, 'minYear': 10008.0, 'maxYear': 10636.0, 'qTotTran5JAvg': 184335692.0, 'dEven': 20260524, 'faraDesc': 'نوع صندوق: در اوراق بهادار با درآمد ثابت', 'etfIssuedUnit': 2832436078.0, 'etfUnitDeven': 20260523, 'lVal18': 'AFAGH ETF Sabet', 'yVal': '305', 'insCode': '37073830945037165', 'lVal30': 'صندوق س نوع دوم افق آتي-ثابت', 'lVal18AFC': 'آفاق', 'flow': 1, 'cIsin': 'IRT1AFAG0004', 'zTitad': 4000000000.0, 'baseVol': 1, 'instrumentID': 'IRT1AFAG0001', 'cgrValCot': 'H1', 'cComVal': '4', 'sourceID': 1, 'flowTitle': 'بازار بورس', 'cgrValCotTitle': 'بازار صندوق های قابل معامله'}
2026-05-24 15:25:44 [DEBUG   ] urllib3.connectionpool: https://www.tsetmc.com:443 "GET /Loader.aspx?ParTree=15131W&i=37073830945037165 HTTP/1.1" 200 824
2026-05-24 15:25:44 [DEBUG   ] data_fetcher: Loader API for 37073830945037165: 824 bytes, preview: <!doctype html><html lang="en"><head><meta charset="utf-8"/><link rel="icon" href="/favicon.ico?v=2"
2026-05-24 15:25:45 [DEBUG   ] urllib3.connectionpool: https://cdn.tsetmc.com:443 "GET /api/ETF/ETFByInsCode/37073830945037165 HTTP/1.1" 200 824
2026-05-24 15:25:45 [DEBUG   ] urllib3.connectionpool: https://cdn.tsetmc.com:443 "GET /api/Instrument/GetInstrumentSearch/%D8%A7%D9%88%D8%B5%D8%AA%D8%A7 HTTP/1.1" 200 None
2026-05-24 15:25:45 [DEBUG   ] data_fetcher:   TSETMC search for 'اوصتا': 1 results → [('اوصتا', 'صندوق انديشه ورزان ص')]
2026-05-24 15:25:45 [INFO    ] data_fetcher:   ✓ [P0] ins_code for 'اوصتا': 57761388729898548 (اوصتا — صندوق انديشه ورزان صباتامين -د)
2026-05-24 15:25:45 [DEBUG   ] urllib3.connectionpool: https://cdn.tsetmc.com:443 "GET /api/ETF/GetETFByInsCode/37073830945037165 HTTP/1.1" 200 824
2026-05-24 15:25:45 [DEBUG   ] urllib3.connectionpool: https://cdn.tsetmc.com:443 "GET /api/ClosingPrice/GetClosingPriceInfo/57761388729898548 HTTP/1.1" 200 None
2026-05-24 15:25:45 [DEBUG   ] data_fetcher: ClosingPriceInfo top-level keys for 57761388729898548: ['closingPriceInfo']
2026-05-24 15:25:45 [DEBUG   ] data_fetcher: ClosingPriceInfo fields for 57761388729898548: {'instrumentState': {'idn': 0, 'dEven': 0, 'hEven': 0, 'insCode': None, 'lVal18AFC': None, 'lVal30': None, 'cEtaval': 'A ', 'realHeven': 0, 'underSupervision': 0, 'cEtavalTitle': 'مجاز'}, 'lastHEven': 142925, 'finalLastDate': 20260524, 'priceMin': 63033.0, 'priceMax': 63034.0, 'priceYesterday': 62937.0, 'priceFirst': 63033.0, 'insCode': '0', 'dEven': 20260524, 'hEven': 142925, 'pClosing': 63033.0, 'pDrCotVal': 63034.0, 'zTotTran': 45.0, 'qTotTran5J': 10008881.0, 'qTotCap': 630892799146.0}
2026-05-24 15:25:45 [DEBUG   ] urllib3.connectionpool: https://cdn.tsetmc.com:443 "GET /api/ETF/GetETFInfo/37073830945037165 HTTP/1.1" 200 824
2026-05-24 15:25:45 [DEBUG   ] urllib3.connectionpool: https://cdn.tsetmc.com:443 "GET /api/Fund/GetFundInfo/37073830945037165 HTTP/1.1" 404 0
2026-05-24 15:25:45 [DEBUG   ] urllib3.connectionpool: https://cdn.tsetmc.com:443 "GET /api/Fund/GetFund/37073830945037165 HTTP/1.1" 404 0
2026-05-24 15:25:45 [DEBUG   ] urllib3.connectionpool: https://cdn.tsetmc.com:443 "GET /api/Instrument/GetInstrumentInfo/57761388729898548 HTTP/1.1" 200 None
2026-05-24 15:25:45 [DEBUG   ] data_fetcher: InstrumentInfo top-level keys for 57761388729898548: ['instrumentInfo']
2026-05-24 15:25:45 [DEBUG   ] data_fetcher: InstrumentInfo non-zero fields for 57761388729898548: {'eps': {'epsValue': None, 'estimatedEPS': None, 'sectorPE': 273.25, 'psr': 0.0}, 'sector': {'dEven': 0, 'cSecVal': '68 ', 'lSecVal': 'صندوق سرمايه گذاري قابل معامله'}, 'staticThreshold': {'insCode': None, 'dEven': 0, 'hEven': 0, 'psGelStaMax': 64825.0, 'psGelStaMin': 61049.0}, 'minWeek': 62774.0, 'maxWeek': 62938.0, 'minYear': 47360.0, 'maxYear': 62938.0, 'qTotTran5JAvg': 42396719.0, 'dEven': 20260524, 'faraDesc': 'نوع صندوق : در اوراق بهادار با درآمد ثابت', 'etfIssuedUnit': 1632658793.0, 'etfUnitDeven': 20260523, 'lVal18': 'Andishe Varzan ETF', 'yVal': '305', 'insCode': '57761388729898548', 'lVal30': 'صندوق انديشه ورزان صباتامين -د', 'lVal18AFC': 'اوصتا', 'flow': 2, 'cIsin': 'IRT3AVSF0003', 'zTitad': 3000000000.0, 'baseVol': 1, 'instrumentID': 'IRT3AVSF0001', 'cgrValCot': '1A', 'cComVal': '4', 'sourceID': 2, 'flowTitle': 'بازار فرابورس', 'cgrValCotTitle': 'بازار ابزارهاي نوين مالي فرابورس'}
2026-05-24 15:25:45 [DEBUG   ] urllib3.connectionpool: https://cdn.tsetmc.com:443 "GET /api/Fund/GetFundLastInfo/37073830945037165 HTTP/1.1" 404 0
2026-05-24 15:25:45 [DEBUG   ] urllib3.connectionpool: https://www.tsetmc.com:443 "GET /Loader.aspx?ParTree=15131W&i=57761388729898548 HTTP/1.1" 200 824
2026-05-24 15:25:45 [DEBUG   ] data_fetcher: Loader API for 57761388729898548: 824 bytes, preview: <!doctype html><html lang="en"><head><meta charset="utf-8"/><link rel="icon" href="/favicon.ico?v=2"
2026-05-24 15:25:45 [DEBUG   ] urllib3.connectionpool: https://cdn.tsetmc.com:443 "GET /api/Fund/GetMutualFundByInsCode/37073830945037165 HTTP/1.1" 404 0
2026-05-24 15:25:45 [DEBUG   ] urllib3.connectionpool: https://cdn.tsetmc.com:443 "GET /api/ETF/ETFByInsCode/57761388729898548 HTTP/1.1" 200 824
2026-05-24 15:25:45 [DEBUG   ] urllib3.connectionpool: https://cdn.tsetmc.com:443 "GET /api/Fund/FundInfo/37073830945037165 HTTP/1.1" 404 0
2026-05-24 15:25:45 [DEBUG   ] urllib3.connectionpool: https://cdn.tsetmc.com:443 "GET /api/ETF/GetETFByInsCode/57761388729898548 HTTP/1.1" 200 824
2026-05-24 15:25:45 [DEBUG   ] urllib3.connectionpool: https://cdn.tsetmc.com:443 "GET /api/Fund/FundData/37073830945037165 HTTP/1.1" 404 0
2026-05-24 15:25:45 [DEBUG   ] urllib3.connectionpool: https://cdn.tsetmc.com:443 "GET /api/ETF/GetETFInfo/57761388729898548 HTTP/1.1" 200 824
2026-05-24 15:25:45 [DEBUG   ] urllib3.connectionpool: https://www.tsetmc.com:443 "GET /instrument/37073830945037165 HTTP/1.1" 200 824
2026-05-24 15:25:45 [DEBUG   ] data_fetcher:   HTML page for 37073830945037165: 824 bytes
2026-05-24 15:25:45 [DEBUG   ] data_fetcher:   No NAV found in TSETMC HTML for ins_code=37073830945037165
2026-05-24 15:25:45 [DEBUG   ] urllib3.connectionpool: https://cdn.tsetmc.com:443 "GET /api/Fund/GetFundInfo/57761388729898548 HTTP/1.1" 404 0
2026-05-24 15:25:45 [DEBUG   ] urllib3.connectionpool: https://cdn.tsetmc.com:443 "GET /api/StaticThreshold/GetStaticThreshold/37073830945037165/0 HTTP/1.1" 200 824
2026-05-24 15:25:45 [DEBUG   ] data_fetcher:   No NAV found for ins_code=37073830945037165
2026-05-24 15:25:45 [DEBUG   ] urllib3.connectionpool: https://cdn.tsetmc.com:443 "GET /api/Fund/GetFund/57761388729898548 HTTP/1.1" 404 0
2026-05-24 15:25:45 [DEBUG   ] urllib3.connectionpool: https://cdn.tsetmc.com:443 "GET /api/Fund/GetFundLastInfo/57761388729898548 HTTP/1.1" 404 0
2026-05-24 15:25:45 [DEBUG   ] urllib3.connectionpool: https://cdn.tsetmc.com:443 "GET /api/Fund/GetMutualFundByInsCode/57761388729898548 HTTP/1.1" 404 0
2026-05-24 15:25:45 [DEBUG   ] urllib3.connectionpool: https://cdn.tsetmc.com:443 "GET /api/Fund/FundInfo/57761388729898548 HTTP/1.1" 404 0
2026-05-24 15:25:45 [DEBUG   ] urllib3.connectionpool: https://cdn.tsetmc.com:443 "GET /api/BestLimits/37073830945037165 HTTP/1.1" 200 None
2026-05-24 15:25:45 [DEBUG   ] urllib3.connectionpool: https://cdn.tsetmc.com:443 "GET /api/Fund/FundData/57761388729898548 HTTP/1.1" 404 0
2026-05-24 15:25:45 [DEBUG   ] urllib3.connectionpool: https://www.tsetmc.com:443 "GET /instrument/57761388729898548 HTTP/1.1" 200 824
2026-05-24 15:25:45 [DEBUG   ] data_fetcher:   HTML page for 57761388729898548: 824 bytes
2026-05-24 15:25:45 [DEBUG   ] data_fetcher:   No NAV found in TSETMC HTML for ins_code=57761388729898548
2026-05-24 15:25:46 [DEBUG   ] urllib3.connectionpool: https://cdn.tsetmc.com:443 "GET /api/StaticThreshold/GetStaticThreshold/57761388729898548/0 HTTP/1.1" 200 824
2026-05-24 15:25:46 [DEBUG   ] data_fetcher:   No NAV found for ins_code=57761388729898548
2026-05-24 15:25:46 [INFO    ] data_fetcher: [9/20] Fetching گنجین ...
2026-05-24 15:25:46 [DEBUG   ] urllib3.connectionpool: https://cdn.tsetmc.com:443 "GET /api/ClosingPrice/GetClosingPriceInfo/57728534324022361 HTTP/1.1" 200 None
2026-05-24 15:25:46 [DEBUG   ] data_fetcher: ClosingPriceInfo top-level keys for 57728534324022361: ['closingPriceInfo']
2026-05-24 15:25:46 [DEBUG   ] data_fetcher: ClosingPriceInfo fields for 57728534324022361: {'instrumentState': {'idn': 0, 'dEven': 0, 'hEven': 0, 'insCode': None, 'lVal18AFC': None, 'lVal30': None, 'cEtaval': 'A ', 'realHeven': 0, 'underSupervision': 0, 'cEtavalTitle': 'مجاز'}, 'lastHEven': 144502, 'finalLastDate': 20260524, 'priceMin': 38477.0, 'priceMax': 38478.0, 'priceYesterday': 38428.0, 'priceFirst': 38477.0, 'insCode': '0', 'dEven': 20260524, 'hEven': 144502, 'pClosing': 38477.0, 'pDrCotVal': 38477.0, 'zTotTran': 97.0, 'qTotTran5J': 31521911.0, 'qTotCap': 1212869049843.0}
2026-05-24 15:25:46 [DEBUG   ] urllib3.connectionpool: https://cdn.tsetmc.com:443 "GET /api/BestLimits/57761388729898548 HTTP/1.1" 200 None
2026-05-24 15:25:46 [DEBUG   ] urllib3.connectionpool: https://cdn.tsetmc.com:443 "GET /api/Instrument/GetInstrumentInfo/57728534324022361 HTTP/1.1" 200 None
2026-05-24 15:25:46 [DEBUG   ] data_fetcher: InstrumentInfo top-level keys for 57728534324022361: ['instrumentInfo']
2026-05-24 15:25:46 [DEBUG   ] data_fetcher: InstrumentInfo non-zero fields for 57728534324022361: {'eps': {'epsValue': None, 'estimatedEPS': None, 'sectorPE': 273.25, 'psr': 0.0}, 'sector': {'dEven': 0, 'cSecVal': '68 ', 'lSecVal': 'صندوق سرمايه گذاري قابل معامله'}, 'staticThreshold': {'insCode': None, 'dEven': 0, 'hEven': 0, 'psGelStaMax': 39580.0, 'psGelStaMin': 37276.0}, 'minWeek': 38333.0, 'maxWeek': 38429.0, 'minYear': 28122.0, 'maxYear': 38429.0, 'qTotTran5JAvg': 14339818.0, 'dEven': 20260524, 'faraDesc': 'نوع صندوق : در اوراق بهادار با درآمد ثابت', 'etfIssuedUnit': 1119988798.0, 'etfUnitDeven': 20260523, 'lVal18': 'GanjinehAvid1 ETF', 'yVal': '305', 'insCode': '57728534324022361', 'lVal30': 'صندوق س. گنجينه يكم آويد-د', 'lVal18AFC': 'گنجين', 'flow': 2, 'cIsin': 'IRT3GJAF0003', 'zTitad': 2000000000.0, 'baseVol': 1, 'instrumentID': 'IRT3GJAF0001', 'cgrValCot': '1A', 'cComVal': '4', 'sourceID': 2, 'flowTitle': 'بازار فرابورس', 'cgrValCotTitle': 'بازار ابزارهاي نوين مالي فرابورس'}
2026-05-24 15:25:46 [INFO    ] data_fetcher: [12/20] Fetching فردا ...
2026-05-24 15:25:46 [DEBUG   ] urllib3.connectionpool: https://www.tsetmc.com:443 "GET /Loader.aspx?ParTree=15131W&i=57728534324022361 HTTP/1.1" 200 824
2026-05-24 15:25:46 [DEBUG   ] data_fetcher: Loader API for 57728534324022361: 824 bytes, preview: <!doctype html><html lang="en"><head><meta charset="utf-8"/><link rel="icon" href="/favicon.ico?v=2"
2026-05-24 15:25:46 [DEBUG   ] urllib3.connectionpool: https://cdn.tsetmc.com:443 "GET /api/ETF/ETFByInsCode/57728534324022361 HTTP/1.1" 200 824
2026-05-24 15:25:46 [DEBUG   ] urllib3.connectionpool: https://cdn.tsetmc.com:443 "GET /api/ETF/GetETFByInsCode/57728534324022361 HTTP/1.1" 200 824
2026-05-24 15:25:46 [DEBUG   ] urllib3.connectionpool: https://cdn.tsetmc.com:443 "GET /api/Instrument/GetInstrumentSearch/%D9%81%D8%B1%D8%AF%D8%A7 HTTP/1.1" 200 None
2026-05-24 15:25:46 [DEBUG   ] data_fetcher:   TSETMC search for 'فردا': 30 results → [('فردا', 'صندوق س آواي فرداي ز'), ('امين يكم', 'صندوق درآمد ثابت امي'), ('الماس', 'صندوق س.امين تدبيرگر'), ('پناه', 'صندوق س.بخشي شايسته '), ('تابان08', 'اجاره تابان فردا سپه'), ('تابان09', 'اجاره تابان فردا نوي')]
2026-05-24 15:25:46 [INFO    ] data_fetcher:   ✓ [P0] ins_code for 'فردا': 65249046611427924 (فردا — صندوق س آواي فرداي زاگرس-ثابت)
2026-05-24 15:25:46 [DEBUG   ] urllib3.connectionpool: https://cdn.tsetmc.com:443 "GET /api/ETF/GetETFInfo/57728534324022361 HTTP/1.1" 200 824
2026-05-24 15:25:46 [DEBUG   ] urllib3.connectionpool: https://cdn.tsetmc.com:443 "GET /api/Fund/GetFundInfo/57728534324022361 HTTP/1.1" 404 0
2026-05-24 15:25:46 [DEBUG   ] urllib3.connectionpool: https://cdn.tsetmc.com:443 "GET /api/ClosingPrice/GetClosingPriceInfo/65249046611427924 HTTP/1.1" 200 None
2026-05-24 15:25:46 [DEBUG   ] data_fetcher: ClosingPriceInfo top-level keys for 65249046611427924: ['closingPriceInfo']
2026-05-24 15:25:46 [DEBUG   ] data_fetcher: ClosingPriceInfo fields for 65249046611427924: {'instrumentState': {'idn': 0, 'dEven': 0, 'hEven': 0, 'insCode': None, 'lVal18AFC': None, 'lVal30': None, 'cEtaval': 'A ', 'realHeven': 0, 'underSupervision': 0, 'cEtavalTitle': 'مجاز'}, 'lastHEven': 145603, 'finalLastDate': 20260524, 'priceMin': 38161.0, 'priceMax': 38162.0, 'priceYesterday': 38112.0, 'priceFirst': 38161.0, 'insCode': '0', 'dEven': 20260524, 'hEven': 145603, 'pClosing': 38161.0, 'pDrCotVal': 38161.0, 'zTotTran': 479.0, 'qTotTran5J': 98126292.0, 'qTotCap': 3744631366765.0}
2026-05-24 15:25:46 [DEBUG   ] urllib3.connectionpool: https://cdn.tsetmc.com:443 "GET /api/Fund/GetFund/57728534324022361 HTTP/1.1" 404 0
2026-05-24 15:25:46 [DEBUG   ] urllib3.connectionpool: https://cdn.tsetmc.com:443 "GET /api/Fund/GetFundLastInfo/57728534324022361 HTTP/1.1" 404 0
2026-05-24 15:25:46 [DEBUG   ] urllib3.connectionpool: https://cdn.tsetmc.com:443 "GET /api/Fund/GetMutualFundByInsCode/57728534324022361 HTTP/1.1" 404 0
2026-05-24 15:25:46 [DEBUG   ] urllib3.connectionpool: https://cdn.tsetmc.com:443 "GET /api/Fund/FundInfo/57728534324022361 HTTP/1.1" 404 0
2026-05-24 15:25:46 [DEBUG   ] urllib3.connectionpool: https://cdn.tsetmc.com:443 "GET /api/Fund/FundData/57728534324022361 HTTP/1.1" 404 0
2026-05-24 15:25:46 [DEBUG   ] urllib3.connectionpool: https://cdn.tsetmc.com:443 "GET /api/Instrument/GetInstrumentInfo/65249046611427924 HTTP/1.1" 200 None
2026-05-24 15:25:46 [DEBUG   ] data_fetcher: InstrumentInfo top-level keys for 65249046611427924: ['instrumentInfo']
2026-05-24 15:25:46 [DEBUG   ] data_fetcher: InstrumentInfo non-zero fields for 65249046611427924: {'eps': {'epsValue': None, 'estimatedEPS': None, 'sectorPE': 0.0, 'psr': 0.0}, 'sector': {'dEven': 0, 'cSecVal': '68 ', 'lSecVal': 'صندوق سرمايه گذاري قابل معامله'}, 'staticThreshold': {'insCode': None, 'dEven': 0, 'hEven': 0, 'psGelStaMax': 39255.0, 'psGelStaMin': 36969.0}, 'minWeek': 38016.0, 'maxWeek': 38113.0, 'minYear': 27840.0, 'maxYear': 38113.0, 'qTotTran5JAvg': 114857840.0, 'dEven': 20260524, 'faraDesc': 'نوع صندوق: در اوراق بهادار با درآمد ثابت', 'etfIssuedUnit': 3485609071.0, 'etfUnitDeven': 20260523, 'lVal18': 'Avaye Farda ETF', 'yVal': '305', 'insCode': '65249046611427924', 'lVal30': 'صندوق س آواي فرداي زاگرس-ثابت', 'lVal18AFC': 'فردا', 'flow': 1, 'cIsin': 'IRT1FRDA0008', 'zTitad': 4800000000.0, 'baseVol': 1, 'instrumentID': 'IRT1FRDA0001', 'cgrValCot': 'H1', 'cComVal': '4', 'sourceID': 1, 'flowTitle': 'بازار بورس', 'cgrValCotTitle': 'بازار صندوق های قابل معامله'}
2026-05-24 15:25:46 [DEBUG   ] urllib3.connectionpool: https://www.tsetmc.com:443 "GET /Loader.aspx?ParTree=15131W&i=65249046611427924 HTTP/1.1" 200 824
2026-05-24 15:25:46 [DEBUG   ] urllib3.connectionpool: https://www.tsetmc.com:443 "GET /instrument/57728534324022361 HTTP/1.1" 200 824
2026-05-24 15:25:46 [DEBUG   ] data_fetcher: Loader API for 65249046611427924: 824 bytes, preview: <!doctype html><html lang="en"><head><meta charset="utf-8"/><link rel="icon" href="/favicon.ico?v=2"
2026-05-24 15:25:46 [DEBUG   ] data_fetcher:   HTML page for 57728534324022361: 824 bytes
2026-05-24 15:25:46 [DEBUG   ] data_fetcher:   No NAV found in TSETMC HTML for ins_code=57728534324022361
2026-05-24 15:25:47 [DEBUG   ] urllib3.connectionpool: https://cdn.tsetmc.com:443 "GET /api/ETF/ETFByInsCode/65249046611427924 HTTP/1.1" 200 824
2026-05-24 15:25:47 [DEBUG   ] urllib3.connectionpool: https://cdn.tsetmc.com:443 "GET /api/StaticThreshold/GetStaticThreshold/57728534324022361/0 HTTP/1.1" 200 824
2026-05-24 15:25:47 [DEBUG   ] data_fetcher:   No NAV found for ins_code=57728534324022361
2026-05-24 15:25:47 [DEBUG   ] urllib3.connectionpool: https://cdn.tsetmc.com:443 "GET /api/ETF/GetETFByInsCode/65249046611427924 HTTP/1.1" 200 824
2026-05-24 15:25:47 [DEBUG   ] urllib3.connectionpool: https://cdn.tsetmc.com:443 "GET /api/ETF/GetETFInfo/65249046611427924 HTTP/1.1" 200 824
2026-05-24 15:25:47 [DEBUG   ] urllib3.connectionpool: https://cdn.tsetmc.com:443 "GET /api/Fund/GetFundInfo/65249046611427924 HTTP/1.1" 404 0
2026-05-24 15:25:47 [DEBUG   ] urllib3.connectionpool: https://cdn.tsetmc.com:443 "GET /api/Fund/GetFund/65249046611427924 HTTP/1.1" 404 0
2026-05-24 15:25:47 [DEBUG   ] urllib3.connectionpool: https://cdn.tsetmc.com:443 "GET /api/BestLimits/57728534324022361 HTTP/1.1" 200 None
2026-05-24 15:25:47 [DEBUG   ] urllib3.connectionpool: https://cdn.tsetmc.com:443 "GET /api/Fund/GetFundLastInfo/65249046611427924 HTTP/1.1" 404 0
2026-05-24 15:25:47 [DEBUG   ] urllib3.connectionpool: https://cdn.tsetmc.com:443 "GET /api/Fund/GetMutualFundByInsCode/65249046611427924 HTTP/1.1" 404 0
2026-05-24 15:25:47 [DEBUG   ] urllib3.connectionpool: https://cdn.tsetmc.com:443 "GET /api/Fund/FundInfo/65249046611427924 HTTP/1.1" 404 0
2026-05-24 15:25:47 [DEBUG   ] urllib3.connectionpool: https://cdn.tsetmc.com:443 "GET /api/Fund/FundData/65249046611427924 HTTP/1.1" 404 0
2026-05-24 15:25:47 [INFO    ] data_fetcher: [10/20] Fetching خاتم ...
2026-05-24 15:25:47 [DEBUG   ] urllib3.connectionpool: https://www.tsetmc.com:443 "GET /instrument/65249046611427924 HTTP/1.1" 200 824
2026-05-24 15:25:47 [DEBUG   ] data_fetcher:   HTML page for 65249046611427924: 824 bytes
2026-05-24 15:25:47 [DEBUG   ] data_fetcher:   No NAV found in TSETMC HTML for ins_code=65249046611427924
2026-05-24 15:25:47 [DEBUG   ] urllib3.connectionpool: https://cdn.tsetmc.com:443 "GET /api/ClosingPrice/GetClosingPriceInfo/18865325633315847 HTTP/1.1" 200 None
2026-05-24 15:25:47 [DEBUG   ] data_fetcher: ClosingPriceInfo top-level keys for 18865325633315847: ['closingPriceInfo']
2026-05-24 15:25:47 [DEBUG   ] data_fetcher: ClosingPriceInfo fields for 18865325633315847: {'instrumentState': {'idn': 0, 'dEven': 0, 'hEven': 0, 'insCode': None, 'lVal18AFC': None, 'lVal30': None, 'cEtaval': 'A ', 'realHeven': 0, 'underSupervision': 0, 'cEtavalTitle': 'مجاز'}, 'lastHEven': 145643, 'finalLastDate': 20260524, 'priceMin': 37594.0, 'priceMax': 37595.0, 'priceYesterday': 37550.0, 'priceFirst': 37594.0, 'insCode': '0', 'dEven': 20260524, 'hEven': 145643, 'pClosing': 37594.0, 'pDrCotVal': 37595.0, 'zTotTran': 157.0, 'qTotTran5J': 13286636.0, 'qTotCap': 499500842770.0}
2026-05-24 15:25:47 [DEBUG   ] urllib3.connectionpool: https://cdn.tsetmc.com:443 "GET /api/StaticThreshold/GetStaticThreshold/65249046611427924/0 HTTP/1.1" 200 824
2026-05-24 15:25:47 [DEBUG   ] data_fetcher:   No NAV found for ins_code=65249046611427924
2026-05-24 15:25:47 [DEBUG   ] urllib3.connectionpool: https://cdn.tsetmc.com:443 "GET /api/BestLimits/65249046611427924 HTTP/1.1" 200 None
2026-05-24 15:25:47 [DEBUG   ] urllib3.connectionpool: https://cdn.tsetmc.com:443 "GET /api/Instrument/GetInstrumentInfo/18865325633315847 HTTP/1.1" 200 None
2026-05-24 15:25:47 [DEBUG   ] data_fetcher: InstrumentInfo top-level keys for 18865325633315847: ['instrumentInfo']
2026-05-24 15:25:47 [DEBUG   ] data_fetcher: InstrumentInfo non-zero fields for 18865325633315847: {'eps': {'epsValue': None, 'estimatedEPS': None, 'sectorPE': 0.0, 'psr': 0.0}, 'sector': {'dEven': 0, 'cSecVal': '68 ', 'lSecVal': 'صندوق سرمايه گذاري قابل معامله'}, 'staticThreshold': {'insCode': None, 'dEven': 0, 'hEven': 0, 'psGelStaMax': 38676.0, 'psGelStaMin': 36424.0}, 'minWeek': 37447.0, 'maxWeek': 37551.0, 'minYear': 27611.0, 'maxYear': 37551.0, 'qTotTran5JAvg': 13708014.0, 'dEven': 20260524, 'faraDesc': 'نوع صندوق: در اوراق بهادار با درآمد ثابت', 'etfIssuedUnit': 471473073.0, 'etfUnitDeven': 20260523, 'lVal18': 'Khaatam ETF', 'yVal': '305', 'insCode': '18865325633315847', 'lVal30': 'صندوق س خاتم ايساتيس پويا-ثابت', 'lVal18AFC': 'خاتم', 'flow': 1, 'cIsin': 'IRT1KATM0008', 'zTitad': 1000000000.0, 'baseVol': 1, 'instrumentID': 'IRT1KATM0001', 'cgrValCot': 'H1', 'cComVal': '4', 'sourceID': 1, 'flowTitle': 'بازار بورس', 'cgrValCotTitle': 'بازار صندوق های قابل معامله'}
2026-05-24 15:25:47 [DEBUG   ] urllib3.connectionpool: https://www.tsetmc.com:443 "GET /Loader.aspx?ParTree=15131W&i=18865325633315847 HTTP/1.1" 200 824
2026-05-24 15:25:47 [DEBUG   ] data_fetcher: Loader API for 18865325633315847: 824 bytes, preview: <!doctype html><html lang="en"><head><meta charset="utf-8"/><link rel="icon" href="/favicon.ico?v=2"
2026-05-24 15:25:47 [DEBUG   ] urllib3.connectionpool: https://cdn.tsetmc.com:443 "GET /api/ETF/ETFByInsCode/18865325633315847 HTTP/1.1" 200 824
2026-05-24 15:25:47 [DEBUG   ] urllib3.connectionpool: https://cdn.tsetmc.com:443 "GET /api/ETF/GetETFByInsCode/18865325633315847 HTTP/1.1" 200 824
2026-05-24 15:25:47 [INFO    ] data_fetcher: [13/20] Fetching گوهر ...
2026-05-24 15:25:48 [DEBUG   ] urllib3.connectionpool: https://cdn.tsetmc.com:443 "GET /api/ETF/GetETFInfo/18865325633315847 HTTP/1.1" 200 824
2026-05-24 15:25:48 [DEBUG   ] urllib3.connectionpool: https://cdn.tsetmc.com:443 "GET /api/Fund/GetFundInfo/18865325633315847 HTTP/1.1" 404 0
2026-05-24 15:25:48 [DEBUG   ] urllib3.connectionpool: https://cdn.tsetmc.com:443 "GET /api/Fund/GetFund/18865325633315847 HTTP/1.1" 404 0
2026-05-24 15:25:48 [DEBUG   ] urllib3.connectionpool: https://cdn.tsetmc.com:443 "GET /api/Instrument/GetInstrumentSearch/%DA%AF%D9%88%D9%87%D8%B1 HTTP/1.1" 200 None
2026-05-24 15:25:48 [DEBUG   ] data_fetcher:   TSETMC search for 'گوهر': 5 results → [('گوهر', 'صندوق طلاي كيان'), ('شفام', 'توليدي و صنعتي گوهرف'), ('شفامح', 'ح.توليدي و صنعتي گوه'), ('گوهران', 'سرمايه گذاري توسعه گ'), ('گوهرانح', 'ح . س. توسعه گوهران ')]
2026-05-24 15:25:48 [INFO    ] data_fetcher:   ✓ [P0] ins_code for 'گوهر': 12390706505809150 (گوهر — صندوق طلاي كيان)
2026-05-24 15:25:48 [DEBUG   ] urllib3.connectionpool: https://cdn.tsetmc.com:443 "GET /api/Fund/GetFundLastInfo/18865325633315847 HTTP/1.1" 404 0
2026-05-24 15:25:48 [DEBUG   ] urllib3.connectionpool: https://cdn.tsetmc.com:443 "GET /api/ClosingPrice/GetClosingPriceInfo/12390706505809150 HTTP/1.1" 200 None
2026-05-24 15:25:48 [DEBUG   ] urllib3.connectionpool: https://cdn.tsetmc.com:443 "GET /api/Fund/GetMutualFundByInsCode/18865325633315847 HTTP/1.1" 404 0
2026-05-24 15:25:48 [DEBUG   ] data_fetcher: ClosingPriceInfo top-level keys for 12390706505809150: ['closingPriceInfo']
2026-05-24 15:25:48 [DEBUG   ] data_fetcher: ClosingPriceInfo fields for 12390706505809150: {'instrumentState': {'idn': 0, 'dEven': 0, 'hEven': 0, 'insCode': None, 'lVal18AFC': None, 'lVal30': None, 'cEtaval': 'A ', 'realHeven': 0, 'underSupervision': 0, 'cEtavalTitle': 'مجاز'}, 'lastHEven': 152540, 'finalLastDate': 20260524, 'priceMin': 845000.0, 'priceMax': 867161.0, 'priceYesterday': 894317.0, 'priceFirst': 850080.0, 'insCode': '0', 'dEven': 20260524, 'hEven': 152540, 'pClosing': 853980.0, 'pDrCotVal': 854901.0, 'zTotTran': 6499.0, 'qTotTran5J': 3273660.0, 'qTotCap': 2795639728204.0}
2026-05-24 15:25:48 [DEBUG   ] urllib3.connectionpool: https://cdn.tsetmc.com:443 "GET /api/Fund/FundInfo/18865325633315847 HTTP/1.1" 404 0
2026-05-24 15:25:48 [DEBUG   ] urllib3.connectionpool: https://cdn.tsetmc.com:443 "GET /api/Fund/FundData/18865325633315847 HTTP/1.1" 404 0
2026-05-24 15:25:48 [DEBUG   ] urllib3.connectionpool: https://www.tsetmc.com:443 "GET /instrument/18865325633315847 HTTP/1.1" 200 824
2026-05-24 15:25:48 [DEBUG   ] data_fetcher:   HTML page for 18865325633315847: 824 bytes
2026-05-24 15:25:48 [DEBUG   ] data_fetcher:   No NAV found in TSETMC HTML for ins_code=18865325633315847
2026-05-24 15:25:48 [DEBUG   ] urllib3.connectionpool: https://cdn.tsetmc.com:443 "GET /api/StaticThreshold/GetStaticThreshold/18865325633315847/0 HTTP/1.1" 200 824
2026-05-24 15:25:48 [DEBUG   ] data_fetcher:   No NAV found for ins_code=18865325633315847
2026-05-24 15:25:48 [DEBUG   ] urllib3.connectionpool: https://cdn.tsetmc.com:443 "GET /api/Instrument/GetInstrumentInfo/12390706505809150 HTTP/1.1" 200 None
2026-05-24 15:25:48 [DEBUG   ] data_fetcher: InstrumentInfo top-level keys for 12390706505809150: ['instrumentInfo']
2026-05-24 15:25:48 [DEBUG   ] data_fetcher: InstrumentInfo non-zero fields for 12390706505809150: {'eps': {'epsValue': None, 'estimatedEPS': None, 'sectorPE': 0.0, 'psr': 0.0}, 'sector': {'dEven': 0, 'cSecVal': '68 ', 'lSecVal': 'صندوق سرمايه گذاري قابل معامله'}, 'staticThreshold': {'insCode': None, 'dEven': 0, 'hEven': 0, 'psGelStaMax': 983748.0, 'psGelStaMin': 804886.0}, 'minWeek': 889797.0, 'maxWeek': 923999.0, 'minYear': 310002.0, 'maxYear': 1020000.0, 'qTotTran5JAvg': 7268279.0, 'dEven': 20260524, 'etfIssuedUnit': 252807872.0, 'etfUnitDeven': 20260523, 'lVal18': 'Gohar', 'yVal': '380', 'insCode': '12390706505809150', 'lVal30': 'صندوق طلاي كيان', 'lVal18AFC': 'گوهر', 'flow': 7, 'cIsin': 'IRTKKIAN0009', 'zTitad': 300000000.0, 'baseVol': 1, 'instrumentID': 'IRTKKIAN0001', 'cgrValCot': 'QS', 'cComVal': '4', 'sourceID': 1, 'cgrValCotTitle': 'صندوق های کالایی'}
2026-05-24 15:25:48 [DEBUG   ] urllib3.connectionpool: https://www.tsetmc.com:443 "GET /Loader.aspx?ParTree=15131W&i=12390706505809150 HTTP/1.1" 200 824
2026-05-24 15:25:48 [DEBUG   ] data_fetcher: Loader API for 12390706505809150: 824 bytes, preview: <!doctype html><html lang="en"><head><meta charset="utf-8"/><link rel="icon" href="/favicon.ico?v=2"
2026-05-24 15:25:48 [DEBUG   ] urllib3.connectionpool: https://cdn.tsetmc.com:443 "GET /api/ETF/ETFByInsCode/12390706505809150 HTTP/1.1" 200 824
2026-05-24 15:25:48 [DEBUG   ] urllib3.connectionpool: https://cdn.tsetmc.com:443 "GET /api/ETF/GetETFByInsCode/12390706505809150 HTTP/1.1" 200 824
2026-05-24 15:25:48 [DEBUG   ] urllib3.connectionpool: https://cdn.tsetmc.com:443 "GET /api/BestLimits/18865325633315847 HTTP/1.1" 200 None
2026-05-24 15:25:48 [DEBUG   ] urllib3.connectionpool: https://cdn.tsetmc.com:443 "GET /api/ETF/GetETFInfo/12390706505809150 HTTP/1.1" 200 824
2026-05-24 15:25:48 [DEBUG   ] urllib3.connectionpool: https://cdn.tsetmc.com:443 "GET /api/Fund/GetFundInfo/12390706505809150 HTTP/1.1" 404 0
2026-05-24 15:25:48 [DEBUG   ] urllib3.connectionpool: https://cdn.tsetmc.com:443 "GET /api/Fund/GetFund/12390706505809150 HTTP/1.1" 404 0
2026-05-24 15:25:48 [DEBUG   ] urllib3.connectionpool: https://cdn.tsetmc.com:443 "GET /api/Fund/GetFundLastInfo/12390706505809150 HTTP/1.1" 404 0
2026-05-24 15:25:48 [INFO    ] data_fetcher: [11/20] Fetching اوصتا ...
2026-05-24 15:25:48 [DEBUG   ] urllib3.connectionpool: https://cdn.tsetmc.com:443 "GET /api/Fund/GetMutualFundByInsCode/12390706505809150 HTTP/1.1" 404 0
2026-05-24 15:25:48 [DEBUG   ] urllib3.connectionpool: https://cdn.tsetmc.com:443 "GET /api/ClosingPrice/GetClosingPriceInfo/57761388729898548 HTTP/1.1" 200 None
2026-05-24 15:25:48 [DEBUG   ] data_fetcher: ClosingPriceInfo top-level keys for 57761388729898548: ['closingPriceInfo']
2026-05-24 15:25:48 [DEBUG   ] data_fetcher: ClosingPriceInfo fields for 57761388729898548: {'instrumentState': {'idn': 0, 'dEven': 0, 'hEven': 0, 'insCode': None, 'lVal18AFC': None, 'lVal30': None, 'cEtaval': 'A ', 'realHeven': 0, 'underSupervision': 0, 'cEtavalTitle': 'مجاز'}, 'lastHEven': 142925, 'finalLastDate': 20260524, 'priceMin': 63033.0, 'priceMax': 63034.0, 'priceYesterday': 62937.0, 'priceFirst': 63033.0, 'insCode': '0', 'dEven': 20260524, 'hEven': 142925, 'pClosing': 63033.0, 'pDrCotVal': 63034.0, 'zTotTran': 45.0, 'qTotTran5J': 10008881.0, 'qTotCap': 630892799146.0}
2026-05-24 15:25:48 [DEBUG   ] urllib3.connectionpool: https://cdn.tsetmc.com:443 "GET /api/Fund/FundInfo/12390706505809150 HTTP/1.1" 404 0
2026-05-24 15:25:48 [DEBUG   ] urllib3.connectionpool: https://cdn.tsetmc.com:443 "GET /api/Fund/FundData/12390706505809150 HTTP/1.1" 404 0
2026-05-24 15:25:49 [DEBUG   ] urllib3.connectionpool: https://www.tsetmc.com:443 "GET /instrument/12390706505809150 HTTP/1.1" 200 824
2026-05-24 15:25:49 [DEBUG   ] data_fetcher:   HTML page for 12390706505809150: 824 bytes
2026-05-24 15:25:49 [DEBUG   ] data_fetcher:   No NAV found in TSETMC HTML for ins_code=12390706505809150
2026-05-24 15:25:49 [DEBUG   ] urllib3.connectionpool: https://cdn.tsetmc.com:443 "GET /api/StaticThreshold/GetStaticThreshold/12390706505809150/0 HTTP/1.1" 200 824
2026-05-24 15:25:49 [DEBUG   ] data_fetcher:   No NAV found for ins_code=12390706505809150
2026-05-24 15:25:49 [DEBUG   ] urllib3.connectionpool: https://cdn.tsetmc.com:443 "GET /api/Instrument/GetInstrumentInfo/57761388729898548 HTTP/1.1" 200 None
2026-05-24 15:25:49 [DEBUG   ] data_fetcher: InstrumentInfo top-level keys for 57761388729898548: ['instrumentInfo']
2026-05-24 15:25:49 [DEBUG   ] data_fetcher: InstrumentInfo non-zero fields for 57761388729898548: {'eps': {'epsValue': None, 'estimatedEPS': None, 'sectorPE': 273.25, 'psr': 0.0}, 'sector': {'dEven': 0, 'cSecVal': '68 ', 'lSecVal': 'صندوق سرمايه گذاري قابل معامله'}, 'staticThreshold': {'insCode': None, 'dEven': 0, 'hEven': 0, 'psGelStaMax': 64825.0, 'psGelStaMin': 61049.0}, 'minWeek': 62774.0, 'maxWeek': 62938.0, 'minYear': 47360.0, 'maxYear': 62938.0, 'qTotTran5JAvg': 42396719.0, 'dEven': 20260524, 'faraDesc': 'نوع صندوق : در اوراق بهادار با درآمد ثابت', 'etfIssuedUnit': 1632658793.0, 'etfUnitDeven': 20260523, 'lVal18': 'Andishe Varzan ETF', 'yVal': '305', 'insCode': '57761388729898548', 'lVal30': 'صندوق انديشه ورزان صباتامين -د', 'lVal18AFC': 'اوصتا', 'flow': 2, 'cIsin': 'IRT3AVSF0003', 'zTitad': 3000000000.0, 'baseVol': 1, 'instrumentID': 'IRT3AVSF0001', 'cgrValCot': '1A', 'cComVal': '4', 'sourceID': 2, 'flowTitle': 'بازار فرابورس', 'cgrValCotTitle': 'بازار ابزارهاي نوين مالي فرابورس'}
2026-05-24 15:25:49 [DEBUG   ] urllib3.connectionpool: https://www.tsetmc.com:443 "GET /Loader.aspx?ParTree=15131W&i=57761388729898548 HTTP/1.1" 200 824
2026-05-24 15:25:49 [DEBUG   ] data_fetcher: Loader API for 57761388729898548: 824 bytes, preview: <!doctype html><html lang="en"><head><meta charset="utf-8"/><link rel="icon" href="/favicon.ico?v=2"
2026-05-24 15:25:49 [DEBUG   ] urllib3.connectionpool: https://cdn.tsetmc.com:443 "GET /api/BestLimits/12390706505809150 HTTP/1.1" 200 None
2026-05-24 15:25:49 [DEBUG   ] urllib3.connectionpool: https://cdn.tsetmc.com:443 "GET /api/ETF/ETFByInsCode/57761388729898548 HTTP/1.1" 200 824
2026-05-24 15:25:49 [DEBUG   ] urllib3.connectionpool: https://cdn.tsetmc.com:443 "GET /api/ETF/GetETFByInsCode/57761388729898548 HTTP/1.1" 200 824
2026-05-24 15:25:49 [DEBUG   ] urllib3.connectionpool: https://cdn.tsetmc.com:443 "GET /api/ETF/GetETFInfo/57761388729898548 HTTP/1.1" 200 824
2026-05-24 15:25:49 [DEBUG   ] urllib3.connectionpool: https://cdn.tsetmc.com:443 "GET /api/Fund/GetFundInfo/57761388729898548 HTTP/1.1" 404 0
2026-05-24 15:25:49 [INFO    ] data_fetcher: [14/20] Fetching سخند ...
2026-05-24 15:25:49 [DEBUG   ] urllib3.connectionpool: https://cdn.tsetmc.com:443 "GET /api/Fund/GetFund/57761388729898548 HTTP/1.1" 404 0
2026-05-24 15:25:49 [DEBUG   ] urllib3.connectionpool: https://cdn.tsetmc.com:443 "GET /api/Fund/GetFundLastInfo/57761388729898548 HTTP/1.1" 404 0
2026-05-24 15:25:49 [DEBUG   ] urllib3.connectionpool: https://cdn.tsetmc.com:443 "GET /api/Fund/GetMutualFundByInsCode/57761388729898548 HTTP/1.1" 404 0
2026-05-24 15:25:49 [DEBUG   ] urllib3.connectionpool: https://cdn.tsetmc.com:443 "GET /api/Fund/FundInfo/57761388729898548 HTTP/1.1" 404 0
2026-05-24 15:25:49 [DEBUG   ] urllib3.connectionpool: https://cdn.tsetmc.com:443 "GET /api/Instrument/GetInstrumentSearch/%D8%B3%D8%AE%D9%86%D8%AF HTTP/1.1" 200 None
2026-05-24 15:25:49 [DEBUG   ] data_fetcher:   TSETMC search for 'سخند': 1 results → [('سخند', 'صندوق س.سپهرخبرگان ن')]
2026-05-24 15:25:49 [INFO    ] data_fetcher:   ✓ [P0] ins_code for 'سخند': 59598536122397373 (سخند — صندوق س.سپهرخبرگان نفت-د)
2026-05-24 15:25:49 [DEBUG   ] urllib3.connectionpool: https://cdn.tsetmc.com:443 "GET /api/Fund/FundData/57761388729898548 HTTP/1.1" 404 0
2026-05-24 15:25:49 [DEBUG   ] urllib3.connectionpool: https://cdn.tsetmc.com:443 "GET /api/ClosingPrice/GetClosingPriceInfo/59598536122397373 HTTP/1.1" 200 None
2026-05-24 15:25:49 [DEBUG   ] data_fetcher: ClosingPriceInfo top-level keys for 59598536122397373: ['closingPriceInfo']
2026-05-24 15:25:49 [DEBUG   ] data_fetcher: ClosingPriceInfo fields for 59598536122397373: {'instrumentState': {'idn': 0, 'dEven': 0, 'hEven': 0, 'insCode': None, 'lVal18AFC': None, 'lVal30': None, 'cEtaval': 'A ', 'realHeven': 0, 'underSupervision': 0, 'cEtavalTitle': 'مجاز'}, 'lastHEven': 135156, 'finalLastDate': 20260524, 'priceMin': 10948.0, 'priceMax': 10950.0, 'priceYesterday': 10940.0, 'priceFirst': 10949.0, 'insCode': '0', 'dEven': 20260524, 'hEven': 135156, 'pClosing': 10949.0, 'pDrCotVal': 10950.0, 'zTotTran': 21.0, 'qTotTran5J': 162254.0, 'qTotCap': 1776485727.0}
2026-05-24 15:25:49 [DEBUG   ] urllib3.connectionpool: https://www.tsetmc.com:443 "GET /instrument/57761388729898548 HTTP/1.1" 200 824
2026-05-24 15:25:49 [DEBUG   ] data_fetcher:   HTML page for 57761388729898548: 824 bytes
2026-05-24 15:25:49 [DEBUG   ] data_fetcher:   No NAV found in TSETMC HTML for ins_code=57761388729898548
2026-05-24 15:25:49 [DEBUG   ] urllib3.connectionpool: https://cdn.tsetmc.com:443 "GET /api/StaticThreshold/GetStaticThreshold/57761388729898548/0 HTTP/1.1" 200 824
2026-05-24 15:25:49 [DEBUG   ] data_fetcher:   No NAV found for ins_code=57761388729898548
2026-05-24 15:25:49 [DEBUG   ] urllib3.connectionpool: https://cdn.tsetmc.com:443 "GET /api/Instrument/GetInstrumentInfo/59598536122397373 HTTP/1.1" 200 None
2026-05-24 15:25:49 [DEBUG   ] urllib3.connectionpool: https://cdn.tsetmc.com:443 "GET /api/BestLimits/57761388729898548 HTTP/1.1" 200 None
2026-05-24 15:25:49 [DEBUG   ] data_fetcher: InstrumentInfo top-level keys for 59598536122397373: ['instrumentInfo']
2026-05-24 15:25:49 [DEBUG   ] data_fetcher: InstrumentInfo non-zero fields for 59598536122397373: {'eps': {'epsValue': None, 'estimatedEPS': '291', 'sectorPE': 273.25, 'psr': 0.0}, 'sector': {'dEven': 0, 'cSecVal': '68 ', 'lSecVal': 'صندوق سرمايه گذاري قابل معامله'}, 'staticThreshold': {'insCode': None, 'dEven': 0, 'hEven': 0, 'psGelStaMax': 11268.0, 'psGelStaMin': 10612.0}, 'minWeek': 10905.0, 'maxWeek': 10941.0, 'minYear': 10000.0, 'maxYear': 10941.0, 'qTotTran5JAvg': 2426315.0, 'dEven': 20260524, 'faraDesc': 'نوع صندوق : در اوراق بهادار با درآمد ثابت', 'etfIssuedUnit': 362000000.0, 'etfUnitDeven': 20260523, 'lVal18': 'S.KhobreganNaftETF', 'yVal': '305', 'insCode': '59598536122397373', 'lVal30': 'صندوق س.سپهرخبرگان نفت-د', 'lVal18AFC': 'سخند', 'flow': 2, 'cIsin': 'IRT3SSNF0003', 'zTitad': 500000000.0, 'baseVol': 1, 'instrumentID': 'IRT3SSNF0001', 'cgrValCot': '1A', 'cComVal': '4', 'sourceID': 2, 'flowTitle': 'بازار فرابورس', 'cgrValCotTitle': 'بازار ابزارهاي نوين مالي فرابورس'}
2026-05-24 15:25:50 [DEBUG   ] urllib3.connectionpool: https://www.tsetmc.com:443 "GET /Loader.aspx?ParTree=15131W&i=59598536122397373 HTTP/1.1" 200 824
2026-05-24 15:25:50 [DEBUG   ] data_fetcher: Loader API for 59598536122397373: 824 bytes, preview: <!doctype html><html lang="en"><head><meta charset="utf-8"/><link rel="icon" href="/favicon.ico?v=2"
2026-05-24 15:25:50 [DEBUG   ] urllib3.connectionpool: https://cdn.tsetmc.com:443 "GET /api/ETF/ETFByInsCode/59598536122397373 HTTP/1.1" 200 824
2026-05-24 15:25:50 [INFO    ] data_fetcher: [12/20] Fetching فردا ...
2026-05-24 15:25:50 [DEBUG   ] urllib3.connectionpool: https://cdn.tsetmc.com:443 "GET /api/ETF/GetETFByInsCode/59598536122397373 HTTP/1.1" 200 824
2026-05-24 15:25:50 [DEBUG   ] urllib3.connectionpool: https://cdn.tsetmc.com:443 "GET /api/ClosingPrice/GetClosingPriceInfo/65249046611427924 HTTP/1.1" 200 None
2026-05-24 15:25:50 [DEBUG   ] data_fetcher: ClosingPriceInfo top-level keys for 65249046611427924: ['closingPriceInfo']
2026-05-24 15:25:50 [DEBUG   ] data_fetcher: ClosingPriceInfo fields for 65249046611427924: {'instrumentState': {'idn': 0, 'dEven': 0, 'hEven': 0, 'insCode': None, 'lVal18AFC': None, 'lVal30': None, 'cEtaval': 'A ', 'realHeven': 0, 'underSupervision': 0, 'cEtavalTitle': 'مجاز'}, 'lastHEven': 145603, 'finalLastDate': 20260524, 'priceMin': 38161.0, 'priceMax': 38162.0, 'priceYesterday': 38112.0, 'priceFirst': 38161.0, 'insCode': '0', 'dEven': 20260524, 'hEven': 145603, 'pClosing': 38161.0, 'pDrCotVal': 38161.0, 'zTotTran': 479.0, 'qTotTran5J': 98126292.0, 'qTotCap': 3744631366765.0}
2026-05-24 15:25:50 [DEBUG   ] urllib3.connectionpool: https://cdn.tsetmc.com:443 "GET /api/ETF/GetETFInfo/59598536122397373 HTTP/1.1" 200 824
2026-05-24 15:25:50 [DEBUG   ] urllib3.connectionpool: https://cdn.tsetmc.com:443 "GET /api/Fund/GetFundInfo/59598536122397373 HTTP/1.1" 404 0
2026-05-24 15:25:50 [DEBUG   ] urllib3.connectionpool: https://cdn.tsetmc.com:443 "GET /api/Fund/GetFund/59598536122397373 HTTP/1.1" 404 0
2026-05-24 15:25:50 [DEBUG   ] urllib3.connectionpool: https://cdn.tsetmc.com:443 "GET /api/Fund/GetFundLastInfo/59598536122397373 HTTP/1.1" 404 0
2026-05-24 15:25:50 [DEBUG   ] urllib3.connectionpool: https://cdn.tsetmc.com:443 "GET /api/Fund/GetMutualFundByInsCode/59598536122397373 HTTP/1.1" 404 0
2026-05-24 15:25:50 [DEBUG   ] urllib3.connectionpool: https://cdn.tsetmc.com:443 "GET /api/Instrument/GetInstrumentInfo/65249046611427924 HTTP/1.1" 200 None
2026-05-24 15:25:50 [DEBUG   ] data_fetcher: InstrumentInfo top-level keys for 65249046611427924: ['instrumentInfo']
2026-05-24 15:25:50 [DEBUG   ] data_fetcher: InstrumentInfo non-zero fields for 65249046611427924: {'eps': {'epsValue': None, 'estimatedEPS': None, 'sectorPE': 0.0, 'psr': 0.0}, 'sector': {'dEven': 0, 'cSecVal': '68 ', 'lSecVal': 'صندوق سرمايه گذاري قابل معامله'}, 'staticThreshold': {'insCode': None, 'dEven': 0, 'hEven': 0, 'psGelStaMax': 39255.0, 'psGelStaMin': 36969.0}, 'minWeek': 38016.0, 'maxWeek': 38113.0, 'minYear': 27840.0, 'maxYear': 38113.0, 'qTotTran5JAvg': 114857840.0, 'dEven': 20260524, 'faraDesc': 'نوع صندوق: در اوراق بهادار با درآمد ثابت', 'etfIssuedUnit': 3485609071.0, 'etfUnitDeven': 20260523, 'lVal18': 'Avaye Farda ETF', 'yVal': '305', 'insCode': '65249046611427924', 'lVal30': 'صندوق س آواي فرداي زاگرس-ثابت', 'lVal18AFC': 'فردا', 'flow': 1, 'cIsin': 'IRT1FRDA0008', 'zTitad': 4800000000.0, 'baseVol': 1, 'instrumentID': 'IRT1FRDA0001', 'cgrValCot': 'H1', 'cComVal': '4', 'sourceID': 1, 'flowTitle': 'بازار بورس', 'cgrValCotTitle': 'بازار صندوق های قابل معامله'}
2026-05-24 15:25:50 [DEBUG   ] urllib3.connectionpool: https://cdn.tsetmc.com:443 "GET /api/Fund/FundInfo/59598536122397373 HTTP/1.1" 404 0
2026-05-24 15:25:50 [DEBUG   ] urllib3.connectionpool: https://www.tsetmc.com:443 "GET /Loader.aspx?ParTree=15131W&i=65249046611427924 HTTP/1.1" 200 824
2026-05-24 15:25:50 [DEBUG   ] data_fetcher: Loader API for 65249046611427924: 824 bytes, preview: <!doctype html><html lang="en"><head><meta charset="utf-8"/><link rel="icon" href="/favicon.ico?v=2"
2026-05-24 15:25:50 [DEBUG   ] urllib3.connectionpool: https://cdn.tsetmc.com:443 "GET /api/Fund/FundData/59598536122397373 HTTP/1.1" 404 0
2026-05-24 15:25:50 [DEBUG   ] urllib3.connectionpool: https://cdn.tsetmc.com:443 "GET /api/ETF/ETFByInsCode/65249046611427924 HTTP/1.1" 200 824
2026-05-24 15:25:50 [DEBUG   ] urllib3.connectionpool: https://www.tsetmc.com:443 "GET /instrument/59598536122397373 HTTP/1.1" 200 824
2026-05-24 15:25:50 [DEBUG   ] data_fetcher:   HTML page for 59598536122397373: 824 bytes
2026-05-24 15:25:50 [DEBUG   ] data_fetcher:   No NAV found in TSETMC HTML for ins_code=59598536122397373
2026-05-24 15:25:50 [DEBUG   ] urllib3.connectionpool: https://cdn.tsetmc.com:443 "GET /api/ETF/GetETFByInsCode/65249046611427924 HTTP/1.1" 200 824
2026-05-24 15:25:50 [DEBUG   ] urllib3.connectionpool: https://cdn.tsetmc.com:443 "GET /api/StaticThreshold/GetStaticThreshold/59598536122397373/0 HTTP/1.1" 200 824
2026-05-24 15:25:50 [DEBUG   ] data_fetcher:   No NAV found for ins_code=59598536122397373
2026-05-24 15:25:50 [DEBUG   ] urllib3.connectionpool: https://cdn.tsetmc.com:443 "GET /api/ETF/GetETFInfo/65249046611427924 HTTP/1.1" 200 824
2026-05-24 15:25:50 [DEBUG   ] urllib3.connectionpool: https://cdn.tsetmc.com:443 "GET /api/Fund/GetFundInfo/65249046611427924 HTTP/1.1" 404 0
2026-05-24 15:25:50 [DEBUG   ] urllib3.connectionpool: https://cdn.tsetmc.com:443 "GET /api/Fund/GetFund/65249046611427924 HTTP/1.1" 404 0
2026-05-24 15:25:50 [DEBUG   ] urllib3.connectionpool: https://cdn.tsetmc.com:443 "GET /api/Fund/GetFundLastInfo/65249046611427924 HTTP/1.1" 404 0
2026-05-24 15:25:50 [DEBUG   ] urllib3.connectionpool: https://cdn.tsetmc.com:443 "GET /api/BestLimits/59598536122397373 HTTP/1.1" 200 None
2026-05-24 15:25:50 [DEBUG   ] urllib3.connectionpool: https://cdn.tsetmc.com:443 "GET /api/Fund/GetMutualFundByInsCode/65249046611427924 HTTP/1.1" 404 0
2026-05-24 15:25:50 [DEBUG   ] urllib3.connectionpool: https://cdn.tsetmc.com:443 "GET /api/Fund/FundInfo/65249046611427924 HTTP/1.1" 404 0
2026-05-24 15:25:51 [DEBUG   ] urllib3.connectionpool: https://cdn.tsetmc.com:443 "GET /api/Fund/FundData/65249046611427924 HTTP/1.1" 404 0
2026-05-24 15:25:51 [DEBUG   ] urllib3.connectionpool: https://www.tsetmc.com:443 "GET /instrument/65249046611427924 HTTP/1.1" 200 824
2026-05-24 15:25:51 [DEBUG   ] data_fetcher:   HTML page for 65249046611427924: 824 bytes
2026-05-24 15:25:51 [DEBUG   ] data_fetcher:   No NAV found in TSETMC HTML for ins_code=65249046611427924
2026-05-24 15:25:51 [INFO    ] data_fetcher: [15/20] Fetching سپهر ...
2026-05-24 15:25:51 [DEBUG   ] urllib3.connectionpool: https://cdn.tsetmc.com:443 "GET /api/StaticThreshold/GetStaticThreshold/65249046611427924/0 HTTP/1.1" 200 824
2026-05-24 15:25:51 [DEBUG   ] data_fetcher:   No NAV found for ins_code=65249046611427924
2026-05-24 15:25:51 [DEBUG   ] urllib3.connectionpool: https://cdn.tsetmc.com:443 "GET /api/Instrument/GetInstrumentSearch/%D8%B3%D9%BE%D9%87%D8%B1 HTTP/1.1" 200 None
2026-05-24 15:25:51 [DEBUG   ] data_fetcher:   TSETMC search for 'سپهر': 42 results → [('سپهر', 'ص.ج. سپهريكم 60% تاد'), ('پارند', 'صندوق س. پارند پايدا'), ('ثپهران', 'توسعه ساختمان سپهر ت'), ('ثپهرانح', 'ح.توسعه ساختمان سپهر'), ('آسام', 'صندوق س.آرمان سپهر آ'), ('تابان08', 'اجاره تابان فردا سپه')]
2026-05-24 15:25:51 [WARNING ] data_fetcher:   ⚠ [P2] ins_code for 'سپهر': 471543293603227 (ص.ج. سپهريكم 60% تاديه) — name does NOT contain 'صندوق', may be wrong instrument!
2026-05-24 15:25:51 [DEBUG   ] urllib3.connectionpool: https://cdn.tsetmc.com:443 "GET /api/BestLimits/65249046611427924 HTTP/1.1" 200 None
2026-05-24 15:25:51 [DEBUG   ] urllib3.connectionpool: https://cdn.tsetmc.com:443 "GET /api/ClosingPrice/GetClosingPriceInfo/471543293603227 HTTP/1.1" 200 None
2026-05-24 15:25:51 [DEBUG   ] data_fetcher: ClosingPriceInfo top-level keys for 471543293603227: ['closingPriceInfo']
2026-05-24 15:25:51 [DEBUG   ] data_fetcher: ClosingPriceInfo fields for 471543293603227: {'instrumentState': {'idn': 0, 'dEven': 0, 'hEven': 0, 'insCode': None, 'lVal18AFC': None, 'lVal30': None, 'cEtaval': 'A ', 'realHeven': 0, 'underSupervision': 0, 'cEtavalTitle': 'مجاز'}, 'lastHEven': 61020, 'finalLastDate': 20250629, 'priceYesterday': 856379.0, 'insCode': '0', 'dEven': 20260524, 'hEven': 61020, 'pClosing': 856379.0, 'pDrCotVal': 856379.0}
2026-05-24 15:25:51 [INFO    ] data_fetcher: [13/20] Fetching گوهر ...
2026-05-24 15:25:51 [DEBUG   ] urllib3.connectionpool: https://cdn.tsetmc.com:443 "GET /api/Instrument/GetInstrumentInfo/471543293603227 HTTP/1.1" 200 None
2026-05-24 15:25:51 [DEBUG   ] data_fetcher: InstrumentInfo top-level keys for 471543293603227: ['instrumentInfo']
2026-05-24 15:25:51 [DEBUG   ] data_fetcher: InstrumentInfo non-zero fields for 471543293603227: {'eps': {'epsValue': None, 'estimatedEPS': None, 'sectorPE': 273.25, 'psr': 0.0}, 'sector': {'dEven': 0, 'cSecVal': '68 ', 'lSecVal': 'صندوق سرمايه گذاري قابل معامله'}, 'staticThreshold': {'insCode': None, 'dEven': 0, 'hEven': 0, 'psGelStaMax': 942016.0, 'psGelStaMin': 770742.0}, 'minYear': 856379.0, 'maxYear': 951532.0, 'dEven': 20260524, 'faraDesc': 'نوع صندوق :  جسورانه', 'lVal18': 'Sepehr Aval VCF-VR', 'yVal': '305', 'insCode': '471543293603227', 'lVal30': 'ص.ج. سپهريكم 60% تاديه', 'lVal18AFC': 'سپهر', 'flow': 2, 'cIsin': 'IRT3VC140004', 'zTitad': 1000000.0, 'baseVol': 1, 'instrumentID': 'IRT3VC140001', 'cgrValCot': 'TJ', 'cComVal': '4', 'sourceID': 2, 'flowTitle': 'بازار فرابورس', 'cgrValCotTitle': "-'"}
2026-05-24 15:25:51 [DEBUG   ] urllib3.connectionpool: https://cdn.tsetmc.com:443 "GET /api/ClosingPrice/GetClosingPriceInfo/12390706505809150 HTTP/1.1" 200 None
2026-05-24 15:25:51 [DEBUG   ] data_fetcher: ClosingPriceInfo top-level keys for 12390706505809150: ['closingPriceInfo']
2026-05-24 15:25:51 [DEBUG   ] data_fetcher: ClosingPriceInfo fields for 12390706505809150: {'instrumentState': {'idn': 0, 'dEven': 0, 'hEven': 0, 'insCode': None, 'lVal18AFC': None, 'lVal30': None, 'cEtaval': 'A ', 'realHeven': 0, 'underSupervision': 0, 'cEtavalTitle': 'مجاز'}, 'lastHEven': 152540, 'finalLastDate': 20260524, 'priceMin': 845000.0, 'priceMax': 867161.0, 'priceYesterday': 894317.0, 'priceFirst': 850080.0, 'insCode': '0', 'dEven': 20260524, 'hEven': 152540, 'pClosing': 853980.0, 'pDrCotVal': 854901.0, 'zTotTran': 6499.0, 'qTotTran5J': 3273660.0, 'qTotCap': 2795639728204.0}
2026-05-24 15:25:51 [DEBUG   ] urllib3.connectionpool: https://www.tsetmc.com:443 "GET /Loader.aspx?ParTree=15131W&i=471543293603227 HTTP/1.1" 200 824
2026-05-24 15:25:51 [DEBUG   ] data_fetcher: Loader API for 471543293603227: 824 bytes, preview: <!doctype html><html lang="en"><head><meta charset="utf-8"/><link rel="icon" href="/favicon.ico?v=2"
2026-05-24 15:25:51 [DEBUG   ] urllib3.connectionpool: https://cdn.tsetmc.com:443 "GET /api/ETF/ETFByInsCode/471543293603227 HTTP/1.1" 200 824
2026-05-24 15:25:51 [DEBUG   ] urllib3.connectionpool: https://cdn.tsetmc.com:443 "GET /api/ETF/GetETFByInsCode/471543293603227 HTTP/1.1" 200 824
2026-05-24 15:25:51 [DEBUG   ] urllib3.connectionpool: https://cdn.tsetmc.com:443 "GET /api/ETF/GetETFInfo/471543293603227 HTTP/1.1" 200 824
2026-05-24 15:25:51 [DEBUG   ] urllib3.connectionpool: https://cdn.tsetmc.com:443 "GET /api/Instrument/GetInstrumentInfo/12390706505809150 HTTP/1.1" 200 None
2026-05-24 15:25:51 [DEBUG   ] data_fetcher: InstrumentInfo top-level keys for 12390706505809150: ['instrumentInfo']
2026-05-24 15:25:51 [DEBUG   ] data_fetcher: InstrumentInfo non-zero fields for 12390706505809150: {'eps': {'epsValue': None, 'estimatedEPS': None, 'sectorPE': 0.0, 'psr': 0.0}, 'sector': {'dEven': 0, 'cSecVal': '68 ', 'lSecVal': 'صندوق سرمايه گذاري قابل معامله'}, 'staticThreshold': {'insCode': None, 'dEven': 0, 'hEven': 0, 'psGelStaMax': 983748.0, 'psGelStaMin': 804886.0}, 'minWeek': 889797.0, 'maxWeek': 923999.0, 'minYear': 310002.0, 'maxYear': 1020000.0, 'qTotTran5JAvg': 7268279.0, 'dEven': 20260524, 'etfIssuedUnit': 252807872.0, 'etfUnitDeven': 20260523, 'lVal18': 'Gohar', 'yVal': '380', 'insCode': '12390706505809150', 'lVal30': 'صندوق طلاي كيان', 'lVal18AFC': 'گوهر', 'flow': 7, 'cIsin': 'IRTKKIAN0009', 'zTitad': 300000000.0, 'baseVol': 1, 'instrumentID': 'IRTKKIAN0001', 'cgrValCot': 'QS', 'cComVal': '4', 'sourceID': 1, 'cgrValCotTitle': 'صندوق های کالایی'}
2026-05-24 15:25:51 [DEBUG   ] urllib3.connectionpool: https://cdn.tsetmc.com:443 "GET /api/Fund/GetFundInfo/471543293603227 HTTP/1.1" 404 0
2026-05-24 15:25:51 [DEBUG   ] urllib3.connectionpool: https://www.tsetmc.com:443 "GET /Loader.aspx?ParTree=15131W&i=12390706505809150 HTTP/1.1" 200 824
2026-05-24 15:25:51 [DEBUG   ] data_fetcher: Loader API for 12390706505809150: 824 bytes, preview: <!doctype html><html lang="en"><head><meta charset="utf-8"/><link rel="icon" href="/favicon.ico?v=2"
2026-05-24 15:25:51 [DEBUG   ] urllib3.connectionpool: https://cdn.tsetmc.com:443 "GET /api/Fund/GetFund/471543293603227 HTTP/1.1" 404 0
2026-05-24 15:25:52 [DEBUG   ] urllib3.connectionpool: https://cdn.tsetmc.com:443 "GET /api/ETF/ETFByInsCode/12390706505809150 HTTP/1.1" 200 824
2026-05-24 15:25:52 [DEBUG   ] urllib3.connectionpool: https://cdn.tsetmc.com:443 "GET /api/Fund/GetFundLastInfo/471543293603227 HTTP/1.1" 404 0
2026-05-24 15:25:52 [DEBUG   ] urllib3.connectionpool: https://cdn.tsetmc.com:443 "GET /api/ETF/GetETFByInsCode/12390706505809150 HTTP/1.1" 200 824
2026-05-24 15:25:52 [DEBUG   ] urllib3.connectionpool: https://cdn.tsetmc.com:443 "GET /api/Fund/GetMutualFundByInsCode/471543293603227 HTTP/1.1" 404 0
2026-05-24 15:25:52 [DEBUG   ] urllib3.connectionpool: https://cdn.tsetmc.com:443 "GET /api/ETF/GetETFInfo/12390706505809150 HTTP/1.1" 200 824
2026-05-24 15:25:52 [DEBUG   ] urllib3.connectionpool: https://cdn.tsetmc.com:443 "GET /api/Fund/FundInfo/471543293603227 HTTP/1.1" 404 0
2026-05-24 15:25:52 [DEBUG   ] urllib3.connectionpool: https://cdn.tsetmc.com:443 "GET /api/Fund/GetFundInfo/12390706505809150 HTTP/1.1" 404 0
2026-05-24 15:25:52 [DEBUG   ] urllib3.connectionpool: https://cdn.tsetmc.com:443 "GET /api/Fund/FundData/471543293603227 HTTP/1.1" 404 0
2026-05-24 15:25:52 [DEBUG   ] urllib3.connectionpool: https://cdn.tsetmc.com:443 "GET /api/Fund/GetFund/12390706505809150 HTTP/1.1" 404 0
2026-05-24 15:25:52 [DEBUG   ] urllib3.connectionpool: https://www.tsetmc.com:443 "GET /instrument/471543293603227 HTTP/1.1" 200 824
2026-05-24 15:25:52 [DEBUG   ] data_fetcher:   HTML page for 471543293603227: 824 bytes
2026-05-24 15:25:52 [DEBUG   ] data_fetcher:   No NAV found in TSETMC HTML for ins_code=471543293603227
2026-05-24 15:25:52 [DEBUG   ] urllib3.connectionpool: https://cdn.tsetmc.com:443 "GET /api/Fund/GetFundLastInfo/12390706505809150 HTTP/1.1" 404 0
2026-05-24 15:25:52 [DEBUG   ] urllib3.connectionpool: https://cdn.tsetmc.com:443 "GET /api/StaticThreshold/GetStaticThreshold/471543293603227/0 HTTP/1.1" 200 824
2026-05-24 15:25:52 [DEBUG   ] data_fetcher:   No NAV found for ins_code=471543293603227
2026-05-24 15:25:52 [DEBUG   ] urllib3.connectionpool: https://cdn.tsetmc.com:443 "GET /api/Fund/GetMutualFundByInsCode/12390706505809150 HTTP/1.1" 404 0
2026-05-24 15:25:52 [DEBUG   ] urllib3.connectionpool: https://cdn.tsetmc.com:443 "GET /api/Fund/FundInfo/12390706505809150 HTTP/1.1" 404 0
2026-05-24 15:25:52 [DEBUG   ] urllib3.connectionpool: https://cdn.tsetmc.com:443 "GET /api/Fund/FundData/12390706505809150 HTTP/1.1" 404 0
2026-05-24 15:25:52 [DEBUG   ] urllib3.connectionpool: https://www.tsetmc.com:443 "GET /instrument/12390706505809150 HTTP/1.1" 200 824
2026-05-24 15:25:52 [DEBUG   ] data_fetcher:   HTML page for 12390706505809150: 824 bytes
2026-05-24 15:25:52 [DEBUG   ] data_fetcher:   No NAV found in TSETMC HTML for ins_code=12390706505809150
2026-05-24 15:25:52 [DEBUG   ] urllib3.connectionpool: https://cdn.tsetmc.com:443 "GET /api/StaticThreshold/GetStaticThreshold/12390706505809150/0 HTTP/1.1" 200 824
2026-05-24 15:25:52 [DEBUG   ] data_fetcher:   No NAV found for ins_code=12390706505809150
2026-05-24 15:25:52 [DEBUG   ] urllib3.connectionpool: https://cdn.tsetmc.com:443 "GET /api/BestLimits/471543293603227 HTTP/1.1" 200 None
2026-05-24 15:25:52 [INFO    ] data_fetcher: [16/20] Fetching یاقوت ...
2026-05-24 15:25:52 [DEBUG   ] urllib3.connectionpool: https://cdn.tsetmc.com:443 "GET /api/BestLimits/12390706505809150 HTTP/1.1" 200 None
2026-05-24 15:25:52 [DEBUG   ] urllib3.connectionpool: https://cdn.tsetmc.com:443 "GET /api/Instrument/GetInstrumentSearch/%DB%8C%D8%A7%D9%82%D9%88%D8%AA HTTP/1.1" 200 None
2026-05-24 15:25:52 [DEBUG   ] data_fetcher:   TSETMC search for 'یاقوت': 1 results → [('ياقوت', 'صندوق س ياقوت آگاه-ث')]
2026-05-24 15:25:52 [INFO    ] data_fetcher:   ✓ [P0] ins_code for 'یاقوت': 1438514795814416 (ياقوت — صندوق س ياقوت آگاه-ثابت)
2026-05-24 15:25:52 [INFO    ] data_fetcher: [14/20] Fetching سخند ...
2026-05-24 15:25:52 [DEBUG   ] urllib3.connectionpool: https://cdn.tsetmc.com:443 "GET /api/ClosingPrice/GetClosingPriceInfo/1438514795814416 HTTP/1.1" 200 None
2026-05-24 15:25:52 [DEBUG   ] data_fetcher: ClosingPriceInfo top-level keys for 1438514795814416: ['closingPriceInfo']
2026-05-24 15:25:52 [DEBUG   ] data_fetcher: ClosingPriceInfo fields for 1438514795814416: {'instrumentState': {'idn': 0, 'dEven': 0, 'hEven': 0, 'insCode': None, 'lVal18AFC': None, 'lVal30': None, 'cEtaval': 'A ', 'realHeven': 0, 'underSupervision': 0, 'cEtavalTitle': 'مجاز'}, 'lastHEven': 145958, 'finalLastDate': 20260524, 'priceMin': 42265.0, 'priceMax': 42267.0, 'priceYesterday': 42214.0, 'priceFirst': 42265.0, 'insCode': '0', 'dEven': 20260524, 'hEven': 145958, 'pClosing': 42266.0, 'pDrCotVal': 42266.0, 'zTotTran': 22702.0, 'qTotTran5J': 525322181.0, 'qTotCap': 22203113872228.0}
2026-05-24 15:25:52 [DEBUG   ] urllib3.connectionpool: https://cdn.tsetmc.com:443 "GET /api/ClosingPrice/GetClosingPriceInfo/59598536122397373 HTTP/1.1" 200 None
2026-05-24 15:25:52 [DEBUG   ] data_fetcher: ClosingPriceInfo top-level keys for 59598536122397373: ['closingPriceInfo']
2026-05-24 15:25:52 [DEBUG   ] data_fetcher: ClosingPriceInfo fields for 59598536122397373: {'instrumentState': {'idn': 0, 'dEven': 0, 'hEven': 0, 'insCode': None, 'lVal18AFC': None, 'lVal30': None, 'cEtaval': 'A ', 'realHeven': 0, 'underSupervision': 0, 'cEtavalTitle': 'مجاز'}, 'lastHEven': 135156, 'finalLastDate': 20260524, 'priceMin': 10948.0, 'priceMax': 10950.0, 'priceYesterday': 10940.0, 'priceFirst': 10949.0, 'insCode': '0', 'dEven': 20260524, 'hEven': 135156, 'pClosing': 10949.0, 'pDrCotVal': 10950.0, 'zTotTran': 21.0, 'qTotTran5J': 162254.0, 'qTotCap': 1776485727.0}
2026-05-24 15:25:53 [DEBUG   ] urllib3.connectionpool: https://cdn.tsetmc.com:443 "GET /api/Instrument/GetInstrumentInfo/1438514795814416 HTTP/1.1" 200 None
2026-05-24 15:25:53 [DEBUG   ] data_fetcher: InstrumentInfo top-level keys for 1438514795814416: ['instrumentInfo']
2026-05-24 15:25:53 [DEBUG   ] data_fetcher: InstrumentInfo non-zero fields for 1438514795814416: {'eps': {'epsValue': None, 'estimatedEPS': None, 'sectorPE': 0.0, 'psr': 0.0}, 'sector': {'dEven': 0, 'cSecVal': '68 ', 'lSecVal': 'صندوق سرمايه گذاري قابل معامله'}, 'staticThreshold': {'insCode': None, 'dEven': 0, 'hEven': 0, 'psGelStaMax': 43480.0, 'psGelStaMin': 40948.0}, 'minWeek': 42096.0, 'maxWeek': 42215.0, 'minYear': 31034.0, 'maxYear': 42215.0, 'qTotTran5JAvg': 490508614.0, 'dEven': 20260524, 'faraDesc': 'نوع صندوق: در اوراق بهادار با درآمد ثابت', 'etfIssuedUnit': 11195318511.0, 'etfUnitDeven': 20260523, 'lVal18': 'Yaghoot Agah ETF', 'yVal': '305', 'insCode': '1438514795814416', 'lVal30': 'صندوق س ياقوت آگاه-ثابت', 'lVal18AFC': 'ياقوت', 'flow': 1, 'cIsin': 'IRT1YGHT0003', 'zTitad': 13000000000.0, 'baseVol': 1, 'instrumentID': 'IRT1YGHT0001', 'cgrValCot': 'H1', 'cComVal': '4', 'sourceID': 1, 'flowTitle': 'بازار بورس', 'cgrValCotTitle': 'بازار صندوق های قابل معامله'}
2026-05-24 15:25:53 [DEBUG   ] urllib3.connectionpool: https://cdn.tsetmc.com:443 "GET /api/Instrument/GetInstrumentInfo/59598536122397373 HTTP/1.1" 200 None
2026-05-24 15:25:53 [DEBUG   ] data_fetcher: InstrumentInfo top-level keys for 59598536122397373: ['instrumentInfo']
2026-05-24 15:25:53 [DEBUG   ] data_fetcher: InstrumentInfo non-zero fields for 59598536122397373: {'eps': {'epsValue': None, 'estimatedEPS': '291', 'sectorPE': 273.25, 'psr': 0.0}, 'sector': {'dEven': 0, 'cSecVal': '68 ', 'lSecVal': 'صندوق سرمايه گذاري قابل معامله'}, 'staticThreshold': {'insCode': None, 'dEven': 0, 'hEven': 0, 'psGelStaMax': 11268.0, 'psGelStaMin': 10612.0}, 'minWeek': 10905.0, 'maxWeek': 10941.0, 'minYear': 10000.0, 'maxYear': 10941.0, 'qTotTran5JAvg': 2426315.0, 'dEven': 20260524, 'faraDesc': 'نوع صندوق : در اوراق بهادار با درآمد ثابت', 'etfIssuedUnit': 362000000.0, 'etfUnitDeven': 20260523, 'lVal18': 'S.KhobreganNaftETF', 'yVal': '305', 'insCode': '59598536122397373', 'lVal30': 'صندوق س.سپهرخبرگان نفت-د', 'lVal18AFC': 'سخند', 'flow': 2, 'cIsin': 'IRT3SSNF0003', 'zTitad': 500000000.0, 'baseVol': 1, 'instrumentID': 'IRT3SSNF0001', 'cgrValCot': '1A', 'cComVal': '4', 'sourceID': 2, 'flowTitle': 'بازار فرابورس', 'cgrValCotTitle': 'بازار ابزارهاي نوين مالي فرابورس'}
2026-05-24 15:25:53 [DEBUG   ] urllib3.connectionpool: https://www.tsetmc.com:443 "GET /Loader.aspx?ParTree=15131W&i=1438514795814416 HTTP/1.1" 200 824
2026-05-24 15:25:53 [DEBUG   ] data_fetcher: Loader API for 1438514795814416: 824 bytes, preview: <!doctype html><html lang="en"><head><meta charset="utf-8"/><link rel="icon" href="/favicon.ico?v=2"
2026-05-24 15:25:53 [DEBUG   ] urllib3.connectionpool: https://www.tsetmc.com:443 "GET /Loader.aspx?ParTree=15131W&i=59598536122397373 HTTP/1.1" 200 824
2026-05-24 15:25:53 [DEBUG   ] data_fetcher: Loader API for 59598536122397373: 824 bytes, preview: <!doctype html><html lang="en"><head><meta charset="utf-8"/><link rel="icon" href="/favicon.ico?v=2"
2026-05-24 15:25:53 [DEBUG   ] urllib3.connectionpool: https://cdn.tsetmc.com:443 "GET /api/ETF/ETFByInsCode/1438514795814416 HTTP/1.1" 200 824
2026-05-24 15:25:53 [DEBUG   ] urllib3.connectionpool: https://cdn.tsetmc.com:443 "GET /api/ETF/ETFByInsCode/59598536122397373 HTTP/1.1" 200 824
2026-05-24 15:25:53 [DEBUG   ] urllib3.connectionpool: https://cdn.tsetmc.com:443 "GET /api/ETF/GetETFByInsCode/1438514795814416 HTTP/1.1" 200 824
2026-05-24 15:25:53 [DEBUG   ] urllib3.connectionpool: https://cdn.tsetmc.com:443 "GET /api/ETF/GetETFByInsCode/59598536122397373 HTTP/1.1" 200 824
2026-05-24 15:25:53 [DEBUG   ] urllib3.connectionpool: https://cdn.tsetmc.com:443 "GET /api/ETF/GetETFInfo/1438514795814416 HTTP/1.1" 200 824
2026-05-24 15:25:53 [DEBUG   ] urllib3.connectionpool: https://cdn.tsetmc.com:443 "GET /api/ETF/GetETFInfo/59598536122397373 HTTP/1.1" 200 824
2026-05-24 15:25:53 [DEBUG   ] urllib3.connectionpool: https://cdn.tsetmc.com:443 "GET /api/Fund/GetFundInfo/1438514795814416 HTTP/1.1" 404 0
2026-05-24 15:25:53 [DEBUG   ] urllib3.connectionpool: https://cdn.tsetmc.com:443 "GET /api/Fund/GetFundInfo/59598536122397373 HTTP/1.1" 404 0
2026-05-24 15:25:53 [DEBUG   ] urllib3.connectionpool: https://cdn.tsetmc.com:443 "GET /api/Fund/GetFund/1438514795814416 HTTP/1.1" 404 0
2026-05-24 15:25:53 [DEBUG   ] urllib3.connectionpool: https://cdn.tsetmc.com:443 "GET /api/Fund/GetFund/59598536122397373 HTTP/1.1" 404 0
2026-05-24 15:25:53 [DEBUG   ] urllib3.connectionpool: https://cdn.tsetmc.com:443 "GET /api/Fund/GetFundLastInfo/1438514795814416 HTTP/1.1" 404 0
2026-05-24 15:25:53 [DEBUG   ] urllib3.connectionpool: https://cdn.tsetmc.com:443 "GET /api/Fund/GetFundLastInfo/59598536122397373 HTTP/1.1" 404 0
2026-05-24 15:25:53 [DEBUG   ] urllib3.connectionpool: https://cdn.tsetmc.com:443 "GET /api/Fund/GetMutualFundByInsCode/1438514795814416 HTTP/1.1" 404 0
2026-05-24 15:25:53 [DEBUG   ] urllib3.connectionpool: https://cdn.tsetmc.com:443 "GET /api/Fund/GetMutualFundByInsCode/59598536122397373 HTTP/1.1" 404 0
2026-05-24 15:25:53 [DEBUG   ] urllib3.connectionpool: https://cdn.tsetmc.com:443 "GET /api/Fund/FundInfo/1438514795814416 HTTP/1.1" 404 0
2026-05-24 15:25:53 [DEBUG   ] urllib3.connectionpool: https://cdn.tsetmc.com:443 "GET /api/Fund/FundInfo/59598536122397373 HTTP/1.1" 404 0
2026-05-24 15:25:53 [DEBUG   ] urllib3.connectionpool: https://cdn.tsetmc.com:443 "GET /api/Fund/FundData/1438514795814416 HTTP/1.1" 404 0
2026-05-24 15:25:53 [DEBUG   ] urllib3.connectionpool: https://www.tsetmc.com:443 "GET /instrument/1438514795814416 HTTP/1.1" 200 824
2026-05-24 15:25:53 [DEBUG   ] data_fetcher:   HTML page for 1438514795814416: 824 bytes
2026-05-24 15:25:53 [DEBUG   ] data_fetcher:   No NAV found in TSETMC HTML for ins_code=1438514795814416
2026-05-24 15:25:53 [DEBUG   ] urllib3.connectionpool: https://cdn.tsetmc.com:443 "GET /api/Fund/FundData/59598536122397373 HTTP/1.1" 404 0
2026-05-24 15:25:53 [DEBUG   ] urllib3.connectionpool: https://cdn.tsetmc.com:443 "GET /api/StaticThreshold/GetStaticThreshold/1438514795814416/0 HTTP/1.1" 200 824
2026-05-24 15:25:53 [DEBUG   ] data_fetcher:   No NAV found for ins_code=1438514795814416
2026-05-24 15:25:53 [DEBUG   ] urllib3.connectionpool: https://www.tsetmc.com:443 "GET /instrument/59598536122397373 HTTP/1.1" 200 824
2026-05-24 15:25:53 [DEBUG   ] data_fetcher:   HTML page for 59598536122397373: 824 bytes
2026-05-24 15:25:53 [DEBUG   ] data_fetcher:   No NAV found in TSETMC HTML for ins_code=59598536122397373
2026-05-24 15:25:53 [DEBUG   ] urllib3.connectionpool: https://cdn.tsetmc.com:443 "GET /api/StaticThreshold/GetStaticThreshold/59598536122397373/0 HTTP/1.1" 200 824
2026-05-24 15:25:53 [DEBUG   ] data_fetcher:   No NAV found for ins_code=59598536122397373
2026-05-24 15:25:53 [DEBUG   ] urllib3.connectionpool: https://cdn.tsetmc.com:443 "GET /api/BestLimits/1438514795814416 HTTP/1.1" 200 None
2026-05-24 15:25:54 [DEBUG   ] urllib3.connectionpool: https://cdn.tsetmc.com:443 "GET /api/BestLimits/59598536122397373 HTTP/1.1" 200 None
2026-05-24 15:25:54 [INFO    ] data_fetcher: [17/20] Fetching فیروزا ...
2026-05-24 15:25:54 [INFO    ] data_fetcher: [15/20] Fetching سپهر ...
2026-05-24 15:25:54 [DEBUG   ] urllib3.connectionpool: https://cdn.tsetmc.com:443 "GET /api/ClosingPrice/GetClosingPriceInfo/471543293603227 HTTP/1.1" 200 None
2026-05-24 15:25:54 [DEBUG   ] data_fetcher: ClosingPriceInfo top-level keys for 471543293603227: ['closingPriceInfo']
2026-05-24 15:25:54 [DEBUG   ] data_fetcher: ClosingPriceInfo fields for 471543293603227: {'instrumentState': {'idn': 0, 'dEven': 0, 'hEven': 0, 'insCode': None, 'lVal18AFC': None, 'lVal30': None, 'cEtaval': 'A ', 'realHeven': 0, 'underSupervision': 0, 'cEtavalTitle': 'مجاز'}, 'lastHEven': 61020, 'finalLastDate': 20250629, 'priceYesterday': 856379.0, 'insCode': '0', 'dEven': 20260524, 'hEven': 61020, 'pClosing': 856379.0, 'pDrCotVal': 856379.0}
2026-05-24 15:25:54 [DEBUG   ] urllib3.connectionpool: https://cdn.tsetmc.com:443 "GET /api/Instrument/GetInstrumentSearch/%D9%81%DB%8C%D8%B1%D9%88%D8%B2%D8%A7 HTTP/1.1" 200 None
2026-05-24 15:25:54 [DEBUG   ] data_fetcher:   TSETMC search for 'فیروزا': 4 results → [('فيروزا', 'صندوق ارمغان فيروزه '), ('تفيرو', 'مهندسي فيروزا'), ('تفيرو', 'فيروزا'), ('تفيروح', 'ح . فيروزا')]
2026-05-24 15:25:54 [INFO    ] data_fetcher:   ✓ [P0] ins_code for 'فیروزا': 10795723506538053 (فيروزا — صندوق ارمغان فيروزه آسيا-ثابت)
2026-05-24 15:25:54 [DEBUG   ] urllib3.connectionpool: https://cdn.tsetmc.com:443 "GET /api/ClosingPrice/GetClosingPriceInfo/10795723506538053 HTTP/1.1" 200 None
2026-05-24 15:25:54 [DEBUG   ] data_fetcher: ClosingPriceInfo top-level keys for 10795723506538053: ['closingPriceInfo']
2026-05-24 15:25:54 [DEBUG   ] data_fetcher: ClosingPriceInfo fields for 10795723506538053: {'instrumentState': {'idn': 0, 'dEven': 0, 'hEven': 0, 'insCode': None, 'lVal18AFC': None, 'lVal30': None, 'cEtaval': 'A ', 'realHeven': 0, 'underSupervision': 0, 'cEtavalTitle': 'مجاز'}, 'lastHEven': 145959, 'finalLastDate': 20260524, 'priceMin': 81944.0, 'priceMax': 81945.0, 'priceYesterday': 81839.0, 'priceFirst': 81944.0, 'insCode': '0', 'dEven': 20260524, 'hEven': 145959, 'pClosing': 81944.0, 'pDrCotVal': 81945.0, 'zTotTran': 4949.0, 'qTotTran5J': 184652702.0, 'qTotCap': 15131246096800.0}
2026-05-24 15:25:54 [DEBUG   ] urllib3.connectionpool: https://cdn.tsetmc.com:443 "GET /api/Instrument/GetInstrumentInfo/471543293603227 HTTP/1.1" 200 None
2026-05-24 15:25:54 [DEBUG   ] data_fetcher: InstrumentInfo top-level keys for 471543293603227: ['instrumentInfo']
2026-05-24 15:25:54 [DEBUG   ] data_fetcher: InstrumentInfo non-zero fields for 471543293603227: {'eps': {'epsValue': None, 'estimatedEPS': None, 'sectorPE': 273.25, 'psr': 0.0}, 'sector': {'dEven': 0, 'cSecVal': '68 ', 'lSecVal': 'صندوق سرمايه گذاري قابل معامله'}, 'staticThreshold': {'insCode': None, 'dEven': 0, 'hEven': 0, 'psGelStaMax': 942016.0, 'psGelStaMin': 770742.0}, 'minYear': 856379.0, 'maxYear': 951532.0, 'dEven': 20260524, 'faraDesc': 'نوع صندوق :  جسورانه', 'lVal18': 'Sepehr Aval VCF-VR', 'yVal': '305', 'insCode': '471543293603227', 'lVal30': 'ص.ج. سپهريكم 60% تاديه', 'lVal18AFC': 'سپهر', 'flow': 2, 'cIsin': 'IRT3VC140004', 'zTitad': 1000000.0, 'baseVol': 1, 'instrumentID': 'IRT3VC140001', 'cgrValCot': 'TJ', 'cComVal': '4', 'sourceID': 2, 'flowTitle': 'بازار فرابورس', 'cgrValCotTitle': "-'"}
2026-05-24 15:25:54 [DEBUG   ] urllib3.connectionpool: https://www.tsetmc.com:443 "GET /Loader.aspx?ParTree=15131W&i=471543293603227 HTTP/1.1" 200 824
2026-05-24 15:25:54 [DEBUG   ] data_fetcher: Loader API for 471543293603227: 824 bytes, preview: <!doctype html><html lang="en"><head><meta charset="utf-8"/><link rel="icon" href="/favicon.ico?v=2"
2026-05-24 15:25:54 [DEBUG   ] urllib3.connectionpool: https://cdn.tsetmc.com:443 "GET /api/ETF/ETFByInsCode/471543293603227 HTTP/1.1" 200 824
2026-05-24 15:25:54 [DEBUG   ] urllib3.connectionpool: https://cdn.tsetmc.com:443 "GET /api/Instrument/GetInstrumentInfo/10795723506538053 HTTP/1.1" 200 None
2026-05-24 15:25:54 [DEBUG   ] data_fetcher: InstrumentInfo top-level keys for 10795723506538053: ['instrumentInfo']
2026-05-24 15:25:54 [DEBUG   ] data_fetcher: InstrumentInfo non-zero fields for 10795723506538053: {'eps': {'epsValue': None, 'estimatedEPS': None, 'sectorPE': 0.0, 'psr': 0.0}, 'sector': {'dEven': 0, 'cSecVal': '68 ', 'lSecVal': 'صندوق سرمايه گذاري قابل معامله'}, 'staticThreshold': {'insCode': None, 'dEven': 0, 'hEven': 0, 'psGelStaMax': 84294.0, 'psGelStaMin': 79384.0}, 'minWeek': 81631.0, 'maxWeek': 81840.0, 'minYear': 59884.0, 'maxYear': 81840.0, 'qTotTran5JAvg': 262865546.0, 'dEven': 20260524, 'faraDesc': 'نوع صندوق: در اوراق بهادار با درآمد ثابت', 'etfIssuedUnit': 3746900293.0, 'etfUnitDeven': 20260523, 'lVal18': 'Firouzeh Asia ETF', 'yVal': '305', 'insCode': '10795723506538053', 'lVal30': 'صندوق ارمغان فيروزه آسيا-ثابت', 'lVal18AFC': 'فيروزا', 'flow': 1, 'cIsin': 'IRT1FIRO0007', 'zTitad': 4250000000.0, 'baseVol': 1, 'instrumentID': 'IRT1FIRO0001', 'cgrValCot': 'H1', 'cComVal': '4', 'sourceID': 1, 'flowTitle': 'بازار بورس', 'cgrValCotTitle': 'بازار صندوق های قابل معامله'}
2026-05-24 15:25:54 [DEBUG   ] urllib3.connectionpool: https://cdn.tsetmc.com:443 "GET /api/ETF/GetETFByInsCode/471543293603227 HTTP/1.1" 200 824
2026-05-24 15:25:54 [DEBUG   ] urllib3.connectionpool: https://www.tsetmc.com:443 "GET /Loader.aspx?ParTree=15131W&i=10795723506538053 HTTP/1.1" 200 824
2026-05-24 15:25:54 [DEBUG   ] data_fetcher: Loader API for 10795723506538053: 824 bytes, preview: <!doctype html><html lang="en"><head><meta charset="utf-8"/><link rel="icon" href="/favicon.ico?v=2"
2026-05-24 15:25:54 [DEBUG   ] urllib3.connectionpool: https://cdn.tsetmc.com:443 "GET /api/ETF/GetETFInfo/471543293603227 HTTP/1.1" 200 824
2026-05-24 15:25:54 [DEBUG   ] urllib3.connectionpool: https://cdn.tsetmc.com:443 "GET /api/ETF/ETFByInsCode/10795723506538053 HTTP/1.1" 200 824
2026-05-24 15:25:54 [DEBUG   ] urllib3.connectionpool: https://cdn.tsetmc.com:443 "GET /api/Fund/GetFundInfo/471543293603227 HTTP/1.1" 404 0
2026-05-24 15:25:54 [DEBUG   ] urllib3.connectionpool: https://cdn.tsetmc.com:443 "GET /api/ETF/GetETFByInsCode/10795723506538053 HTTP/1.1" 200 824
2026-05-24 15:25:54 [DEBUG   ] urllib3.connectionpool: https://cdn.tsetmc.com:443 "GET /api/Fund/GetFund/471543293603227 HTTP/1.1" 404 0
2026-05-24 15:25:54 [DEBUG   ] urllib3.connectionpool: https://cdn.tsetmc.com:443 "GET /api/ETF/GetETFInfo/10795723506538053 HTTP/1.1" 200 824
2026-05-24 15:25:54 [DEBUG   ] urllib3.connectionpool: https://cdn.tsetmc.com:443 "GET /api/Fund/GetFundLastInfo/471543293603227 HTTP/1.1" 404 0
2026-05-24 15:25:54 [DEBUG   ] urllib3.connectionpool: https://cdn.tsetmc.com:443 "GET /api/Fund/GetFundInfo/10795723506538053 HTTP/1.1" 404 0
2026-05-24 15:25:54 [DEBUG   ] urllib3.connectionpool: https://cdn.tsetmc.com:443 "GET /api/Fund/GetMutualFundByInsCode/471543293603227 HTTP/1.1" 404 0
2026-05-24 15:25:54 [DEBUG   ] urllib3.connectionpool: https://cdn.tsetmc.com:443 "GET /api/Fund/GetFund/10795723506538053 HTTP/1.1" 404 0
2026-05-24 15:25:54 [DEBUG   ] urllib3.connectionpool: https://cdn.tsetmc.com:443 "GET /api/Fund/FundInfo/471543293603227 HTTP/1.1" 404 0
2026-05-24 15:25:54 [DEBUG   ] urllib3.connectionpool: https://cdn.tsetmc.com:443 "GET /api/Fund/GetFundLastInfo/10795723506538053 HTTP/1.1" 404 0
2026-05-24 15:25:55 [DEBUG   ] urllib3.connectionpool: https://cdn.tsetmc.com:443 "GET /api/Fund/FundData/471543293603227 HTTP/1.1" 404 0
2026-05-24 15:25:55 [DEBUG   ] urllib3.connectionpool: https://cdn.tsetmc.com:443 "GET /api/Fund/GetMutualFundByInsCode/10795723506538053 HTTP/1.1" 404 0
2026-05-24 15:25:55 [DEBUG   ] urllib3.connectionpool: https://www.tsetmc.com:443 "GET /instrument/471543293603227 HTTP/1.1" 200 824
2026-05-24 15:25:55 [DEBUG   ] data_fetcher:   HTML page for 471543293603227: 824 bytes
2026-05-24 15:25:55 [DEBUG   ] data_fetcher:   No NAV found in TSETMC HTML for ins_code=471543293603227
2026-05-24 15:25:55 [DEBUG   ] urllib3.connectionpool: https://cdn.tsetmc.com:443 "GET /api/Fund/FundInfo/10795723506538053 HTTP/1.1" 404 0
2026-05-24 15:25:55 [DEBUG   ] urllib3.connectionpool: https://cdn.tsetmc.com:443 "GET /api/StaticThreshold/GetStaticThreshold/471543293603227/0 HTTP/1.1" 200 824
2026-05-24 15:25:55 [DEBUG   ] data_fetcher:   No NAV found for ins_code=471543293603227
2026-05-24 15:25:55 [DEBUG   ] urllib3.connectionpool: https://cdn.tsetmc.com:443 "GET /api/Fund/FundData/10795723506538053 HTTP/1.1" 404 0
2026-05-24 15:25:55 [DEBUG   ] urllib3.connectionpool: https://www.tsetmc.com:443 "GET /instrument/10795723506538053 HTTP/1.1" 200 824
2026-05-24 15:25:55 [DEBUG   ] data_fetcher:   HTML page for 10795723506538053: 824 bytes
2026-05-24 15:25:55 [DEBUG   ] data_fetcher:   No NAV found in TSETMC HTML for ins_code=10795723506538053
2026-05-24 15:25:55 [DEBUG   ] urllib3.connectionpool: https://cdn.tsetmc.com:443 "GET /api/StaticThreshold/GetStaticThreshold/10795723506538053/0 HTTP/1.1" 200 824
2026-05-24 15:25:55 [DEBUG   ] data_fetcher:   No NAV found for ins_code=10795723506538053
2026-05-24 15:25:55 [DEBUG   ] urllib3.connectionpool: https://cdn.tsetmc.com:443 "GET /api/BestLimits/471543293603227 HTTP/1.1" 200 None
2026-05-24 15:25:55 [DEBUG   ] urllib3.connectionpool: https://cdn.tsetmc.com:443 "GET /api/BestLimits/10795723506538053 HTTP/1.1" 200 None
2026-05-24 15:25:55 [INFO    ] data_fetcher: [16/20] Fetching یاقوت ...
2026-05-24 15:25:55 [DEBUG   ] urllib3.connectionpool: https://cdn.tsetmc.com:443 "GET /api/ClosingPrice/GetClosingPriceInfo/1438514795814416 HTTP/1.1" 200 None
2026-05-24 15:25:55 [DEBUG   ] data_fetcher: ClosingPriceInfo top-level keys for 1438514795814416: ['closingPriceInfo']
2026-05-24 15:25:55 [DEBUG   ] data_fetcher: ClosingPriceInfo fields for 1438514795814416: {'instrumentState': {'idn': 0, 'dEven': 0, 'hEven': 0, 'insCode': None, 'lVal18AFC': None, 'lVal30': None, 'cEtaval': 'A ', 'realHeven': 0, 'underSupervision': 0, 'cEtavalTitle': 'مجاز'}, 'lastHEven': 145958, 'finalLastDate': 20260524, 'priceMin': 42265.0, 'priceMax': 42267.0, 'priceYesterday': 42214.0, 'priceFirst': 42265.0, 'insCode': '0', 'dEven': 20260524, 'hEven': 145958, 'pClosing': 42266.0, 'pDrCotVal': 42266.0, 'zTotTran': 22702.0, 'qTotTran5J': 525322181.0, 'qTotCap': 22203113872228.0}
2026-05-24 15:25:55 [INFO    ] data_fetcher: [18/20] Fetching صایند ...
2026-05-24 15:25:55 [DEBUG   ] urllib3.connectionpool: https://cdn.tsetmc.com:443 "GET /api/Instrument/GetInstrumentInfo/1438514795814416 HTTP/1.1" 200 None
2026-05-24 15:25:55 [DEBUG   ] data_fetcher: InstrumentInfo top-level keys for 1438514795814416: ['instrumentInfo']
2026-05-24 15:25:55 [DEBUG   ] data_fetcher: InstrumentInfo non-zero fields for 1438514795814416: {'eps': {'epsValue': None, 'estimatedEPS': None, 'sectorPE': 0.0, 'psr': 0.0}, 'sector': {'dEven': 0, 'cSecVal': '68 ', 'lSecVal': 'صندوق سرمايه گذاري قابل معامله'}, 'staticThreshold': {'insCode': None, 'dEven': 0, 'hEven': 0, 'psGelStaMax': 43480.0, 'psGelStaMin': 40948.0}, 'minWeek': 42096.0, 'maxWeek': 42215.0, 'minYear': 31034.0, 'maxYear': 42215.0, 'qTotTran5JAvg': 490508614.0, 'dEven': 20260524, 'faraDesc': 'نوع صندوق: در اوراق بهادار با درآمد ثابت', 'etfIssuedUnit': 11195318511.0, 'etfUnitDeven': 20260523, 'lVal18': 'Yaghoot Agah ETF', 'yVal': '305', 'insCode': '1438514795814416', 'lVal30': 'صندوق س ياقوت آگاه-ثابت', 'lVal18AFC': 'ياقوت', 'flow': 1, 'cIsin': 'IRT1YGHT0003', 'zTitad': 13000000000.0, 'baseVol': 1, 'instrumentID': 'IRT1YGHT0001', 'cgrValCot': 'H1', 'cComVal': '4', 'sourceID': 1, 'flowTitle': 'بازار بورس', 'cgrValCotTitle': 'بازار صندوق های قابل معامله'}
2026-05-24 15:25:55 [DEBUG   ] urllib3.connectionpool: https://cdn.tsetmc.com:443 "GET /api/Instrument/GetInstrumentSearch/%D8%B5%D8%A7%DB%8C%D9%86%D8%AF HTTP/1.1" 200 None
2026-05-24 15:25:55 [DEBUG   ] data_fetcher:   TSETMC search for 'صایند': 1 results → [('صايند', 'صندوق س. گنجينه آيند')]
2026-05-24 15:25:55 [INFO    ] data_fetcher:   ✓ [P0] ins_code for 'صایند': 45205530868811305 (صايند — صندوق س. گنجينه آينده روشن-د)
2026-05-24 15:25:55 [DEBUG   ] urllib3.connectionpool: https://www.tsetmc.com:443 "GET /Loader.aspx?ParTree=15131W&i=1438514795814416 HTTP/1.1" 200 824
2026-05-24 15:25:55 [DEBUG   ] data_fetcher: Loader API for 1438514795814416: 824 bytes, preview: <!doctype html><html lang="en"><head><meta charset="utf-8"/><link rel="icon" href="/favicon.ico?v=2"
2026-05-24 15:25:55 [DEBUG   ] urllib3.connectionpool: https://cdn.tsetmc.com:443 "GET /api/ClosingPrice/GetClosingPriceInfo/45205530868811305 HTTP/1.1" 200 None
2026-05-24 15:25:55 [DEBUG   ] data_fetcher: ClosingPriceInfo top-level keys for 45205530868811305: ['closingPriceInfo']
2026-05-24 15:25:55 [DEBUG   ] data_fetcher: ClosingPriceInfo fields for 45205530868811305: {'instrumentState': {'idn': 0, 'dEven': 0, 'hEven': 0, 'insCode': None, 'lVal18AFC': None, 'lVal30': None, 'cEtaval': 'A ', 'realHeven': 0, 'underSupervision': 0, 'cEtavalTitle': 'مجاز'}, 'lastHEven': 145932, 'finalLastDate': 20260524, 'priceMin': 27778.0, 'priceMax': 27779.0, 'priceYesterday': 27747.0, 'priceFirst': 27778.0, 'insCode': '0', 'dEven': 20260524, 'hEven': 145932, 'pClosing': 27778.0, 'pDrCotVal': 27779.0, 'zTotTran': 314.0, 'qTotTran5J': 31534952.0, 'qTotCap': 875989160911.0}
2026-05-24 15:25:55 [DEBUG   ] urllib3.connectionpool: https://cdn.tsetmc.com:443 "GET /api/ETF/ETFByInsCode/1438514795814416 HTTP/1.1" 200 824
2026-05-24 15:25:55 [DEBUG   ] urllib3.connectionpool: https://cdn.tsetmc.com:443 "GET /api/ETF/GetETFByInsCode/1438514795814416 HTTP/1.1" 200 824
2026-05-24 15:25:55 [DEBUG   ] urllib3.connectionpool: https://cdn.tsetmc.com:443 "GET /api/ETF/GetETFInfo/1438514795814416 HTTP/1.1" 200 824
2026-05-24 15:25:55 [DEBUG   ] urllib3.connectionpool: https://cdn.tsetmc.com:443 "GET /api/Fund/GetFundInfo/1438514795814416 HTTP/1.1" 404 0
2026-05-24 15:25:56 [DEBUG   ] urllib3.connectionpool: https://cdn.tsetmc.com:443 "GET /api/Fund/GetFund/1438514795814416 HTTP/1.1" 404 0
2026-05-24 15:25:56 [DEBUG   ] urllib3.connectionpool: https://cdn.tsetmc.com:443 "GET /api/Fund/GetFundLastInfo/1438514795814416 HTTP/1.1" 404 0
2026-05-24 15:25:56 [DEBUG   ] urllib3.connectionpool: https://cdn.tsetmc.com:443 "GET /api/Fund/GetMutualFundByInsCode/1438514795814416 HTTP/1.1" 404 0
2026-05-24 15:25:56 [DEBUG   ] urllib3.connectionpool: https://cdn.tsetmc.com:443 "GET /api/Fund/FundInfo/1438514795814416 HTTP/1.1" 404 0
2026-05-24 15:25:56 [DEBUG   ] urllib3.connectionpool: https://cdn.tsetmc.com:443 "GET /api/Instrument/GetInstrumentInfo/45205530868811305 HTTP/1.1" 200 None
2026-05-24 15:25:56 [DEBUG   ] data_fetcher: InstrumentInfo top-level keys for 45205530868811305: ['instrumentInfo']
2026-05-24 15:25:56 [DEBUG   ] data_fetcher: InstrumentInfo non-zero fields for 45205530868811305: {'eps': {'epsValue': None, 'estimatedEPS': None, 'sectorPE': 273.25, 'psr': 0.0}, 'sector': {'dEven': 0, 'cSecVal': '68 ', 'lSecVal': 'صندوق سرمايه گذاري قابل معامله'}, 'staticThreshold': {'insCode': None, 'dEven': 0, 'hEven': 0, 'psGelStaMax': 28579.0, 'psGelStaMin': 26915.0}, 'minWeek': 27677.0, 'maxWeek': 27748.0, 'minYear': 20832.0, 'maxYear': 27748.0, 'qTotTran5JAvg': 29817526.0, 'dEven': 20260524, 'faraDesc': 'نوع صندوق : در اوراق بهادار با درآمد ثابت', 'etfIssuedUnit': 809943253.0, 'etfUnitDeven': 20260523, 'lVal18': 'Ganjine Roshan ETF', 'yVal': '305', 'insCode': '45205530868811305', 'lVal30': 'صندوق س. گنجينه آينده روشن-د', 'lVal18AFC': 'صايند', 'flow': 2, 'cIsin': 'IRT3SGAF0002', 'zTitad': 2000000000.0, 'baseVol': 1, 'instrumentID': 'IRT3SGAF0001', 'cgrValCot': '1A', 'cComVal': '4', 'sourceID': 2, 'flowTitle': 'بازار فرابورس', 'cgrValCotTitle': 'بازار ابزارهاي نوين مالي فرابورس'}
2026-05-24 15:25:56 [DEBUG   ] urllib3.connectionpool: https://cdn.tsetmc.com:443 "GET /api/Fund/FundData/1438514795814416 HTTP/1.1" 404 0
2026-05-24 15:25:56 [DEBUG   ] urllib3.connectionpool: https://www.tsetmc.com:443 "GET /Loader.aspx?ParTree=15131W&i=45205530868811305 HTTP/1.1" 200 824
2026-05-24 15:25:56 [DEBUG   ] data_fetcher: Loader API for 45205530868811305: 824 bytes, preview: <!doctype html><html lang="en"><head><meta charset="utf-8"/><link rel="icon" href="/favicon.ico?v=2"
2026-05-24 15:25:56 [DEBUG   ] urllib3.connectionpool: https://www.tsetmc.com:443 "GET /instrument/1438514795814416 HTTP/1.1" 200 824
2026-05-24 15:25:56 [DEBUG   ] data_fetcher:   HTML page for 1438514795814416: 824 bytes
2026-05-24 15:25:56 [DEBUG   ] data_fetcher:   No NAV found in TSETMC HTML for ins_code=1438514795814416
2026-05-24 15:25:56 [DEBUG   ] urllib3.connectionpool: https://cdn.tsetmc.com:443 "GET /api/ETF/ETFByInsCode/45205530868811305 HTTP/1.1" 200 824
2026-05-24 15:25:56 [DEBUG   ] urllib3.connectionpool: https://cdn.tsetmc.com:443 "GET /api/StaticThreshold/GetStaticThreshold/1438514795814416/0 HTTP/1.1" 200 824
2026-05-24 15:25:56 [DEBUG   ] data_fetcher:   No NAV found for ins_code=1438514795814416
2026-05-24 15:25:56 [DEBUG   ] urllib3.connectionpool: https://cdn.tsetmc.com:443 "GET /api/ETF/GetETFByInsCode/45205530868811305 HTTP/1.1" 200 824
2026-05-24 15:25:56 [DEBUG   ] urllib3.connectionpool: https://cdn.tsetmc.com:443 "GET /api/ETF/GetETFInfo/45205530868811305 HTTP/1.1" 200 824
2026-05-24 15:25:56 [DEBUG   ] urllib3.connectionpool: https://cdn.tsetmc.com:443 "GET /api/Fund/GetFundInfo/45205530868811305 HTTP/1.1" 404 0
2026-05-24 15:25:56 [DEBUG   ] urllib3.connectionpool: https://cdn.tsetmc.com:443 "GET /api/Fund/GetFund/45205530868811305 HTTP/1.1" 404 0
2026-05-24 15:25:56 [DEBUG   ] urllib3.connectionpool: https://cdn.tsetmc.com:443 "GET /api/Fund/GetFundLastInfo/45205530868811305 HTTP/1.1" 404 0
2026-05-24 15:25:56 [DEBUG   ] urllib3.connectionpool: https://cdn.tsetmc.com:443 "GET /api/BestLimits/1438514795814416 HTTP/1.1" 200 None
2026-05-24 15:25:56 [DEBUG   ] urllib3.connectionpool: https://cdn.tsetmc.com:443 "GET /api/Fund/GetMutualFundByInsCode/45205530868811305 HTTP/1.1" 404 0
2026-05-24 15:25:56 [DEBUG   ] urllib3.connectionpool: https://cdn.tsetmc.com:443 "GET /api/Fund/FundInfo/45205530868811305 HTTP/1.1" 404 0
2026-05-24 15:25:56 [DEBUG   ] urllib3.connectionpool: https://cdn.tsetmc.com:443 "GET /api/Fund/FundData/45205530868811305 HTTP/1.1" 404 0
2026-05-24 15:25:56 [DEBUG   ] urllib3.connectionpool: https://www.tsetmc.com:443 "GET /instrument/45205530868811305 HTTP/1.1" 200 824
2026-05-24 15:25:56 [DEBUG   ] data_fetcher:   HTML page for 45205530868811305: 824 bytes
2026-05-24 15:25:56 [DEBUG   ] data_fetcher:   No NAV found in TSETMC HTML for ins_code=45205530868811305
2026-05-24 15:25:56 [INFO    ] data_fetcher: [17/20] Fetching فیروزا ...
2026-05-24 15:25:56 [DEBUG   ] urllib3.connectionpool: https://cdn.tsetmc.com:443 "GET /api/ClosingPrice/GetClosingPriceInfo/10795723506538053 HTTP/1.1" 200 None
2026-05-24 15:25:56 [DEBUG   ] data_fetcher: ClosingPriceInfo top-level keys for 10795723506538053: ['closingPriceInfo']
2026-05-24 15:25:56 [DEBUG   ] data_fetcher: ClosingPriceInfo fields for 10795723506538053: {'instrumentState': {'idn': 0, 'dEven': 0, 'hEven': 0, 'insCode': None, 'lVal18AFC': None, 'lVal30': None, 'cEtaval': 'A ', 'realHeven': 0, 'underSupervision': 0, 'cEtavalTitle': 'مجاز'}, 'lastHEven': 145959, 'finalLastDate': 20260524, 'priceMin': 81944.0, 'priceMax': 81945.0, 'priceYesterday': 81839.0, 'priceFirst': 81944.0, 'insCode': '0', 'dEven': 20260524, 'hEven': 145959, 'pClosing': 81944.0, 'pDrCotVal': 81945.0, 'zTotTran': 4949.0, 'qTotTran5J': 184652702.0, 'qTotCap': 15131246096800.0}
2026-05-24 15:25:56 [DEBUG   ] urllib3.connectionpool: https://cdn.tsetmc.com:443 "GET /api/StaticThreshold/GetStaticThreshold/45205530868811305/0 HTTP/1.1" 200 824
2026-05-24 15:25:56 [DEBUG   ] data_fetcher:   No NAV found for ins_code=45205530868811305
2026-05-24 15:25:57 [DEBUG   ] urllib3.connectionpool: https://cdn.tsetmc.com:443 "GET /api/BestLimits/45205530868811305 HTTP/1.1" 200 None
2026-05-24 15:25:57 [DEBUG   ] urllib3.connectionpool: https://cdn.tsetmc.com:443 "GET /api/Instrument/GetInstrumentInfo/10795723506538053 HTTP/1.1" 200 None
2026-05-24 15:25:57 [DEBUG   ] data_fetcher: InstrumentInfo top-level keys for 10795723506538053: ['instrumentInfo']
2026-05-24 15:25:57 [DEBUG   ] data_fetcher: InstrumentInfo non-zero fields for 10795723506538053: {'eps': {'epsValue': None, 'estimatedEPS': None, 'sectorPE': 0.0, 'psr': 0.0}, 'sector': {'dEven': 0, 'cSecVal': '68 ', 'lSecVal': 'صندوق سرمايه گذاري قابل معامله'}, 'staticThreshold': {'insCode': None, 'dEven': 0, 'hEven': 0, 'psGelStaMax': 84294.0, 'psGelStaMin': 79384.0}, 'minWeek': 81631.0, 'maxWeek': 81840.0, 'minYear': 59884.0, 'maxYear': 81840.0, 'qTotTran5JAvg': 262865546.0, 'dEven': 20260524, 'faraDesc': 'نوع صندوق: در اوراق بهادار با درآمد ثابت', 'etfIssuedUnit': 3746900293.0, 'etfUnitDeven': 20260523, 'lVal18': 'Firouzeh Asia ETF', 'yVal': '305', 'insCode': '10795723506538053', 'lVal30': 'صندوق ارمغان فيروزه آسيا-ثابت', 'lVal18AFC': 'فيروزا', 'flow': 1, 'cIsin': 'IRT1FIRO0007', 'zTitad': 4250000000.0, 'baseVol': 1, 'instrumentID': 'IRT1FIRO0001', 'cgrValCot': 'H1', 'cComVal': '4', 'sourceID': 1, 'flowTitle': 'بازار بورس', 'cgrValCotTitle': 'بازار صندوق های قابل معامله'}
2026-05-24 15:25:57 [DEBUG   ] urllib3.connectionpool: https://www.tsetmc.com:443 "GET /Loader.aspx?ParTree=15131W&i=10795723506538053 HTTP/1.1" 200 824
2026-05-24 15:25:57 [DEBUG   ] data_fetcher: Loader API for 10795723506538053: 824 bytes, preview: <!doctype html><html lang="en"><head><meta charset="utf-8"/><link rel="icon" href="/favicon.ico?v=2"
2026-05-24 15:25:57 [DEBUG   ] urllib3.connectionpool: https://cdn.tsetmc.com:443 "GET /api/ETF/ETFByInsCode/10795723506538053 HTTP/1.1" 200 824
2026-05-24 15:25:57 [DEBUG   ] urllib3.connectionpool: https://cdn.tsetmc.com:443 "GET /api/ETF/GetETFByInsCode/10795723506538053 HTTP/1.1" 200 824
2026-05-24 15:25:57 [INFO    ] data_fetcher: [19/20] Fetching همای ...
2026-05-24 15:25:57 [DEBUG   ] urllib3.connectionpool: https://cdn.tsetmc.com:443 "GET /api/ETF/GetETFInfo/10795723506538053 HTTP/1.1" 200 824
2026-05-24 15:25:57 [DEBUG   ] urllib3.connectionpool: https://cdn.tsetmc.com:443 "GET /api/Fund/GetFundInfo/10795723506538053 HTTP/1.1" 404 0
2026-05-24 15:25:57 [DEBUG   ] urllib3.connectionpool: https://cdn.tsetmc.com:443 "GET /api/Fund/GetFund/10795723506538053 HTTP/1.1" 404 0
2026-05-24 15:25:57 [DEBUG   ] urllib3.connectionpool: https://cdn.tsetmc.com:443 "GET /api/Fund/GetFundLastInfo/10795723506538053 HTTP/1.1" 404 0
2026-05-24 15:25:57 [DEBUG   ] urllib3.connectionpool: https://cdn.tsetmc.com:443 "GET /api/Instrument/GetInstrumentSearch/%D9%87%D9%85%D8%A7%DB%8C HTTP/1.1" 200 None
2026-05-24 15:25:57 [DEBUG   ] data_fetcher:   TSETMC search for 'همای': 1 results → [('هماي', 'صندوق س هماي آگاه-ثا')]
2026-05-24 15:25:57 [INFO    ] data_fetcher:   ✓ [P0] ins_code for 'همای': 15494954332657697 (هماي — صندوق س هماي آگاه-ثابت)
2026-05-24 15:25:57 [DEBUG   ] urllib3.connectionpool: https://cdn.tsetmc.com:443 "GET /api/Fund/GetMutualFundByInsCode/10795723506538053 HTTP/1.1" 404 0
2026-05-24 15:25:57 [DEBUG   ] urllib3.connectionpool: https://cdn.tsetmc.com:443 "GET /api/ClosingPrice/GetClosingPriceInfo/15494954332657697 HTTP/1.1" 200 None
2026-05-24 15:25:57 [DEBUG   ] data_fetcher: ClosingPriceInfo top-level keys for 15494954332657697: ['closingPriceInfo']
2026-05-24 15:25:57 [DEBUG   ] data_fetcher: ClosingPriceInfo fields for 15494954332657697: {'instrumentState': {'idn': 0, 'dEven': 0, 'hEven': 0, 'insCode': None, 'lVal18AFC': None, 'lVal30': None, 'cEtaval': 'A ', 'realHeven': 0, 'underSupervision': 0, 'cEtavalTitle': 'مجاز'}, 'lastHEven': 145959, 'finalLastDate': 20260524, 'priceMin': 10027.0, 'priceMax': 10028.0, 'priceYesterday': 10014.0, 'priceFirst': 10027.0, 'insCode': '0', 'dEven': 20260524, 'hEven': 145959, 'pClosing': 10028.0, 'pDrCotVal': 10028.0, 'zTotTran': 4116.0, 'qTotTran5J': 325828904.0, 'qTotCap': 3267280968294.0}
2026-05-24 15:25:57 [DEBUG   ] urllib3.connectionpool: https://cdn.tsetmc.com:443 "GET /api/Fund/FundInfo/10795723506538053 HTTP/1.1" 404 0
2026-05-24 15:25:57 [DEBUG   ] urllib3.connectionpool: https://cdn.tsetmc.com:443 "GET /api/Fund/FundData/10795723506538053 HTTP/1.1" 404 0
2026-05-24 15:25:57 [DEBUG   ] urllib3.connectionpool: https://www.tsetmc.com:443 "GET /instrument/10795723506538053 HTTP/1.1" 200 824
2026-05-24 15:25:57 [DEBUG   ] data_fetcher:   HTML page for 10795723506538053: 824 bytes
2026-05-24 15:25:57 [DEBUG   ] data_fetcher:   No NAV found in TSETMC HTML for ins_code=10795723506538053
2026-05-24 15:25:57 [DEBUG   ] urllib3.connectionpool: https://cdn.tsetmc.com:443 "GET /api/StaticThreshold/GetStaticThreshold/10795723506538053/0 HTTP/1.1" 200 824
2026-05-24 15:25:57 [DEBUG   ] data_fetcher:   No NAV found for ins_code=10795723506538053
2026-05-24 15:25:57 [DEBUG   ] urllib3.connectionpool: https://cdn.tsetmc.com:443 "GET /api/Instrument/GetInstrumentInfo/15494954332657697 HTTP/1.1" 200 None
2026-05-24 15:25:57 [DEBUG   ] data_fetcher: InstrumentInfo top-level keys for 15494954332657697: ['instrumentInfo']
2026-05-24 15:25:57 [DEBUG   ] data_fetcher: InstrumentInfo non-zero fields for 15494954332657697: {'eps': {'epsValue': None, 'estimatedEPS': None, 'sectorPE': 0.0, 'psr': 0.0}, 'sector': {'dEven': 0, 'cSecVal': '68 ', 'lSecVal': 'صندوق سرمايه گذاري قابل معامله'}, 'staticThreshold': {'insCode': None, 'dEven': 0, 'hEven': 0, 'psGelStaMax': 10314.0, 'psGelStaMin': 9714.0}, 'minWeek': 10013.0, 'maxWeek': 10276.0, 'minYear': 10008.0, 'maxYear': 10337.0, 'qTotTran5JAvg': 160061014.0, 'dEven': 20260524, 'faraDesc': 'نوع صندوق: در اوراق بهادار با درآمد ثابت', 'etfIssuedUnit': 8934342701.0, 'etfUnitDeven': 20260523, 'lVal18': 'Homaye Agah ETF', 'yVal': '305', 'insCode': '15494954332657697', 'lVal30': 'صندوق س هماي آگاه-ثابت', 'lVal18AFC': 'هماي', 'flow': 1, 'cIsin': 'IRT1HOMA0008', 'zTitad': 10000000000.0, 'baseVol': 1, 'instrumentID': 'IRT1HOMA0001', 'cgrValCot': 'H1', 'cComVal': '4', 'sourceID': 1, 'flowTitle': 'بازار بورس', 'cgrValCotTitle': 'بازار صندوق های قابل معامله'}
2026-05-24 15:25:57 [DEBUG   ] urllib3.connectionpool: https://www.tsetmc.com:443 "GET /Loader.aspx?ParTree=15131W&i=15494954332657697 HTTP/1.1" 200 824
2026-05-24 15:25:57 [DEBUG   ] data_fetcher: Loader API for 15494954332657697: 824 bytes, preview: <!doctype html><html lang="en"><head><meta charset="utf-8"/><link rel="icon" href="/favicon.ico?v=2"
2026-05-24 15:25:57 [DEBUG   ] urllib3.connectionpool: https://cdn.tsetmc.com:443 "GET /api/ETF/ETFByInsCode/15494954332657697 HTTP/1.1" 200 824
2026-05-24 15:25:57 [DEBUG   ] urllib3.connectionpool: https://cdn.tsetmc.com:443 "GET /api/ETF/GetETFByInsCode/15494954332657697 HTTP/1.1" 200 824
2026-05-24 15:25:57 [DEBUG   ] urllib3.connectionpool: https://cdn.tsetmc.com:443 "GET /api/BestLimits/10795723506538053 HTTP/1.1" 200 None
2026-05-24 15:25:57 [DEBUG   ] urllib3.connectionpool: https://cdn.tsetmc.com:443 "GET /api/ETF/GetETFInfo/15494954332657697 HTTP/1.1" 200 824
2026-05-24 15:25:57 [DEBUG   ] urllib3.connectionpool: https://cdn.tsetmc.com:443 "GET /api/Fund/GetFundInfo/15494954332657697 HTTP/1.1" 404 0
2026-05-24 15:25:57 [DEBUG   ] urllib3.connectionpool: https://cdn.tsetmc.com:443 "GET /api/Fund/GetFund/15494954332657697 HTTP/1.1" 404 0
2026-05-24 15:25:58 [DEBUG   ] urllib3.connectionpool: https://cdn.tsetmc.com:443 "GET /api/Fund/GetFundLastInfo/15494954332657697 HTTP/1.1" 404 0
2026-05-24 15:25:58 [DEBUG   ] urllib3.connectionpool: https://cdn.tsetmc.com:443 "GET /api/Fund/GetMutualFundByInsCode/15494954332657697 HTTP/1.1" 404 0
2026-05-24 15:25:58 [INFO    ] data_fetcher: [18/20] Fetching صایند ...
2026-05-24 15:25:58 [DEBUG   ] urllib3.connectionpool: https://cdn.tsetmc.com:443 "GET /api/Fund/FundInfo/15494954332657697 HTTP/1.1" 404 0
2026-05-24 15:25:58 [DEBUG   ] urllib3.connectionpool: https://cdn.tsetmc.com:443 "GET /api/ClosingPrice/GetClosingPriceInfo/45205530868811305 HTTP/1.1" 200 None
2026-05-24 15:25:58 [DEBUG   ] data_fetcher: ClosingPriceInfo top-level keys for 45205530868811305: ['closingPriceInfo']
2026-05-24 15:25:58 [DEBUG   ] data_fetcher: ClosingPriceInfo fields for 45205530868811305: {'instrumentState': {'idn': 0, 'dEven': 0, 'hEven': 0, 'insCode': None, 'lVal18AFC': None, 'lVal30': None, 'cEtaval': 'A ', 'realHeven': 0, 'underSupervision': 0, 'cEtavalTitle': 'مجاز'}, 'lastHEven': 145932, 'finalLastDate': 20260524, 'priceMin': 27778.0, 'priceMax': 27779.0, 'priceYesterday': 27747.0, 'priceFirst': 27778.0, 'insCode': '0', 'dEven': 20260524, 'hEven': 145932, 'pClosing': 27778.0, 'pDrCotVal': 27779.0, 'zTotTran': 314.0, 'qTotTran5J': 31534952.0, 'qTotCap': 875989160911.0}
2026-05-24 15:25:58 [DEBUG   ] urllib3.connectionpool: https://cdn.tsetmc.com:443 "GET /api/Fund/FundData/15494954332657697 HTTP/1.1" 404 0
2026-05-24 15:25:58 [DEBUG   ] urllib3.connectionpool: https://www.tsetmc.com:443 "GET /instrument/15494954332657697 HTTP/1.1" 200 824
2026-05-24 15:25:58 [DEBUG   ] data_fetcher:   HTML page for 15494954332657697: 824 bytes
2026-05-24 15:25:58 [DEBUG   ] data_fetcher:   No NAV found in TSETMC HTML for ins_code=15494954332657697
2026-05-24 15:25:58 [DEBUG   ] urllib3.connectionpool: https://cdn.tsetmc.com:443 "GET /api/StaticThreshold/GetStaticThreshold/15494954332657697/0 HTTP/1.1" 200 824
2026-05-24 15:25:58 [DEBUG   ] data_fetcher:   No NAV found for ins_code=15494954332657697
2026-05-24 15:25:58 [DEBUG   ] urllib3.connectionpool: https://cdn.tsetmc.com:443 "GET /api/Instrument/GetInstrumentInfo/45205530868811305 HTTP/1.1" 200 None
2026-05-24 15:25:58 [DEBUG   ] data_fetcher: InstrumentInfo top-level keys for 45205530868811305: ['instrumentInfo']
2026-05-24 15:25:58 [DEBUG   ] data_fetcher: InstrumentInfo non-zero fields for 45205530868811305: {'eps': {'epsValue': None, 'estimatedEPS': None, 'sectorPE': 273.25, 'psr': 0.0}, 'sector': {'dEven': 0, 'cSecVal': '68 ', 'lSecVal': 'صندوق سرمايه گذاري قابل معامله'}, 'staticThreshold': {'insCode': None, 'dEven': 0, 'hEven': 0, 'psGelStaMax': 28579.0, 'psGelStaMin': 26915.0}, 'minWeek': 27677.0, 'maxWeek': 27748.0, 'minYear': 20832.0, 'maxYear': 27748.0, 'qTotTran5JAvg': 29817526.0, 'dEven': 20260524, 'faraDesc': 'نوع صندوق : در اوراق بهادار با درآمد ثابت', 'etfIssuedUnit': 809943253.0, 'etfUnitDeven': 20260523, 'lVal18': 'Ganjine Roshan ETF', 'yVal': '305', 'insCode': '45205530868811305', 'lVal30': 'صندوق س. گنجينه آينده روشن-د', 'lVal18AFC': 'صايند', 'flow': 2, 'cIsin': 'IRT3SGAF0002', 'zTitad': 2000000000.0, 'baseVol': 1, 'instrumentID': 'IRT3SGAF0001', 'cgrValCot': '1A', 'cComVal': '4', 'sourceID': 2, 'flowTitle': 'بازار فرابورس', 'cgrValCotTitle': 'بازار ابزارهاي نوين مالي فرابورس'}
2026-05-24 15:25:58 [DEBUG   ] urllib3.connectionpool: https://www.tsetmc.com:443 "GET /Loader.aspx?ParTree=15131W&i=45205530868811305 HTTP/1.1" 200 824
2026-05-24 15:25:58 [DEBUG   ] data_fetcher: Loader API for 45205530868811305: 824 bytes, preview: <!doctype html><html lang="en"><head><meta charset="utf-8"/><link rel="icon" href="/favicon.ico?v=2"
2026-05-24 15:25:58 [DEBUG   ] urllib3.connectionpool: https://cdn.tsetmc.com:443 "GET /api/BestLimits/15494954332657697 HTTP/1.1" 200 None
2026-05-24 15:25:58 [DEBUG   ] urllib3.connectionpool: https://cdn.tsetmc.com:443 "GET /api/ETF/ETFByInsCode/45205530868811305 HTTP/1.1" 200 824
2026-05-24 15:25:58 [DEBUG   ] urllib3.connectionpool: https://cdn.tsetmc.com:443 "GET /api/ETF/GetETFByInsCode/45205530868811305 HTTP/1.1" 200 824
2026-05-24 15:25:58 [DEBUG   ] urllib3.connectionpool: https://cdn.tsetmc.com:443 "GET /api/ETF/GetETFInfo/45205530868811305 HTTP/1.1" 200 824
2026-05-24 15:25:58 [DEBUG   ] urllib3.connectionpool: https://cdn.tsetmc.com:443 "GET /api/Fund/GetFundInfo/45205530868811305 HTTP/1.1" 404 0
2026-05-24 15:25:58 [INFO    ] data_fetcher: [20/20] Fetching حکمت ...
2026-05-24 15:25:58 [DEBUG   ] urllib3.connectionpool: https://cdn.tsetmc.com:443 "GET /api/Fund/GetFund/45205530868811305 HTTP/1.1" 404 0
2026-05-24 15:25:58 [DEBUG   ] urllib3.connectionpool: https://cdn.tsetmc.com:443 "GET /api/Fund/GetFundLastInfo/45205530868811305 HTTP/1.1" 404 0
2026-05-24 15:25:58 [DEBUG   ] urllib3.connectionpool: https://cdn.tsetmc.com:443 "GET /api/Fund/GetMutualFundByInsCode/45205530868811305 HTTP/1.1" 404 0
2026-05-24 15:25:58 [DEBUG   ] urllib3.connectionpool: https://cdn.tsetmc.com:443 "GET /api/Fund/FundInfo/45205530868811305 HTTP/1.1" 404 0
2026-05-24 15:25:58 [DEBUG   ] urllib3.connectionpool: https://cdn.tsetmc.com:443 "GET /api/Instrument/GetInstrumentSearch/%D8%AD%DA%A9%D9%85%D8%AA HTTP/1.1" 200 None
2026-05-24 15:25:58 [DEBUG   ] data_fetcher:   TSETMC search for 'حکمت': 12 results → [('والماس', 'س. الماس حكمت ايراني'), ('وحكمت', 'بيمه حكمت صبا'), ('وحكمتح', 'ح . بيمه حكمت صبا'), ('حكمت', 'بانك حكمت  ايرانيان'), ('حكمت', 'بانك حكمت ايرانيان'), ('بحكمت', 'بيمه حكمت صبا(50% پر')]
2026-05-24 15:25:58 [DEBUG   ] urllib3.connectionpool: https://cdn.tsetmc.com:443 "GET /api/Fund/FundData/45205530868811305 HTTP/1.1" 404 0
2026-05-24 15:25:58 [WARNING ] data_fetcher:   ⚠ [P2] ins_code for 'حکمت': 7881099657101647 (بانك حكمت  ايرانيان) — name does NOT contain 'صندوق', may be wrong instrument!
2026-05-24 15:25:58 [DEBUG   ] urllib3.connectionpool: https://www.tsetmc.com:443 "GET /instrument/45205530868811305 HTTP/1.1" 200 824
2026-05-24 15:25:58 [DEBUG   ] data_fetcher:   HTML page for 45205530868811305: 824 bytes
2026-05-24 15:25:58 [DEBUG   ] data_fetcher:   No NAV found in TSETMC HTML for ins_code=45205530868811305
2026-05-24 15:25:58 [DEBUG   ] urllib3.connectionpool: https://cdn.tsetmc.com:443 "GET /api/ClosingPrice/GetClosingPriceInfo/7881099657101647 HTTP/1.1" 500 0
2026-05-24 15:25:58 [WARNING ] data_fetcher: TSETMC request failed for https://cdn.tsetmc.com/api/ClosingPrice/GetClosingPriceInfo/7881099657101647: 500 Server Error: Internal Server Error for url: https://cdn.tsetmc.com/api/ClosingPrice/GetClosingPriceInfo/7881099657101647
2026-05-24 15:25:58 [INFO    ] data_fetcher:   Stored ins_code failed — searching TSETMC for 'حکمت'...
2026-05-24 15:25:58 [DEBUG   ] urllib3.connectionpool: https://cdn.tsetmc.com:443 "GET /api/StaticThreshold/GetStaticThreshold/45205530868811305/0 HTTP/1.1" 200 824
2026-05-24 15:25:58 [DEBUG   ] data_fetcher:   No NAV found for ins_code=45205530868811305
2026-05-24 15:25:59 [DEBUG   ] urllib3.connectionpool: https://cdn.tsetmc.com:443 "GET /api/Instrument/GetInstrumentInfo/7881099657101647 HTTP/1.1" 200 None
2026-05-24 15:25:59 [DEBUG   ] data_fetcher: InstrumentInfo top-level keys for 7881099657101647: ['instrumentInfo']
2026-05-24 15:25:59 [DEBUG   ] data_fetcher: InstrumentInfo non-zero fields for 7881099657101647: {'eps': {'epsValue': None, 'estimatedEPS': '157', 'sectorPE': -4.7, 'psr': 0.0}, 'sector': {'dEven': 0, 'cSecVal': '57 ', 'lSecVal': 'بانكها و موسسات اعتباري'}, 'staticThreshold': {'insCode': None, 'dEven': 0, 'hEven': 0, 'psGelStaMax': 1050.0, 'psGelStaMin': 950.0}, 'dEven': 20260524, 'lVal18': 'Hekmat Iranian', 'yVal': '303', 'insCode': '7881099657101647', 'lVal30': 'بانك حكمت  ايرانيان', 'lVal18AFC': 'حكمت', 'flow': 2, 'cIsin': 'IRO3BHKZ0005', 'zTitad': 6000000000.0, 'baseVol': 15000000, 'instrumentID': 'IRO3BHKZ0001', 'cgrValCot': 'Z1', 'cComVal': '3', 'sourceID': 2, 'flowTitle': 'بازار فرابورس', 'cgrValCotTitle': 'بازار دوم فرابورس'}
2026-05-24 15:25:59 [DEBUG   ] urllib3.connectionpool: https://cdn.tsetmc.com:443 "GET /api/BestLimits/45205530868811305 HTTP/1.1" 200 None
2026-05-24 15:25:59 [DEBUG   ] urllib3.connectionpool: https://www.tsetmc.com:443 "GET /Loader.aspx?ParTree=15131W&i=7881099657101647 HTTP/1.1" 200 824
2026-05-24 15:25:59 [DEBUG   ] data_fetcher: Loader API for 7881099657101647: 824 bytes, preview: <!doctype html><html lang="en"><head><meta charset="utf-8"/><link rel="icon" href="/favicon.ico?v=2"
2026-05-24 15:25:59 [DEBUG   ] urllib3.connectionpool: https://cdn.tsetmc.com:443 "GET /api/ETF/ETFByInsCode/7881099657101647 HTTP/1.1" 200 824
2026-05-24 15:25:59 [DEBUG   ] urllib3.connectionpool: https://cdn.tsetmc.com:443 "GET /api/ETF/GetETFByInsCode/7881099657101647 HTTP/1.1" 200 824
2026-05-24 15:25:59 [INFO    ] data_fetcher: [19/20] Fetching همای ...
2026-05-24 15:25:59 [DEBUG   ] urllib3.connectionpool: https://cdn.tsetmc.com:443 "GET /api/ETF/GetETFInfo/7881099657101647 HTTP/1.1" 200 824
2026-05-24 15:25:59 [DEBUG   ] urllib3.connectionpool: https://cdn.tsetmc.com:443 "GET /api/ClosingPrice/GetClosingPriceInfo/15494954332657697 HTTP/1.1" 200 None
2026-05-24 15:25:59 [DEBUG   ] data_fetcher: ClosingPriceInfo top-level keys for 15494954332657697: ['closingPriceInfo']
2026-05-24 15:25:59 [DEBUG   ] data_fetcher: ClosingPriceInfo fields for 15494954332657697: {'instrumentState': {'idn': 0, 'dEven': 0, 'hEven': 0, 'insCode': None, 'lVal18AFC': None, 'lVal30': None, 'cEtaval': 'A ', 'realHeven': 0, 'underSupervision': 0, 'cEtavalTitle': 'مجاز'}, 'lastHEven': 145959, 'finalLastDate': 20260524, 'priceMin': 10027.0, 'priceMax': 10028.0, 'priceYesterday': 10014.0, 'priceFirst': 10027.0, 'insCode': '0', 'dEven': 20260524, 'hEven': 145959, 'pClosing': 10028.0, 'pDrCotVal': 10028.0, 'zTotTran': 4116.0, 'qTotTran5J': 325828904.0, 'qTotCap': 3267280968294.0}
2026-05-24 15:25:59 [DEBUG   ] urllib3.connectionpool: https://cdn.tsetmc.com:443 "GET /api/Fund/GetFundInfo/7881099657101647 HTTP/1.1" 404 0
2026-05-24 15:25:59 [DEBUG   ] urllib3.connectionpool: https://cdn.tsetmc.com:443 "GET /api/Fund/GetFund/7881099657101647 HTTP/1.1" 404 0
2026-05-24 15:25:59 [DEBUG   ] urllib3.connectionpool: https://cdn.tsetmc.com:443 "GET /api/Fund/GetFundLastInfo/7881099657101647 HTTP/1.1" 404 0
2026-05-24 15:25:59 [DEBUG   ] urllib3.connectionpool: https://cdn.tsetmc.com:443 "GET /api/Fund/GetMutualFundByInsCode/7881099657101647 HTTP/1.1" 404 0
2026-05-24 15:25:59 [DEBUG   ] urllib3.connectionpool: https://cdn.tsetmc.com:443 "GET /api/Fund/FundInfo/7881099657101647 HTTP/1.1" 404 0
2026-05-24 15:25:59 [DEBUG   ] urllib3.connectionpool: https://cdn.tsetmc.com:443 "GET /api/Fund/FundData/7881099657101647 HTTP/1.1" 404 0
2026-05-24 15:25:59 [DEBUG   ] urllib3.connectionpool: https://cdn.tsetmc.com:443 "GET /api/Instrument/GetInstrumentInfo/15494954332657697 HTTP/1.1" 200 None
2026-05-24 15:25:59 [DEBUG   ] data_fetcher: InstrumentInfo top-level keys for 15494954332657697: ['instrumentInfo']
2026-05-24 15:25:59 [DEBUG   ] data_fetcher: InstrumentInfo non-zero fields for 15494954332657697: {'eps': {'epsValue': None, 'estimatedEPS': None, 'sectorPE': 0.0, 'psr': 0.0}, 'sector': {'dEven': 0, 'cSecVal': '68 ', 'lSecVal': 'صندوق سرمايه گذاري قابل معامله'}, 'staticThreshold': {'insCode': None, 'dEven': 0, 'hEven': 0, 'psGelStaMax': 10314.0, 'psGelStaMin': 9714.0}, 'minWeek': 10013.0, 'maxWeek': 10276.0, 'minYear': 10008.0, 'maxYear': 10337.0, 'qTotTran5JAvg': 160061014.0, 'dEven': 20260524, 'faraDesc': 'نوع صندوق: در اوراق بهادار با درآمد ثابت', 'etfIssuedUnit': 8934342701.0, 'etfUnitDeven': 20260523, 'lVal18': 'Homaye Agah ETF', 'yVal': '305', 'insCode': '15494954332657697', 'lVal30': 'صندوق س هماي آگاه-ثابت', 'lVal18AFC': 'هماي', 'flow': 1, 'cIsin': 'IRT1HOMA0008', 'zTitad': 10000000000.0, 'baseVol': 1, 'instrumentID': 'IRT1HOMA0001', 'cgrValCot': 'H1', 'cComVal': '4', 'sourceID': 1, 'flowTitle': 'بازار بورس', 'cgrValCotTitle': 'بازار صندوق های قابل معامله'}
2026-05-24 15:25:59 [DEBUG   ] urllib3.connectionpool: https://www.tsetmc.com:443 "GET /instrument/7881099657101647 HTTP/1.1" 200 824
2026-05-24 15:25:59 [DEBUG   ] data_fetcher:   HTML page for 7881099657101647: 824 bytes
2026-05-24 15:25:59 [DEBUG   ] data_fetcher:   No NAV found in TSETMC HTML for ins_code=7881099657101647
2026-05-24 15:25:59 [DEBUG   ] urllib3.connectionpool: https://www.tsetmc.com:443 "GET /Loader.aspx?ParTree=15131W&i=15494954332657697 HTTP/1.1" 200 824
2026-05-24 15:25:59 [DEBUG   ] data_fetcher: Loader API for 15494954332657697: 824 bytes, preview: <!doctype html><html lang="en"><head><meta charset="utf-8"/><link rel="icon" href="/favicon.ico?v=2"
2026-05-24 15:25:59 [DEBUG   ] urllib3.connectionpool: https://cdn.tsetmc.com:443 "GET /api/StaticThreshold/GetStaticThreshold/7881099657101647/0 HTTP/1.1" 200 824
2026-05-24 15:25:59 [DEBUG   ] data_fetcher:   No NAV found for ins_code=7881099657101647
2026-05-24 15:25:59 [DEBUG   ] urllib3.connectionpool: https://cdn.tsetmc.com:443 "GET /api/ETF/ETFByInsCode/15494954332657697 HTTP/1.1" 200 824
2026-05-24 15:25:59 [DEBUG   ] urllib3.connectionpool: https://cdn.tsetmc.com:443 "GET /api/ETF/GetETFByInsCode/15494954332657697 HTTP/1.1" 200 824
2026-05-24 15:26:00 [DEBUG   ] urllib3.connectionpool: https://cdn.tsetmc.com:443 "GET /api/ETF/GetETFInfo/15494954332657697 HTTP/1.1" 200 824
2026-05-24 15:26:00 [DEBUG   ] urllib3.connectionpool: https://cdn.tsetmc.com:443 "GET /api/Fund/GetFundInfo/15494954332657697 HTTP/1.1" 404 0
2026-05-24 15:26:00 [DEBUG   ] urllib3.connectionpool: https://cdn.tsetmc.com:443 "GET /api/BestLimits/7881099657101647 HTTP/1.1" 200 None
2026-05-24 15:26:00 [DEBUG   ] urllib3.connectionpool: https://cdn.tsetmc.com:443 "GET /api/Fund/GetFund/15494954332657697 HTTP/1.1" 404 0
2026-05-24 15:26:00 [INFO    ] data_fetcher: 20 fund(s) missing NAV — trying external NAV sources...
2026-05-24 15:26:00 [DEBUG   ] urllib3.connectionpool: Starting new HTTPS connection (1): www.fipiran.ir:443
2026-05-24 15:26:00 [DEBUG   ] urllib3.connectionpool: https://cdn.tsetmc.com:443 "GET /api/Fund/GetFundLastInfo/15494954332657697 HTTP/1.1" 404 0
2026-05-24 15:26:00 [DEBUG   ] urllib3.connectionpool: https://cdn.tsetmc.com:443 "GET /api/Fund/GetMutualFundByInsCode/15494954332657697 HTTP/1.1" 404 0
2026-05-24 15:26:00 [DEBUG   ] urllib3.connectionpool: https://cdn.tsetmc.com:443 "GET /api/Fund/FundInfo/15494954332657697 HTTP/1.1" 404 0
2026-05-24 15:26:00 [DEBUG   ] urllib3.connectionpool: https://cdn.tsetmc.com:443 "GET /api/Fund/FundData/15494954332657697 HTTP/1.1" 404 0
2026-05-24 15:26:00 [DEBUG   ] urllib3.connectionpool: https://www.tsetmc.com:443 "GET /instrument/15494954332657697 HTTP/1.1" 200 824
2026-05-24 15:26:00 [DEBUG   ] data_fetcher:   HTML page for 15494954332657697: 824 bytes
2026-05-24 15:26:00 [DEBUG   ] data_fetcher:   No NAV found in TSETMC HTML for ins_code=15494954332657697
2026-05-24 15:26:00 [DEBUG   ] urllib3.connectionpool: https://cdn.tsetmc.com:443 "GET /api/StaticThreshold/GetStaticThreshold/15494954332657697/0 HTTP/1.1" 200 824
2026-05-24 15:26:00 [DEBUG   ] data_fetcher:   No NAV found for ins_code=15494954332657697
2026-05-24 15:26:00 [DEBUG   ] urllib3.connectionpool: https://cdn.tsetmc.com:443 "GET /api/BestLimits/15494954332657697 HTTP/1.1" 200 None
2026-05-24 15:26:00 [DEBUG   ] urllib3.connectionpool: https://www.fipiran.ir:443 "GET / HTTP/1.1" 200 None
2026-05-24 15:26:00 [DEBUG   ] data_fetcher: FIPIRAN session established
2026-05-24 15:26:00 [DEBUG   ] urllib3.connectionpool: https://www.fipiran.ir:443 "GET /api/v1/fund/fundlist HTTP/1.1" 403 None
2026-05-24 15:26:00 [DEBUG   ] data_fetcher: FIPIRAN https://www.fipiran.ir/api/v1/fund/fundlist [{'Accept': 'application/json', 'Origin': 'https://www.fipiran.ir'}] → 403 Client Error: Forbidden for url: https://www.fipiran.ir/api/v1/fund/fundlist
2026-05-24 15:26:00 [INFO    ] data_fetcher: [20/20] Fetching حکمت ...
2026-05-24 15:26:00 [DEBUG   ] urllib3.connectionpool: https://www.fipiran.ir:443 "GET /api/v1/fund/fundlist HTTP/1.1" 403 None
2026-05-24 15:26:00 [DEBUG   ] data_fetcher: FIPIRAN https://www.fipiran.ir/api/v1/fund/fundlist [{'X-Requested-With': 'XMLHttpRequest', 'Accept': 'application/json, text/javascript, */*; q=0.01'}] → 403 Client Error: Forbidden for url: https://www.fipiran.ir/api/v1/fund/fundlist
2026-05-24 15:26:00 [DEBUG   ] urllib3.connectionpool: https://cdn.tsetmc.com:443 "GET /api/ClosingPrice/GetClosingPriceInfo/7881099657101647 HTTP/1.1" 500 0
2026-05-24 15:26:00 [WARNING ] data_fetcher: TSETMC request failed for https://cdn.tsetmc.com/api/ClosingPrice/GetClosingPriceInfo/7881099657101647: 500 Server Error: Internal Server Error for url: https://cdn.tsetmc.com/api/ClosingPrice/GetClosingPriceInfo/7881099657101647
2026-05-24 15:26:00 [INFO    ] data_fetcher:   Stored ins_code failed — searching TSETMC for 'حکمت'...
2026-05-24 15:26:00 [DEBUG   ] urllib3.connectionpool: https://www.fipiran.ir:443 "GET /api/v1/fund/fundlist HTTP/1.1" 403 None
2026-05-24 15:26:00 [DEBUG   ] data_fetcher: FIPIRAN https://www.fipiran.ir/api/v1/fund/fundlist [{}] → 403 Client Error: Forbidden for url: https://www.fipiran.ir/api/v1/fund/fundlist
2026-05-24 15:26:00 [DEBUG   ] urllib3.connectionpool: Starting new HTTPS connection (1): fipiran.ir:443
2026-05-24 15:26:01 [DEBUG   ] urllib3.connectionpool: https://cdn.tsetmc.com:443 "GET /api/Instrument/GetInstrumentInfo/7881099657101647 HTTP/1.1" 200 None
2026-05-24 15:26:01 [DEBUG   ] data_fetcher: InstrumentInfo top-level keys for 7881099657101647: ['instrumentInfo']
2026-05-24 15:26:01 [DEBUG   ] data_fetcher: InstrumentInfo non-zero fields for 7881099657101647: {'eps': {'epsValue': None, 'estimatedEPS': '157', 'sectorPE': -4.7, 'psr': 0.0}, 'sector': {'dEven': 0, 'cSecVal': '57 ', 'lSecVal': 'بانكها و موسسات اعتباري'}, 'staticThreshold': {'insCode': None, 'dEven': 0, 'hEven': 0, 'psGelStaMax': 1050.0, 'psGelStaMin': 950.0}, 'dEven': 20260524, 'lVal18': 'Hekmat Iranian', 'yVal': '303', 'insCode': '7881099657101647', 'lVal30': 'بانك حكمت  ايرانيان', 'lVal18AFC': 'حكمت', 'flow': 2, 'cIsin': 'IRO3BHKZ0005', 'zTitad': 6000000000.0, 'baseVol': 15000000, 'instrumentID': 'IRO3BHKZ0001', 'cgrValCot': 'Z1', 'cComVal': '3', 'sourceID': 2, 'flowTitle': 'بازار فرابورس', 'cgrValCotTitle': 'بازار دوم فرابورس'}
2026-05-24 15:26:01 [DEBUG   ] urllib3.connectionpool: https://www.tsetmc.com:443 "GET /Loader.aspx?ParTree=15131W&i=7881099657101647 HTTP/1.1" 200 824
2026-05-24 15:26:01 [DEBUG   ] data_fetcher: Loader API for 7881099657101647: 824 bytes, preview: <!doctype html><html lang="en"><head><meta charset="utf-8"/><link rel="icon" href="/favicon.ico?v=2"
2026-05-24 15:26:01 [DEBUG   ] urllib3.connectionpool: https://cdn.tsetmc.com:443 "GET /api/ETF/ETFByInsCode/7881099657101647 HTTP/1.1" 200 824
2026-05-24 15:26:01 [DEBUG   ] urllib3.connectionpool: https://cdn.tsetmc.com:443 "GET /api/ETF/GetETFByInsCode/7881099657101647 HTTP/1.1" 200 824
2026-05-24 15:26:01 [DEBUG   ] urllib3.connectionpool: https://fipiran.ir:443 "GET /api/v1/fund/fundlist HTTP/1.1" 403 None
2026-05-24 15:26:01 [DEBUG   ] data_fetcher: FIPIRAN https://fipiran.ir/api/v1/fund/fundlist [{'Accept': 'application/json', 'Origin': 'https://www.fipiran.ir'}] → 403 Client Error: Forbidden for url: https://fipiran.ir/api/v1/fund/fundlist
2026-05-24 15:26:01 [DEBUG   ] urllib3.connectionpool: https://cdn.tsetmc.com:443 "GET /api/ETF/GetETFInfo/7881099657101647 HTTP/1.1" 200 824
2026-05-24 15:26:01 [DEBUG   ] urllib3.connectionpool: https://fipiran.ir:443 "GET /api/v1/fund/fundlist HTTP/1.1" 403 None
2026-05-24 15:26:01 [DEBUG   ] data_fetcher: FIPIRAN https://fipiran.ir/api/v1/fund/fundlist [{'X-Requested-With': 'XMLHttpRequest', 'Accept': 'application/json, text/javascript, */*; q=0.01'}] → 403 Client Error: Forbidden for url: https://fipiran.ir/api/v1/fund/fundlist
2026-05-24 15:26:01 [DEBUG   ] urllib3.connectionpool: https://cdn.tsetmc.com:443 "GET /api/Fund/GetFundInfo/7881099657101647 HTTP/1.1" 404 0
2026-05-24 15:26:01 [DEBUG   ] urllib3.connectionpool: https://fipiran.ir:443 "GET /api/v1/fund/fundlist HTTP/1.1" 403 None
2026-05-24 15:26:01 [DEBUG   ] data_fetcher: FIPIRAN https://fipiran.ir/api/v1/fund/fundlist [{}] → 403 Client Error: Forbidden for url: https://fipiran.ir/api/v1/fund/fundlist
2026-05-24 15:26:01 [DEBUG   ] urllib3.connectionpool: https://cdn.tsetmc.com:443 "GET /api/Fund/GetFund/7881099657101647 HTTP/1.1" 404 0
2026-05-24 15:26:01 [DEBUG   ] urllib3.connectionpool: https://www.fipiran.ir:443 "GET /api/fund/fundcompare HTTP/1.1" 403 None
2026-05-24 15:26:01 [DEBUG   ] data_fetcher: FIPIRAN https://www.fipiran.ir/api/fund/fundcompare [{'Accept': 'application/json', 'Origin': 'https://www.fipiran.ir'}] → 403 Client Error: Forbidden for url: https://www.fipiran.ir/api/fund/fundcompare
2026-05-24 15:26:01 [DEBUG   ] urllib3.connectionpool: https://cdn.tsetmc.com:443 "GET /api/Fund/GetFundLastInfo/7881099657101647 HTTP/1.1" 404 0
2026-05-24 15:26:01 [DEBUG   ] urllib3.connectionpool: https://www.fipiran.ir:443 "GET /api/fund/fundcompare HTTP/1.1" 403 None
2026-05-24 15:26:01 [DEBUG   ] urllib3.connectionpool: https://cdn.tsetmc.com:443 "GET /api/Fund/GetMutualFundByInsCode/7881099657101647 HTTP/1.1" 404 0
2026-05-24 15:26:01 [DEBUG   ] data_fetcher: FIPIRAN https://www.fipiran.ir/api/fund/fundcompare [{'X-Requested-With': 'XMLHttpRequest', 'Accept': 'application/json, text/javascript, */*; q=0.01'}] → 403 Client Error: Forbidden for url: https://www.fipiran.ir/api/fund/fundcompare
2026-05-24 15:26:01 [DEBUG   ] urllib3.connectionpool: https://www.fipiran.ir:443 "GET /api/fund/fundcompare HTTP/1.1" 403 None
2026-05-24 15:26:01 [DEBUG   ] urllib3.connectionpool: https://cdn.tsetmc.com:443 "GET /api/Fund/FundInfo/7881099657101647 HTTP/1.1" 404 0
2026-05-24 15:26:01 [DEBUG   ] data_fetcher: FIPIRAN https://www.fipiran.ir/api/fund/fundcompare [{}] → 403 Client Error: Forbidden for url: https://www.fipiran.ir/api/fund/fundcompare
2026-05-24 15:26:01 [DEBUG   ] urllib3.connectionpool: https://www.fipiran.ir:443 "GET /api/v1/fund/fundcompare HTTP/1.1" 403 None
2026-05-24 15:26:01 [DEBUG   ] urllib3.connectionpool: https://cdn.tsetmc.com:443 "GET /api/Fund/FundData/7881099657101647 HTTP/1.1" 404 0
2026-05-24 15:26:01 [DEBUG   ] data_fetcher: FIPIRAN https://www.fipiran.ir/api/v1/fund/fundcompare [{'Accept': 'application/json', 'Origin': 'https://www.fipiran.ir'}] → 403 Client Error: Forbidden for url: https://www.fipiran.ir/api/v1/fund/fundcompare
2026-05-24 15:26:01 [DEBUG   ] urllib3.connectionpool: https://www.fipiran.ir:443 "GET /api/v1/fund/fundcompare HTTP/1.1" 403 None
2026-05-24 15:26:01 [DEBUG   ] data_fetcher: FIPIRAN https://www.fipiran.ir/api/v1/fund/fundcompare [{'X-Requested-With': 'XMLHttpRequest', 'Accept': 'application/json, text/javascript, */*; q=0.01'}] → 403 Client Error: Forbidden for url: https://www.fipiran.ir/api/v1/fund/fundcompare
2026-05-24 15:26:01 [DEBUG   ] urllib3.connectionpool: https://www.tsetmc.com:443 "GET /instrument/7881099657101647 HTTP/1.1" 200 824
2026-05-24 15:26:01 [DEBUG   ] data_fetcher:   HTML page for 7881099657101647: 824 bytes
2026-05-24 15:26:01 [DEBUG   ] data_fetcher:   No NAV found in TSETMC HTML for ins_code=7881099657101647
2026-05-24 15:26:01 [DEBUG   ] urllib3.connectionpool: https://www.fipiran.ir:443 "GET /api/v1/fund/fundcompare HTTP/1.1" 403 None
2026-05-24 15:26:01 [DEBUG   ] data_fetcher: FIPIRAN https://www.fipiran.ir/api/v1/fund/fundcompare [{}] → 403 Client Error: Forbidden for url: https://www.fipiran.ir/api/v1/fund/fundcompare
2026-05-24 15:26:01 [DEBUG   ] urllib3.connectionpool: https://cdn.tsetmc.com:443 "GET /api/StaticThreshold/GetStaticThreshold/7881099657101647/0 HTTP/1.1" 200 824
2026-05-24 15:26:01 [DEBUG   ] data_fetcher:   No NAV found for ins_code=7881099657101647
2026-05-24 15:26:01 [DEBUG   ] urllib3.connectionpool: https://fipiran.ir:443 "GET /api/v1/fund/fundcompare HTTP/1.1" 403 None
2026-05-24 15:26:01 [DEBUG   ] data_fetcher: FIPIRAN https://fipiran.ir/api/v1/fund/fundcompare [{'Accept': 'application/json', 'Origin': 'https://www.fipiran.ir'}] → 403 Client Error: Forbidden for url: https://fipiran.ir/api/v1/fund/fundcompare
2026-05-24 15:26:02 [DEBUG   ] urllib3.connectionpool: https://fipiran.ir:443 "GET /api/v1/fund/fundcompare HTTP/1.1" 403 None
2026-05-24 15:26:02 [DEBUG   ] data_fetcher: FIPIRAN https://fipiran.ir/api/v1/fund/fundcompare [{'X-Requested-With': 'XMLHttpRequest', 'Accept': 'application/json, text/javascript, */*; q=0.01'}] → 403 Client Error: Forbidden for url: https://fipiran.ir/api/v1/fund/fundcompare
2026-05-24 15:26:02 [DEBUG   ] urllib3.connectionpool: https://fipiran.ir:443 "GET /api/v1/fund/fundcompare HTTP/1.1" 403 None
2026-05-24 15:26:02 [DEBUG   ] data_fetcher: FIPIRAN https://fipiran.ir/api/v1/fund/fundcompare [{}] → 403 Client Error: Forbidden for url: https://fipiran.ir/api/v1/fund/fundcompare
2026-05-24 15:26:02 [WARNING ] data_fetcher: FIPIRAN: no usable data from any endpoint — NAV will be unavailable
2026-05-24 15:26:02 [INFO    ] data_fetcher: FIPIRAN returned no data — trying Rahavard 365...
2026-05-24 15:26:02 [DEBUG   ] urllib3.connectionpool: Starting new HTTPS connection (1): api.rahavard365.com:443
2026-05-24 15:26:02 [DEBUG   ] urllib3.connectionpool: https://cdn.tsetmc.com:443 "GET /api/BestLimits/7881099657101647 HTTP/1.1" 200 None
2026-05-24 15:26:02 [DEBUG   ] data_fetcher: Rahavard https://api.rahavard365.com/v1/funds → connection error: HTTPSConnectionPool(host='api.rahavard365.com', port=443): Max retries exceeded with url: /v1/funds (Caused by NameResolutionError("HTTPSConnection(host='api.rahavard365.com', port=443): Failed to resolve 'api.rahavard365.com' ([Errno 11002] getaddrinfo failed)"))
2026-05-24 15:26:02 [DEBUG   ] urllib3.connectionpool: Starting new HTTPS connection (2): api.rahavard365.com:443
2026-05-24 15:26:02 [DEBUG   ] data_fetcher: Rahavard https://api.rahavard365.com/v1/fund/list → connection error: HTTPSConnectionPool(host='api.rahavard365.com', port=443): Max retries exceeded with url: /v1/fund/list (Caused by NameResolutionError("HTTPSConnection(host='api.rahavard365.com', port=443): Failed to resolve 'api.rahavard365.com' ([Errno 11002] getaddrinfo failed)"))
2026-05-24 15:26:02 [DEBUG   ] urllib3.connectionpool: Starting new HTTPS connection (1): rahavard365.com:443
2026-05-24 15:26:02 [INFO    ] data_fetcher: 20 fund(s) missing NAV — trying external NAV sources...
2026-05-24 15:26:02 [DEBUG   ] urllib3.connectionpool: https://www.fipiran.ir:443 "GET /api/v1/fund/fundlist HTTP/1.1" 403 None
2026-05-24 15:26:02 [DEBUG   ] data_fetcher: FIPIRAN https://www.fipiran.ir/api/v1/fund/fundlist [{'Accept': 'application/json', 'Origin': 'https://www.fipiran.ir'}] → 403 Client Error: Forbidden for url: https://www.fipiran.ir/api/v1/fund/fundlist
2026-05-24 15:26:02 [DEBUG   ] urllib3.connectionpool: https://www.fipiran.ir:443 "GET /api/v1/fund/fundlist HTTP/1.1" 403 None
2026-05-24 15:26:02 [DEBUG   ] data_fetcher: FIPIRAN https://www.fipiran.ir/api/v1/fund/fundlist [{'X-Requested-With': 'XMLHttpRequest', 'Accept': 'application/json, text/javascript, */*; q=0.01'}] → 403 Client Error: Forbidden for url: https://www.fipiran.ir/api/v1/fund/fundlist
2026-05-24 15:26:02 [DEBUG   ] urllib3.connectionpool: https://www.fipiran.ir:443 "GET /api/v1/fund/fundlist HTTP/1.1" 403 None
2026-05-24 15:26:02 [DEBUG   ] data_fetcher: FIPIRAN https://www.fipiran.ir/api/v1/fund/fundlist [{}] → 403 Client Error: Forbidden for url: https://www.fipiran.ir/api/v1/fund/fundlist
2026-05-24 15:26:02 [DEBUG   ] urllib3.connectionpool: https://fipiran.ir:443 "GET /api/v1/fund/fundlist HTTP/1.1" 403 None
2026-05-24 15:26:02 [DEBUG   ] data_fetcher: FIPIRAN https://fipiran.ir/api/v1/fund/fundlist [{'Accept': 'application/json', 'Origin': 'https://www.fipiran.ir'}] → 403 Client Error: Forbidden for url: https://fipiran.ir/api/v1/fund/fundlist
2026-05-24 15:26:02 [DEBUG   ] urllib3.connectionpool: https://fipiran.ir:443 "GET /api/v1/fund/fundlist HTTP/1.1" 403 None
2026-05-24 15:26:02 [DEBUG   ] data_fetcher: FIPIRAN https://fipiran.ir/api/v1/fund/fundlist [{'X-Requested-With': 'XMLHttpRequest', 'Accept': 'application/json, text/javascript, */*; q=0.01'}] → 403 Client Error: Forbidden for url: https://fipiran.ir/api/v1/fund/fundlist
2026-05-24 15:26:02 [DEBUG   ] urllib3.connectionpool: https://fipiran.ir:443 "GET /api/v1/fund/fundlist HTTP/1.1" 403 None
2026-05-24 15:26:02 [DEBUG   ] data_fetcher: FIPIRAN https://fipiran.ir/api/v1/fund/fundlist [{}] → 403 Client Error: Forbidden for url: https://fipiran.ir/api/v1/fund/fundlist
2026-05-24 15:26:02 [DEBUG   ] urllib3.connectionpool: https://www.fipiran.ir:443 "GET /api/fund/fundcompare HTTP/1.1" 403 None
2026-05-24 15:26:02 [DEBUG   ] data_fetcher: FIPIRAN https://www.fipiran.ir/api/fund/fundcompare [{'Accept': 'application/json', 'Origin': 'https://www.fipiran.ir'}] → 403 Client Error: Forbidden for url: https://www.fipiran.ir/api/fund/fundcompare
2026-05-24 15:26:02 [DEBUG   ] urllib3.connectionpool: https://www.fipiran.ir:443 "GET /api/fund/fundcompare HTTP/1.1" 403 None
2026-05-24 15:26:02 [DEBUG   ] data_fetcher: FIPIRAN https://www.fipiran.ir/api/fund/fundcompare [{'X-Requested-With': 'XMLHttpRequest', 'Accept': 'application/json, text/javascript, */*; q=0.01'}] → 403 Client Error: Forbidden for url: https://www.fipiran.ir/api/fund/fundcompare
2026-05-24 15:26:02 [DEBUG   ] urllib3.connectionpool: https://www.fipiran.ir:443 "GET /api/fund/fundcompare HTTP/1.1" 403 None
2026-05-24 15:26:02 [DEBUG   ] data_fetcher: FIPIRAN https://www.fipiran.ir/api/fund/fundcompare [{}] → 403 Client Error: Forbidden for url: https://www.fipiran.ir/api/fund/fundcompare
2026-05-24 15:26:02 [DEBUG   ] urllib3.connectionpool: https://rahavard365.com:443 "GET /api/v1/fund/list HTTP/1.1" 404 0
2026-05-24 15:26:02 [DEBUG   ] data_fetcher: Rahavard https://rahavard365.com/api/v1/fund/list → HTTP error: 404 Client Error: Not Found for url: https://rahavard365.com/api/v1/fund/list
2026-05-24 15:26:02 [DEBUG   ] urllib3.connectionpool: https://www.fipiran.ir:443 "GET /api/v1/fund/fundcompare HTTP/1.1" 403 None
2026-05-24 15:26:02 [DEBUG   ] data_fetcher: FIPIRAN https://www.fipiran.ir/api/v1/fund/fundcompare [{'Accept': 'application/json', 'Origin': 'https://www.fipiran.ir'}] → 403 Client Error: Forbidden for url: https://www.fipiran.ir/api/v1/fund/fundcompare
2026-05-24 15:26:02 [DEBUG   ] urllib3.connectionpool: https://rahavard365.com:443 "GET /api/funds HTTP/1.1" 404 0
2026-05-24 15:26:02 [DEBUG   ] data_fetcher: Rahavard https://rahavard365.com/api/funds → HTTP error: 404 Client Error: Not Found for url: https://rahavard365.com/api/funds
2026-05-24 15:26:02 [DEBUG   ] data_fetcher: Rahavard: no usable data from any endpoint
2026-05-24 15:26:02 [WARNING ] data_fetcher: All external NAV sources exhausted — NAV unavailable
2026-05-24 15:26:02 [WARNING ] data_fetcher: NAV still missing: کیان, پارند, اعتماد, کمند, افران, لبخند, آساس, آفاق, گنجین, خاتم, اوصتا, فردا, گوهر, سخند, سپهر, یاقوت, فیروزا, صایند, همای, حکمت
2026-05-24 15:26:02 [WARNING ] __main__: 1 funds had no data: حکمت
2026-05-24 15:26:02 [WARNING ] arbitrage: Could not analyze کیان: missing data
2026-05-24 15:26:02 [WARNING ] arbitrage: Could not analyze پارند: missing data
2026-05-24 15:26:02 [WARNING ] arbitrage: Could not analyze اعتماد: missing data
2026-05-24 15:26:02 [WARNING ] arbitrage: Could not analyze کمند: missing data
2026-05-24 15:26:02 [WARNING ] arbitrage: Could not analyze افران: missing data
2026-05-24 15:26:02 [WARNING ] arbitrage: Could not analyze لبخند: missing data
2026-05-24 15:26:02 [WARNING ] arbitrage: Could not analyze آساس: missing data
2026-05-24 15:26:02 [WARNING ] arbitrage: Could not analyze آفاق: missing data
2026-05-24 15:26:02 [WARNING ] arbitrage: Could not analyze گنجین: missing data
2026-05-24 15:26:02 [WARNING ] arbitrage: Could not analyze خاتم: missing data
2026-05-24 15:26:02 [WARNING ] arbitrage: Could not analyze اوصتا: missing data
2026-05-24 15:26:02 [WARNING ] arbitrage: Could not analyze فردا: missing data
2026-05-24 15:26:02 [WARNING ] arbitrage: Could not analyze گوهر: missing data
2026-05-24 15:26:02 [WARNING ] arbitrage: Could not analyze سخند: missing data
2026-05-24 15:26:02 [WARNING ] arbitrage: Could not analyze سپهر: missing data
2026-05-24 15:26:02 [WARNING ] arbitrage: Could not analyze یاقوت: missing data
2026-05-24 15:26:02 [WARNING ] arbitrage: Could not analyze فیروزا: missing data
2026-05-24 15:26:02 [WARNING ] arbitrage: Could not analyze صایند: missing data
2026-05-24 15:26:02 [WARNING ] arbitrage: Could not analyze همای: missing data
2026-05-24 15:26:02 [WARNING ] arbitrage: Could not analyze حکمت: missing data
2026-05-24 15:26:02 [DEBUG   ] urllib3.connectionpool: https://www.fipiran.ir:443 "GET /api/v1/fund/fundcompare HTTP/1.1" 403 None
2026-05-24 15:26:02 [DEBUG   ] data_fetcher: FIPIRAN https://www.fipiran.ir/api/v1/fund/fundcompare [{'X-Requested-With': 'XMLHttpRequest', 'Accept': 'application/json, text/javascript, */*; q=0.01'}] → 403 Client Error: Forbidden for url: https://www.fipiran.ir/api/v1/fund/fundcompare
2026-05-24 15:26:02 [DEBUG   ] urllib3.connectionpool: https://www.fipiran.ir:443 "GET /api/v1/fund/fundcompare HTTP/1.1" 403 None
2026-05-24 15:26:02 [DEBUG   ] data_fetcher: FIPIRAN https://www.fipiran.ir/api/v1/fund/fundcompare [{}] → 403 Client Error: Forbidden for url: https://www.fipiran.ir/api/v1/fund/fundcompare
2026-05-24 15:26:02 [DEBUG   ] urllib3.connectionpool: https://fipiran.ir:443 "GET /api/v1/fund/fundcompare HTTP/1.1" 403 None
2026-05-24 15:26:02 [DEBUG   ] data_fetcher: FIPIRAN https://fipiran.ir/api/v1/fund/fundcompare [{'Accept': 'application/json', 'Origin': 'https://www.fipiran.ir'}] → 403 Client Error: Forbidden for url: https://fipiran.ir/api/v1/fund/fundcompare
2026-05-24 15:26:02 [DEBUG   ] urllib3.connectionpool: https://fipiran.ir:443 "GET /api/v1/fund/fundcompare HTTP/1.1" 403 None
2026-05-24 15:26:02 [DEBUG   ] data_fetcher: FIPIRAN https://fipiran.ir/api/v1/fund/fundcompare [{'X-Requested-With': 'XMLHttpRequest', 'Accept': 'application/json, text/javascript, */*; q=0.01'}] → 403 Client Error: Forbidden for url: https://fipiran.ir/api/v1/fund/fundcompare
2026-05-24 15:26:02 [DEBUG   ] urllib3.connectionpool: https://fipiran.ir:443 "GET /api/v1/fund/fundcompare HTTP/1.1" 403 None
2026-05-24 15:26:02 [DEBUG   ] data_fetcher: FIPIRAN https://fipiran.ir/api/v1/fund/fundcompare [{}] → 403 Client Error: Forbidden for url: https://fipiran.ir/api/v1/fund/fundcompare
2026-05-24 15:26:02 [WARNING ] data_fetcher: FIPIRAN: no usable data from any endpoint — NAV will be unavailable
2026-05-24 15:26:02 [INFO    ] data_fetcher: FIPIRAN returned no data — trying Rahavard 365...
2026-05-24 15:26:02 [DEBUG   ] urllib3.connectionpool: Starting new HTTPS connection (3): api.rahavard365.com:443
2026-05-24 15:26:02 [DEBUG   ] data_fetcher: Rahavard https://api.rahavard365.com/v1/funds → connection error: HTTPSConnectionPool(host='api.rahavard365.com', port=443): Max retries exceeded with url: /v1/funds (Caused by NameResolutionError("HTTPSConnection(host='api.rahavard365.com', port=443): Failed to resolve 'api.rahavard365.com' ([Errno 11002] getaddrinfo failed)"))
2026-05-24 15:26:02 [DEBUG   ] urllib3.connectionpool: Starting new HTTPS connection (4): api.rahavard365.com:443
2026-05-24 15:26:02 [DEBUG   ] data_fetcher: Rahavard https://api.rahavard365.com/v1/fund/list → connection error: HTTPSConnectionPool(host='api.rahavard365.com', port=443): Max retries exceeded with url: /v1/fund/list (Caused by NameResolutionError("HTTPSConnection(host='api.rahavard365.com', port=443): Failed to resolve 'api.rahavard365.com' ([Errno 11002] getaddrinfo failed)"))
2026-05-24 15:26:02 [DEBUG   ] urllib3.connectionpool: https://rahavard365.com:443 "GET /api/v1/fund/list HTTP/1.1" 404 0
2026-05-24 15:26:02 [DEBUG   ] data_fetcher: Rahavard https://rahavard365.com/api/v1/fund/list → HTTP error: 404 Client Error: Not Found for url: https://rahavard365.com/api/v1/fund/list
2026-05-24 15:26:02 [DEBUG   ] urllib3.connectionpool: https://rahavard365.com:443 "GET /api/funds HTTP/1.1" 404 0
2026-05-24 15:26:02 [DEBUG   ] data_fetcher: Rahavard https://rahavard365.com/api/funds → HTTP error: 404 Client Error: Not Found for url: https://rahavard365.com/api/funds
2026-05-24 15:26:02 [DEBUG   ] data_fetcher: Rahavard: no usable data from any endpoint
2026-05-24 15:26:02 [WARNING ] data_fetcher: All external NAV sources exhausted — NAV unavailable
2026-05-24 15:26:02 [WARNING ] data_fetcher: NAV still missing: کیان, پارند, اعتماد, کمند, افران, لبخند, آساس, آفاق, گنجین, خاتم, اوصتا, فردا, گوهر, سخند, سپهر, یاقوت, فیروزا, صایند, همای, حکمت
2026-05-24 15:26:02 [WARNING ] __main__: 2 funds had no data: کیان, حکمت
2026-05-24 15:26:02 [WARNING ] arbitrage: Could not analyze کیان: missing data
2026-05-24 15:26:02 [WARNING ] arbitrage: Could not analyze پارند: missing data
2026-05-24 15:26:02 [WARNING ] arbitrage: Could not analyze اعتماد: missing data
2026-05-24 15:26:02 [WARNING ] arbitrage: Could not analyze کمند: missing data
2026-05-24 15:26:02 [WARNING ] arbitrage: Could not analyze افران: missing data
2026-05-24 15:26:02 [WARNING ] arbitrage: Could not analyze لبخند: missing data
2026-05-24 15:26:02 [WARNING ] arbitrage: Could not analyze آساس: missing data
2026-05-24 15:26:02 [WARNING ] arbitrage: Could not analyze آفاق: missing data
2026-05-24 15:26:02 [WARNING ] arbitrage: Could not analyze گنجین: missing data
2026-05-24 15:26:02 [WARNING ] arbitrage: Could not analyze خاتم: missing data
2026-05-24 15:26:02 [WARNING ] arbitrage: Could not analyze اوصتا: missing data
2026-05-24 15:26:02 [WARNING ] arbitrage: Could not analyze فردا: missing data
2026-05-24 15:26:02 [WARNING ] arbitrage: Could not analyze گوهر: missing data
2026-05-24 15:26:02 [WARNING ] arbitrage: Could not analyze سخند: missing data
2026-05-24 15:26:02 [WARNING ] arbitrage: Could not analyze سپهر: missing data
2026-05-24 15:26:02 [WARNING ] arbitrage: Could not analyze یاقوت: missing data
2026-05-24 15:26:02 [WARNING ] arbitrage: Could not analyze فیروزا: missing data
2026-05-24 15:26:02 [WARNING ] arbitrage: Could not analyze صایند: missing data
2026-05-24 15:26:02 [WARNING ] arbitrage: Could not analyze همای: missing data
2026-05-24 15:26:02 [WARNING ] arbitrage: Could not analyze حکمت: missing data
2026-05-24 15:26:48 [INFO    ] data_fetcher: Fetching price data from TSETMC...
2026-05-24 15:26:48 [INFO    ] data_fetcher: [1/20] Fetching کیان ...
2026-05-24 15:26:48 [DEBUG   ] urllib3.connectionpool: https://cdn.tsetmc.com:443 "GET /api/ClosingPrice/GetClosingPriceInfo/53251602435454519 HTTP/1.1" 200 None
2026-05-24 15:26:48 [DEBUG   ] data_fetcher: ClosingPriceInfo top-level keys for 53251602435454519: ['closingPriceInfo']
2026-05-24 15:26:48 [DEBUG   ] data_fetcher: ClosingPriceInfo fields for 53251602435454519: {'instrumentState': {'idn': 0, 'dEven': 0, 'hEven': 0, 'insCode': None, 'lVal18AFC': None, 'lVal30': None, 'cEtaval': 'A ', 'realHeven': 0, 'underSupervision': 0, 'cEtavalTitle': 'مجاز'}, 'lastHEven': 152548, 'finalLastDate': 20260524, 'priceMin': 100288.0, 'priceMax': 100292.0, 'priceYesterday': 100165.0, 'priceFirst': 100291.0, 'insCode': '0', 'dEven': 20260524, 'hEven': 152548, 'pClosing': 100291.0, 'pDrCotVal': 100292.0, 'zTotTran': 7732.0, 'qTotTran5J': 138703983.0, 'qTotCap': 13910783079448.0}
2026-05-24 15:26:48 [DEBUG   ] urllib3.connectionpool: https://cdn.tsetmc.com:443 "GET /api/Instrument/GetInstrumentInfo/53251602435454519 HTTP/1.1" 200 None
2026-05-24 15:26:48 [DEBUG   ] data_fetcher: InstrumentInfo top-level keys for 53251602435454519: ['instrumentInfo']
2026-05-24 15:26:48 [DEBUG   ] data_fetcher: InstrumentInfo non-zero fields for 53251602435454519: {'eps': {'epsValue': None, 'estimatedEPS': None, 'sectorPE': 0.0, 'psr': 0.0}, 'sector': {'dEven': 0, 'cSecVal': '68 ', 'lSecVal': 'صندوق سرمايه گذاري قابل معامله'}, 'staticThreshold': {'insCode': None, 'dEven': 0, 'hEven': 0, 'psGelStaMax': 103169.0, 'psGelStaMin': 97161.0}, 'minWeek': 99905.0, 'maxWeek': 100166.0, 'minYear': 72550.0, 'maxYear': 100166.0, 'qTotTran5JAvg': 146078215.0, 'dEven': 20260524, 'faraDesc': 'نوع صندوق: در اوراق بهادار با درآمد ثابت', 'etfIssuedUnit': 3103975485.0, 'etfUnitDeven': 20260523, 'lVal18': 'Kian ETF', 'yVal': '305', 'insCode': '53251602435454519', 'lVal30': 'صندوق س. با درآمد ثابت كيان', 'lVal18AFC': 'كيان', 'flow': 1, 'cIsin': 'IRT1FKNF0008', 'zTitad': 4000000000.0, 'baseVol': 1, 'instrumentID': 'IRT1FKNF0001', 'cgrValCot': 'H1', 'cComVal': '4', 'sourceID': 1, 'flowTitle': 'بازار بورس', 'cgrValCotTitle': 'بازار صندوق های قابل معامله'}
2026-05-24 15:26:48 [DEBUG   ] urllib3.connectionpool: https://www.tsetmc.com:443 "GET /Loader.aspx?ParTree=15131W&i=53251602435454519 HTTP/1.1" 200 824
2026-05-24 15:26:48 [DEBUG   ] data_fetcher: Loader API for 53251602435454519: 824 bytes, preview: <!doctype html><html lang="en"><head><meta charset="utf-8"/><link rel="icon" href="/favicon.ico?v=2"
2026-05-24 15:26:48 [DEBUG   ] urllib3.connectionpool: https://cdn.tsetmc.com:443 "GET /api/ETF/ETFByInsCode/53251602435454519 HTTP/1.1" 200 824
2026-05-24 15:26:48 [DEBUG   ] urllib3.connectionpool: https://cdn.tsetmc.com:443 "GET /api/ETF/GetETFByInsCode/53251602435454519 HTTP/1.1" 200 824
2026-05-24 15:26:48 [DEBUG   ] urllib3.connectionpool: https://cdn.tsetmc.com:443 "GET /api/ETF/GetETFInfo/53251602435454519 HTTP/1.1" 200 824
2026-05-24 15:26:48 [DEBUG   ] urllib3.connectionpool: https://cdn.tsetmc.com:443 "GET /api/Fund/GetFundInfo/53251602435454519 HTTP/1.1" 404 0
2026-05-24 15:26:48 [DEBUG   ] urllib3.connectionpool: https://cdn.tsetmc.com:443 "GET /api/Fund/GetFund/53251602435454519 HTTP/1.1" 404 0
2026-05-24 15:26:48 [DEBUG   ] urllib3.connectionpool: https://cdn.tsetmc.com:443 "GET /api/Fund/GetFundLastInfo/53251602435454519 HTTP/1.1" 404 0
2026-05-24 15:26:48 [DEBUG   ] urllib3.connectionpool: https://cdn.tsetmc.com:443 "GET /api/Fund/GetMutualFundByInsCode/53251602435454519 HTTP/1.1" 404 0
2026-05-24 15:26:48 [DEBUG   ] urllib3.connectionpool: https://cdn.tsetmc.com:443 "GET /api/Fund/FundInfo/53251602435454519 HTTP/1.1" 404 0
2026-05-24 15:26:49 [DEBUG   ] urllib3.connectionpool: https://cdn.tsetmc.com:443 "GET /api/Fund/FundData/53251602435454519 HTTP/1.1" 404 0
2026-05-24 15:26:49 [DEBUG   ] urllib3.connectionpool: https://www.tsetmc.com:443 "GET /instrument/53251602435454519 HTTP/1.1" 200 824
2026-05-24 15:26:49 [DEBUG   ] data_fetcher:   HTML page for 53251602435454519: 824 bytes
2026-05-24 15:26:49 [DEBUG   ] data_fetcher:   No NAV found in TSETMC HTML for ins_code=53251602435454519
2026-05-24 15:26:49 [DEBUG   ] urllib3.connectionpool: https://cdn.tsetmc.com:443 "GET /api/StaticThreshold/GetStaticThreshold/53251602435454519/0 HTTP/1.1" 200 824
2026-05-24 15:26:49 [DEBUG   ] data_fetcher:   No NAV found for ins_code=53251602435454519
2026-05-24 15:26:49 [DEBUG   ] urllib3.connectionpool: https://cdn.tsetmc.com:443 "GET /api/BestLimits/53251602435454519 HTTP/1.1" 200 None
2026-05-24 15:26:49 [INFO    ] data_fetcher: [2/20] Fetching پارند ...
2026-05-24 15:26:49 [DEBUG   ] urllib3.connectionpool: https://cdn.tsetmc.com:443 "GET /api/ClosingPrice/GetClosingPriceInfo/70595828753641750 HTTP/1.1" 200 None
2026-05-24 15:26:49 [DEBUG   ] data_fetcher: ClosingPriceInfo top-level keys for 70595828753641750: ['closingPriceInfo']
2026-05-24 15:26:49 [DEBUG   ] data_fetcher: ClosingPriceInfo fields for 70595828753641750: {'instrumentState': {'idn': 0, 'dEven': 0, 'hEven': 0, 'insCode': None, 'lVal18AFC': None, 'lVal30': None, 'cEtaval': 'A ', 'realHeven': 0, 'underSupervision': 0, 'cEtavalTitle': 'مجاز'}, 'lastHEven': 145159, 'finalLastDate': 20260524, 'priceMin': 10154.0, 'priceMax': 10155.0, 'priceYesterday': 10144.0, 'priceFirst': 10154.0, 'insCode': '0', 'dEven': 20260524, 'hEven': 145159, 'pClosing': 10154.0, 'pDrCotVal': 10155.0, 'zTotTran': 348.0, 'qTotTran5J': 29793299.0, 'qTotCap': 302532180771.0}
2026-05-24 15:26:49 [DEBUG   ] urllib3.connectionpool: https://cdn.tsetmc.com:443 "GET /api/Instrument/GetInstrumentInfo/70595828753641750 HTTP/1.1" 200 None
2026-05-24 15:26:49 [DEBUG   ] data_fetcher: InstrumentInfo top-level keys for 70595828753641750: ['instrumentInfo']
2026-05-24 15:26:49 [DEBUG   ] data_fetcher: InstrumentInfo non-zero fields for 70595828753641750: {'eps': {'epsValue': None, 'estimatedEPS': None, 'sectorPE': 0.0, 'psr': 0.0}, 'sector': {'dEven': 0, 'cSecVal': '68 ', 'lSecVal': 'صندوق سرمايه گذاري قابل معامله'}, 'staticThreshold': {'insCode': None, 'dEven': 0, 'hEven': 0, 'psGelStaMax': 10448.0, 'psGelStaMin': 9840.0}, 'minWeek': 10114.0, 'maxWeek': 10145.0, 'minYear': 10006.0, 'maxYear': 10263.0, 'qTotTran5JAvg': 239304531.0, 'dEven': 20260524, 'faraDesc': 'نوع صندوق: در اوراق بهادار با درآمد ثابت', 'etfIssuedUnit': 4403033298.0, 'etfUnitDeven': 20260523, 'lVal18': 'Parand ETF', 'yVal': '305', 'insCode': '70595828753641750', 'lVal30': 'صندوق س. پارند پايدار سپهر', 'lVal18AFC': 'پارند', 'flow': 1, 'cIsin': 'IRT1FPAF0008', 'zTitad': 10000000000.0, 'baseVol': 1, 'instrumentID': 'IRT1FPAF0001', 'cgrValCot': 'H1', 'cComVal': '4', 'sourceID': 1, 'flowTitle': 'بازار بورس', 'cgrValCotTitle': 'بازار صندوق های قابل معامله'}
2026-05-24 15:26:49 [DEBUG   ] urllib3.connectionpool: https://www.tsetmc.com:443 "GET /Loader.aspx?ParTree=15131W&i=70595828753641750 HTTP/1.1" 200 824
2026-05-24 15:26:49 [DEBUG   ] data_fetcher: Loader API for 70595828753641750: 824 bytes, preview: <!doctype html><html lang="en"><head><meta charset="utf-8"/><link rel="icon" href="/favicon.ico?v=2"
2026-05-24 15:26:49 [DEBUG   ] urllib3.connectionpool: https://cdn.tsetmc.com:443 "GET /api/ETF/ETFByInsCode/70595828753641750 HTTP/1.1" 200 824
2026-05-24 15:26:49 [DEBUG   ] urllib3.connectionpool: https://cdn.tsetmc.com:443 "GET /api/ETF/GetETFByInsCode/70595828753641750 HTTP/1.1" 200 824
2026-05-24 15:26:50 [DEBUG   ] urllib3.connectionpool: https://cdn.tsetmc.com:443 "GET /api/ETF/GetETFInfo/70595828753641750 HTTP/1.1" 200 824
2026-05-24 15:26:50 [DEBUG   ] urllib3.connectionpool: https://cdn.tsetmc.com:443 "GET /api/Fund/GetFundInfo/70595828753641750 HTTP/1.1" 404 0
2026-05-24 15:26:50 [DEBUG   ] urllib3.connectionpool: https://cdn.tsetmc.com:443 "GET /api/Fund/GetFund/70595828753641750 HTTP/1.1" 404 0
2026-05-24 15:26:50 [DEBUG   ] urllib3.connectionpool: https://cdn.tsetmc.com:443 "GET /api/Fund/GetFundLastInfo/70595828753641750 HTTP/1.1" 404 0
2026-05-24 15:26:50 [DEBUG   ] urllib3.connectionpool: https://cdn.tsetmc.com:443 "GET /api/Fund/GetMutualFundByInsCode/70595828753641750 HTTP/1.1" 404 0
2026-05-24 15:26:50 [DEBUG   ] urllib3.connectionpool: https://cdn.tsetmc.com:443 "GET /api/Fund/FundInfo/70595828753641750 HTTP/1.1" 404 0
2026-05-24 15:26:50 [DEBUG   ] urllib3.connectionpool: https://cdn.tsetmc.com:443 "GET /api/Fund/FundData/70595828753641750 HTTP/1.1" 404 0
2026-05-24 15:26:50 [DEBUG   ] urllib3.connectionpool: https://www.tsetmc.com:443 "GET /instrument/70595828753641750 HTTP/1.1" 200 824
2026-05-24 15:26:50 [DEBUG   ] data_fetcher:   HTML page for 70595828753641750: 824 bytes
2026-05-24 15:26:50 [DEBUG   ] data_fetcher:   No NAV found in TSETMC HTML for ins_code=70595828753641750
2026-05-24 15:26:50 [DEBUG   ] urllib3.connectionpool: https://cdn.tsetmc.com:443 "GET /api/StaticThreshold/GetStaticThreshold/70595828753641750/0 HTTP/1.1" 200 824
2026-05-24 15:26:50 [DEBUG   ] data_fetcher:   No NAV found for ins_code=70595828753641750
2026-05-24 15:26:50 [DEBUG   ] urllib3.connectionpool: https://cdn.tsetmc.com:443 "GET /api/BestLimits/70595828753641750 HTTP/1.1" 200 None
2026-05-24 15:26:50 [INFO    ] data_fetcher: [3/20] Fetching اعتماد ...
2026-05-24 15:26:50 [DEBUG   ] urllib3.connectionpool: https://cdn.tsetmc.com:443 "GET /api/ClosingPrice/GetClosingPriceInfo/66818022341772870 HTTP/1.1" 200 None
2026-05-24 15:26:50 [DEBUG   ] data_fetcher: ClosingPriceInfo top-level keys for 66818022341772870: ['closingPriceInfo']
2026-05-24 15:26:50 [DEBUG   ] data_fetcher: ClosingPriceInfo fields for 66818022341772870: {'instrumentState': {'idn': 0, 'dEven': 0, 'hEven': 0, 'insCode': None, 'lVal18AFC': None, 'lVal30': None, 'cEtaval': 'A ', 'realHeven': 0, 'underSupervision': 0, 'cEtavalTitle': 'مجاز'}, 'lastHEven': 145958, 'finalLastDate': 20260524, 'priceMin': 125749.0, 'priceMax': 125751.0, 'priceYesterday': 125588.0, 'priceFirst': 125749.0, 'insCode': '0', 'dEven': 20260524, 'hEven': 145958, 'pClosing': 125749.0, 'pDrCotVal': 125751.0, 'zTotTran': 1633.0, 'qTotTran5J': 67453069.0, 'qTotCap': 8482171404536.0}
2026-05-24 15:26:51 [DEBUG   ] urllib3.connectionpool: https://cdn.tsetmc.com:443 "GET /api/Instrument/GetInstrumentInfo/66818022341772870 HTTP/1.1" 200 None
2026-05-24 15:26:51 [DEBUG   ] data_fetcher: InstrumentInfo top-level keys for 66818022341772870: ['instrumentInfo']
2026-05-24 15:26:51 [DEBUG   ] data_fetcher: InstrumentInfo non-zero fields for 66818022341772870: {'eps': {'epsValue': None, 'estimatedEPS': None, 'sectorPE': 273.25, 'psr': 0.0}, 'sector': {'dEven': 0, 'cSecVal': '68 ', 'lSecVal': 'صندوق سرمايه گذاري قابل معامله'}, 'staticThreshold': {'insCode': None, 'dEven': 0, 'hEven': 0, 'psGelStaMax': 129355.0, 'psGelStaMin': 121821.0}, 'minWeek': 125285.0, 'maxWeek': 125589.0, 'minYear': 92551.0, 'maxYear': 125589.0, 'qTotTran5JAvg': 87433180.0, 'dEven': 20260524, 'faraDesc': 'نوع صندوق : در اوراق بهادار با درآمد ثابت', 'etfIssuedUnit': 2254145907.0, 'etfUnitDeven': 20260523, 'lVal18': 'Etemad Parsian ETF', 'yVal': '305', 'insCode': '66818022341772870', 'lVal30': 'صندوق س.اعتماد آفرين پارسيان-د', 'lVal18AFC': 'اعتماد', 'flow': 2, 'cIsin': 'IRT3FATF0002', 'zTitad': 4000000000.0, 'baseVol': 1, 'instrumentID': 'IRT3FATF0001', 'cgrValCot': '1A', 'cComVal': '4', 'sourceID': 2, 'flowTitle': 'بازار فرابورس', 'cgrValCotTitle': 'بازار ابزارهاي نوين مالي فرابورس'}
2026-05-24 15:26:51 [DEBUG   ] urllib3.connectionpool: https://www.tsetmc.com:443 "GET /Loader.aspx?ParTree=15131W&i=66818022341772870 HTTP/1.1" 200 824
2026-05-24 15:26:51 [DEBUG   ] data_fetcher: Loader API for 66818022341772870: 824 bytes, preview: <!doctype html><html lang="en"><head><meta charset="utf-8"/><link rel="icon" href="/favicon.ico?v=2"
2026-05-24 15:26:51 [DEBUG   ] urllib3.connectionpool: https://cdn.tsetmc.com:443 "GET /api/ETF/ETFByInsCode/66818022341772870 HTTP/1.1" 200 824
2026-05-24 15:26:51 [DEBUG   ] urllib3.connectionpool: https://cdn.tsetmc.com:443 "GET /api/ETF/GetETFByInsCode/66818022341772870 HTTP/1.1" 200 824
2026-05-24 15:26:51 [DEBUG   ] urllib3.connectionpool: https://cdn.tsetmc.com:443 "GET /api/ETF/GetETFInfo/66818022341772870 HTTP/1.1" 200 824
2026-05-24 15:26:51 [DEBUG   ] urllib3.connectionpool: https://cdn.tsetmc.com:443 "GET /api/Fund/GetFundInfo/66818022341772870 HTTP/1.1" 404 0
2026-05-24 15:26:51 [DEBUG   ] urllib3.connectionpool: https://cdn.tsetmc.com:443 "GET /api/Fund/GetFund/66818022341772870 HTTP/1.1" 404 0
2026-05-24 15:26:51 [DEBUG   ] urllib3.connectionpool: https://cdn.tsetmc.com:443 "GET /api/Fund/GetFundLastInfo/66818022341772870 HTTP/1.1" 404 0
2026-05-24 15:26:51 [DEBUG   ] urllib3.connectionpool: https://cdn.tsetmc.com:443 "GET /api/Fund/GetMutualFundByInsCode/66818022341772870 HTTP/1.1" 404 0
2026-05-24 15:26:51 [DEBUG   ] urllib3.connectionpool: https://cdn.tsetmc.com:443 "GET /api/Fund/FundInfo/66818022341772870 HTTP/1.1" 404 0
2026-05-24 15:26:51 [DEBUG   ] urllib3.connectionpool: https://cdn.tsetmc.com:443 "GET /api/Fund/FundData/66818022341772870 HTTP/1.1" 404 0
2026-05-24 15:26:51 [DEBUG   ] urllib3.connectionpool: https://www.tsetmc.com:443 "GET /instrument/66818022341772870 HTTP/1.1" 200 824
2026-05-24 15:26:51 [DEBUG   ] data_fetcher:   HTML page for 66818022341772870: 824 bytes
2026-05-24 15:26:51 [DEBUG   ] data_fetcher:   No NAV found in TSETMC HTML for ins_code=66818022341772870
2026-05-24 15:26:51 [DEBUG   ] urllib3.connectionpool: https://cdn.tsetmc.com:443 "GET /api/StaticThreshold/GetStaticThreshold/66818022341772870/0 HTTP/1.1" 200 824
2026-05-24 15:26:51 [DEBUG   ] data_fetcher:   No NAV found for ins_code=66818022341772870
2026-05-24 15:26:51 [DEBUG   ] urllib3.connectionpool: https://cdn.tsetmc.com:443 "GET /api/BestLimits/66818022341772870 HTTP/1.1" 200 None
2026-05-24 15:26:52 [INFO    ] data_fetcher: [4/20] Fetching کمند ...
2026-05-24 15:26:52 [DEBUG   ] urllib3.connectionpool: https://cdn.tsetmc.com:443 "GET /api/ClosingPrice/GetClosingPriceInfo/34718633636164421 HTTP/1.1" 200 None
2026-05-24 15:26:52 [DEBUG   ] data_fetcher: ClosingPriceInfo top-level keys for 34718633636164421: ['closingPriceInfo']
2026-05-24 15:26:52 [DEBUG   ] data_fetcher: ClosingPriceInfo fields for 34718633636164421: {'instrumentState': {'idn': 0, 'dEven': 0, 'hEven': 0, 'insCode': None, 'lVal18AFC': None, 'lVal30': None, 'cEtaval': 'A ', 'realHeven': 0, 'underSupervision': 0, 'cEtavalTitle': 'مجاز'}, 'lastHEven': 145941, 'finalLastDate': 20260524, 'priceMin': 10162.0, 'priceMax': 10163.0, 'priceYesterday': 10152.0, 'priceFirst': 10162.0, 'insCode': '0', 'dEven': 20260524, 'hEven': 145941, 'pClosing': 10162.0, 'pDrCotVal': 10163.0, 'zTotTran': 1382.0, 'qTotTran5J': 154725894.0, 'qTotCap': 1572364912502.0}
2026-05-24 15:26:52 [DEBUG   ] urllib3.connectionpool: https://cdn.tsetmc.com:443 "GET /api/Instrument/GetInstrumentInfo/34718633636164421 HTTP/1.1" 200 None
2026-05-24 15:26:52 [DEBUG   ] data_fetcher: InstrumentInfo top-level keys for 34718633636164421: ['instrumentInfo']
2026-05-24 15:26:52 [DEBUG   ] data_fetcher: InstrumentInfo non-zero fields for 34718633636164421: {'eps': {'epsValue': None, 'estimatedEPS': None, 'sectorPE': 0.0, 'psr': 0.0}, 'sector': {'dEven': 0, 'cSecVal': '68 ', 'lSecVal': 'صندوق سرمايه گذاري قابل معامله'}, 'staticThreshold': {'insCode': None, 'dEven': 0, 'hEven': 0, 'psGelStaMax': 10456.0, 'psGelStaMin': 9848.0}, 'minWeek': 10123.0, 'maxWeek': 10153.0, 'minYear': 10000.0, 'maxYear': 10274.0, 'qTotTran5JAvg': 246704726.0, 'dEven': 20260524, 'faraDesc': 'نوع صندوق: در اوراق بهادار با درآمد ثابت', 'etfIssuedUnit': 7716800000.0, 'etfUnitDeven': 20260523, 'lVal18': 'Kamand ETF', 'yVal': '305', 'insCode': '34718633636164421', 'lVal30': 'صندوق س. با درآمد ثابت كمند', 'lVal18AFC': 'كمند', 'flow': 1, 'cIsin': 'IRT1KMND0001', 'zTitad': 10000000000.0, 'baseVol': 1, 'instrumentID': 'IRT1KMND0001', 'cgrValCot': 'H1', 'cComVal': '4', 'sourceID': 1, 'flowTitle': 'بازار بورس', 'cgrValCotTitle': 'بازار صندوق های قابل معامله'}
2026-05-24 15:26:52 [DEBUG   ] urllib3.connectionpool: https://www.tsetmc.com:443 "GET /Loader.aspx?ParTree=15131W&i=34718633636164421 HTTP/1.1" 200 824
2026-05-24 15:26:52 [DEBUG   ] data_fetcher: Loader API for 34718633636164421: 824 bytes, preview: <!doctype html><html lang="en"><head><meta charset="utf-8"/><link rel="icon" href="/favicon.ico?v=2"
2026-05-24 15:26:52 [DEBUG   ] urllib3.connectionpool: https://cdn.tsetmc.com:443 "GET /api/ETF/ETFByInsCode/34718633636164421 HTTP/1.1" 200 824
2026-05-24 15:26:52 [DEBUG   ] urllib3.connectionpool: https://cdn.tsetmc.com:443 "GET /api/ETF/GetETFByInsCode/34718633636164421 HTTP/1.1" 200 824
2026-05-24 15:26:52 [DEBUG   ] urllib3.connectionpool: https://cdn.tsetmc.com:443 "GET /api/ETF/GetETFInfo/34718633636164421 HTTP/1.1" 200 824
2026-05-24 15:26:52 [DEBUG   ] urllib3.connectionpool: https://cdn.tsetmc.com:443 "GET /api/Fund/GetFundInfo/34718633636164421 HTTP/1.1" 404 0
2026-05-24 15:26:52 [DEBUG   ] urllib3.connectionpool: https://cdn.tsetmc.com:443 "GET /api/Fund/GetFund/34718633636164421 HTTP/1.1" 404 0
2026-05-24 15:26:52 [DEBUG   ] urllib3.connectionpool: https://cdn.tsetmc.com:443 "GET /api/Fund/GetFundLastInfo/34718633636164421 HTTP/1.1" 404 0
2026-05-24 15:26:52 [DEBUG   ] urllib3.connectionpool: https://cdn.tsetmc.com:443 "GET /api/Fund/GetMutualFundByInsCode/34718633636164421 HTTP/1.1" 404 0
2026-05-24 15:26:52 [DEBUG   ] urllib3.connectionpool: https://cdn.tsetmc.com:443 "GET /api/Fund/FundInfo/34718633636164421 HTTP/1.1" 404 0
2026-05-24 15:26:52 [DEBUG   ] urllib3.connectionpool: https://cdn.tsetmc.com:443 "GET /api/Fund/FundData/34718633636164421 HTTP/1.1" 404 0
2026-05-24 15:26:52 [DEBUG   ] urllib3.connectionpool: https://www.tsetmc.com:443 "GET /instrument/34718633636164421 HTTP/1.1" 200 824
2026-05-24 15:26:52 [DEBUG   ] data_fetcher:   HTML page for 34718633636164421: 824 bytes
2026-05-24 15:26:52 [DEBUG   ] data_fetcher:   No NAV found in TSETMC HTML for ins_code=34718633636164421
2026-05-24 15:26:52 [DEBUG   ] urllib3.connectionpool: https://cdn.tsetmc.com:443 "GET /api/StaticThreshold/GetStaticThreshold/34718633636164421/0 HTTP/1.1" 200 824
2026-05-24 15:26:52 [DEBUG   ] data_fetcher:   No NAV found for ins_code=34718633636164421
2026-05-24 15:26:53 [DEBUG   ] urllib3.connectionpool: https://cdn.tsetmc.com:443 "GET /api/BestLimits/34718633636164421 HTTP/1.1" 200 None
2026-05-24 15:26:53 [INFO    ] data_fetcher: [5/20] Fetching افران ...
2026-05-24 15:26:53 [DEBUG   ] urllib3.connectionpool: https://cdn.tsetmc.com:443 "GET /api/ClosingPrice/GetClosingPriceInfo/3846143218462419 HTTP/1.1" 200 None
2026-05-24 15:26:53 [DEBUG   ] data_fetcher: ClosingPriceInfo top-level keys for 3846143218462419: ['closingPriceInfo']
2026-05-24 15:26:53 [DEBUG   ] data_fetcher: ClosingPriceInfo fields for 3846143218462419: {'instrumentState': {'idn': 0, 'dEven': 0, 'hEven': 0, 'insCode': None, 'lVal18AFC': None, 'lVal30': None, 'cEtaval': 'A ', 'realHeven': 0, 'underSupervision': 0, 'cEtavalTitle': 'مجاز'}, 'lastHEven': 145959, 'finalLastDate': 20260524, 'priceMin': 48336.0, 'priceMax': 48337.0, 'priceYesterday': 48271.0, 'priceFirst': 48336.0, 'insCode': '0', 'dEven': 20260524, 'hEven': 145959, 'pClosing': 48336.0, 'pDrCotVal': 48336.0, 'zTotTran': 11739.0, 'qTotTran5J': 357923580.0, 'qTotCap': 17300691788811.0}
2026-05-24 15:26:53 [DEBUG   ] urllib3.connectionpool: https://cdn.tsetmc.com:443 "GET /api/Instrument/GetInstrumentInfo/3846143218462419 HTTP/1.1" 200 None
2026-05-24 15:26:53 [DEBUG   ] data_fetcher: InstrumentInfo top-level keys for 3846143218462419: ['instrumentInfo']
2026-05-24 15:26:53 [DEBUG   ] data_fetcher: InstrumentInfo non-zero fields for 3846143218462419: {'eps': {'epsValue': None, 'estimatedEPS': None, 'sectorPE': 0.0, 'psr': 0.0}, 'sector': {'dEven': 0, 'cSecVal': '68 ', 'lSecVal': 'صندوق سرمايه گذاري قابل معامله'}, 'staticThreshold': {'insCode': None, 'dEven': 0, 'hEven': 0, 'psGelStaMax': 49719.0, 'psGelStaMin': 46823.0}, 'minWeek': 48136.0, 'maxWeek': 48272.0, 'minYear': 35267.0, 'maxYear': 48272.0, 'qTotTran5JAvg': 343152103.0, 'dEven': 20260524, 'faraDesc': 'نوع صندوق: در اوراق بهادار با درآمد ثابت', 'etfIssuedUnit': 7757999010.0, 'etfUnitDeven': 20260523, 'lVal18': 'Afra Namad ETF', 'yVal': '305', 'insCode': '3846143218462419', 'lVal30': 'صندوق س افرا نماد پايدار-ثابت', 'lVal18AFC': 'افران', 'flow': 1, 'cIsin': 'IRT1AFRN0006', 'zTitad': 8540000000.0, 'baseVol': 1, 'instrumentID': 'IRT1AFRN0001', 'cgrValCot': 'H1', 'cComVal': '4', 'sourceID': 1, 'flowTitle': 'بازار بورس', 'cgrValCotTitle': 'بازار صندوق های قابل معامله'}
2026-05-24 15:26:53 [DEBUG   ] urllib3.connectionpool: https://www.tsetmc.com:443 "GET /Loader.aspx?ParTree=15131W&i=3846143218462419 HTTP/1.1" 200 824
2026-05-24 15:26:53 [DEBUG   ] data_fetcher: Loader API for 3846143218462419: 824 bytes, preview: <!doctype html><html lang="en"><head><meta charset="utf-8"/><link rel="icon" href="/favicon.ico?v=2"
2026-05-24 15:26:53 [DEBUG   ] urllib3.connectionpool: https://cdn.tsetmc.com:443 "GET /api/ETF/ETFByInsCode/3846143218462419 HTTP/1.1" 200 824
2026-05-24 15:26:53 [DEBUG   ] urllib3.connectionpool: https://cdn.tsetmc.com:443 "GET /api/ETF/GetETFByInsCode/3846143218462419 HTTP/1.1" 200 824
2026-05-24 15:26:53 [DEBUG   ] urllib3.connectionpool: https://cdn.tsetmc.com:443 "GET /api/ETF/GetETFInfo/3846143218462419 HTTP/1.1" 200 824
2026-05-24 15:26:53 [DEBUG   ] urllib3.connectionpool: https://cdn.tsetmc.com:443 "GET /api/Fund/GetFundInfo/3846143218462419 HTTP/1.1" 404 0
2026-05-24 15:26:53 [DEBUG   ] urllib3.connectionpool: https://cdn.tsetmc.com:443 "GET /api/Fund/GetFund/3846143218462419 HTTP/1.1" 404 0
2026-05-24 15:26:53 [DEBUG   ] urllib3.connectionpool: https://cdn.tsetmc.com:443 "GET /api/Fund/GetFundLastInfo/3846143218462419 HTTP/1.1" 404 0
2026-05-24 15:26:54 [DEBUG   ] urllib3.connectionpool: https://cdn.tsetmc.com:443 "GET /api/Fund/GetMutualFundByInsCode/3846143218462419 HTTP/1.1" 404 0
2026-05-24 15:26:54 [DEBUG   ] urllib3.connectionpool: https://cdn.tsetmc.com:443 "GET /api/Fund/FundInfo/3846143218462419 HTTP/1.1" 404 0
2026-05-24 15:26:54 [DEBUG   ] urllib3.connectionpool: https://cdn.tsetmc.com:443 "GET /api/Fund/FundData/3846143218462419 HTTP/1.1" 404 0
2026-05-24 15:26:54 [DEBUG   ] urllib3.connectionpool: https://www.tsetmc.com:443 "GET /instrument/3846143218462419 HTTP/1.1" 200 824
2026-05-24 15:26:54 [DEBUG   ] data_fetcher:   HTML page for 3846143218462419: 824 bytes
2026-05-24 15:26:54 [DEBUG   ] data_fetcher:   No NAV found in TSETMC HTML for ins_code=3846143218462419
2026-05-24 15:26:54 [DEBUG   ] urllib3.connectionpool: https://cdn.tsetmc.com:443 "GET /api/StaticThreshold/GetStaticThreshold/3846143218462419/0 HTTP/1.1" 200 824
2026-05-24 15:26:54 [DEBUG   ] data_fetcher:   No NAV found for ins_code=3846143218462419
2026-05-24 15:26:54 [DEBUG   ] urllib3.connectionpool: https://cdn.tsetmc.com:443 "GET /api/BestLimits/3846143218462419 HTTP/1.1" 200 None
2026-05-24 15:26:54 [INFO    ] data_fetcher: [6/20] Fetching لبخند ...
2026-05-24 15:26:54 [DEBUG   ] urllib3.connectionpool: https://cdn.tsetmc.com:443 "GET /api/ClosingPrice/GetClosingPriceInfo/31569200988534548 HTTP/1.1" 200 None
2026-05-24 15:26:54 [DEBUG   ] data_fetcher: ClosingPriceInfo top-level keys for 31569200988534548: ['closingPriceInfo']
2026-05-24 15:26:54 [DEBUG   ] data_fetcher: ClosingPriceInfo fields for 31569200988534548: {'instrumentState': {'idn': 0, 'dEven': 0, 'hEven': 0, 'insCode': None, 'lVal18AFC': None, 'lVal30': None, 'cEtaval': 'A ', 'realHeven': 0, 'underSupervision': 0, 'cEtavalTitle': 'مجاز'}, 'lastHEven': 145959, 'finalLastDate': 20260524, 'priceMin': 27676.0, 'priceMax': 27677.0, 'priceYesterday': 27633.0, 'priceFirst': 27676.0, 'insCode': '0', 'dEven': 20260524, 'hEven': 145959, 'pClosing': 27676.0, 'pDrCotVal': 27677.0, 'zTotTran': 8212.0, 'qTotTran5J': 656381178.0, 'qTotCap': 18166213624017.0}
2026-05-24 15:26:54 [DEBUG   ] urllib3.connectionpool: https://cdn.tsetmc.com:443 "GET /api/Instrument/GetInstrumentInfo/31569200988534548 HTTP/1.1" 200 None
2026-05-24 15:26:54 [DEBUG   ] data_fetcher: InstrumentInfo top-level keys for 31569200988534548: ['instrumentInfo']
2026-05-24 15:26:54 [DEBUG   ] data_fetcher: InstrumentInfo non-zero fields for 31569200988534548: {'eps': {'epsValue': None, 'estimatedEPS': None, 'sectorPE': 273.25, 'psr': 0.0}, 'sector': {'dEven': 0, 'cSecVal': '68 ', 'lSecVal': 'صندوق سرمايه گذاري قابل معامله'}, 'staticThreshold': {'insCode': None, 'dEven': 0, 'hEven': 0, 'psGelStaMax': 28461.0, 'psGelStaMin': 26805.0}, 'minWeek': 27552.0, 'maxWeek': 27634.0, 'minYear': 20220.0, 'maxYear': 27634.0, 'qTotTran5JAvg': 410676381.0, 'dEven': 20260524, 'faraDesc': 'نوع صندوق : در اوراق بهادار با درآمد ثابت', 'etfIssuedUnit': 8530600000.0, 'etfUnitDeven': 20260523, 'lVal18': 'Labkhand ETF', 'yVal': '305', 'insCode': '31569200988534548', 'lVal30': 'صندوق س. لبخند فارابي-د', 'lVal18AFC': 'لبخند', 'flow': 2, 'cIsin': 'IRT3LABF0004', 'zTitad': 8700000000.0, 'baseVol': 1, 'instrumentID': 'IRT3LABF0001', 'cgrValCot': '1A', 'cComVal': '4', 'sourceID': 2, 'flowTitle': 'بازار فرابورس', 'cgrValCotTitle': 'بازار ابزارهاي نوين مالي فرابورس'}
2026-05-24 15:26:55 [DEBUG   ] urllib3.connectionpool: https://www.tsetmc.com:443 "GET /Loader.aspx?ParTree=15131W&i=31569200988534548 HTTP/1.1" 200 824
2026-05-24 15:26:55 [DEBUG   ] data_fetcher: Loader API for 31569200988534548: 824 bytes, preview: <!doctype html><html lang="en"><head><meta charset="utf-8"/><link rel="icon" href="/favicon.ico?v=2"
2026-05-24 15:26:55 [DEBUG   ] urllib3.connectionpool: https://cdn.tsetmc.com:443 "GET /api/ETF/ETFByInsCode/31569200988534548 HTTP/1.1" 200 824
2026-05-24 15:26:55 [DEBUG   ] urllib3.connectionpool: https://cdn.tsetmc.com:443 "GET /api/ETF/GetETFByInsCode/31569200988534548 HTTP/1.1" 200 824
2026-05-24 15:26:55 [DEBUG   ] urllib3.connectionpool: https://cdn.tsetmc.com:443 "GET /api/ETF/GetETFInfo/31569200988534548 HTTP/1.1" 200 824
2026-05-24 15:26:55 [DEBUG   ] urllib3.connectionpool: https://cdn.tsetmc.com:443 "GET /api/Fund/GetFundInfo/31569200988534548 HTTP/1.1" 404 0
2026-05-24 15:26:55 [DEBUG   ] urllib3.connectionpool: https://cdn.tsetmc.com:443 "GET /api/Fund/GetFund/31569200988534548 HTTP/1.1" 404 0
2026-05-24 15:26:55 [DEBUG   ] urllib3.connectionpool: https://cdn.tsetmc.com:443 "GET /api/Fund/GetFundLastInfo/31569200988534548 HTTP/1.1" 404 0
2026-05-24 15:26:55 [DEBUG   ] urllib3.connectionpool: https://cdn.tsetmc.com:443 "GET /api/Fund/GetMutualFundByInsCode/31569200988534548 HTTP/1.1" 404 0
2026-05-24 15:26:55 [DEBUG   ] urllib3.connectionpool: https://cdn.tsetmc.com:443 "GET /api/Fund/FundInfo/31569200988534548 HTTP/1.1" 404 0
2026-05-24 15:26:55 [DEBUG   ] urllib3.connectionpool: https://cdn.tsetmc.com:443 "GET /api/Fund/FundData/31569200988534548 HTTP/1.1" 404 0
2026-05-24 15:26:55 [DEBUG   ] urllib3.connectionpool: https://www.tsetmc.com:443 "GET /instrument/31569200988534548 HTTP/1.1" 200 824
2026-05-24 15:26:55 [DEBUG   ] data_fetcher:   HTML page for 31569200988534548: 824 bytes
2026-05-24 15:26:55 [DEBUG   ] data_fetcher:   No NAV found in TSETMC HTML for ins_code=31569200988534548
2026-05-24 15:26:55 [DEBUG   ] urllib3.connectionpool: https://cdn.tsetmc.com:443 "GET /api/StaticThreshold/GetStaticThreshold/31569200988534548/0 HTTP/1.1" 200 824
2026-05-24 15:26:55 [DEBUG   ] data_fetcher:   No NAV found for ins_code=31569200988534548
2026-05-24 15:26:55 [DEBUG   ] urllib3.connectionpool: https://cdn.tsetmc.com:443 "GET /api/BestLimits/31569200988534548 HTTP/1.1" 200 None
2026-05-24 15:26:56 [INFO    ] data_fetcher: [7/20] Fetching آساس ...
2026-05-24 15:26:56 [DEBUG   ] urllib3.connectionpool: https://cdn.tsetmc.com:443 "GET /api/ClosingPrice/GetClosingPriceInfo/66682662312253625 HTTP/1.1" 200 None
2026-05-24 15:26:56 [DEBUG   ] data_fetcher: ClosingPriceInfo top-level keys for 66682662312253625: ['closingPriceInfo']
2026-05-24 15:26:56 [DEBUG   ] data_fetcher: ClosingPriceInfo fields for 66682662312253625: {'instrumentState': {'idn': 0, 'dEven': 0, 'hEven': 0, 'insCode': None, 'lVal18AFC': None, 'lVal30': None, 'cEtaval': 'A ', 'realHeven': 0, 'underSupervision': 0, 'cEtavalTitle': 'مجاز'}, 'lastHEven': 132903, 'finalLastDate': 20260524, 'priceMin': 59525.0, 'priceMax': 59525.0, 'priceYesterday': 57792.0, 'priceFirst': 59525.0, 'insCode': '0', 'dEven': 20260524, 'hEven': 132903, 'pClosing': 59525.0, 'pDrCotVal': 59525.0, 'zTotTran': 24.0, 'qTotTran5J': 27427.0, 'qTotCap': 1632592175.0}
2026-05-24 15:26:56 [DEBUG   ] urllib3.connectionpool: https://cdn.tsetmc.com:443 "GET /api/Instrument/GetInstrumentInfo/66682662312253625 HTTP/1.1" 200 None
2026-05-24 15:26:56 [DEBUG   ] data_fetcher: InstrumentInfo top-level keys for 66682662312253625: ['instrumentInfo']
2026-05-24 15:26:56 [DEBUG   ] data_fetcher: InstrumentInfo non-zero fields for 66682662312253625: {'eps': {'epsValue': None, 'estimatedEPS': None, 'sectorPE': 273.25, 'psr': 0.0}, 'sector': {'dEven': 0, 'cSecVal': '68 ', 'lSecVal': 'صندوق سرمايه گذاري قابل معامله'}, 'staticThreshold': {'insCode': None, 'dEven': 0, 'hEven': 0, 'psGelStaMax': 59525.0, 'psGelStaMin': 56059.0}, 'minWeek': 56041.0, 'maxWeek': 57792.0, 'minYear': 44108.0, 'maxYear': 70800.0, 'qTotTran5JAvg': 232212.0, 'dEven': 20260524, 'faraDesc': 'نوع صندوق : سهامی', 'etfIssuedUnit': 207939206.0, 'etfUnitDeven': 20260523, 'lVal18': 'Aseman Armani ETF', 'yVal': '305', 'insCode': '66682662312253625', 'lVal30': 'صندوق س.آسمان آرماني سهام-س', 'lVal18AFC': 'آساس', 'flow': 2, 'cIsin': 'IRT3SSAF0008', 'zTitad': 1000000000.0, 'baseVol': 1, 'instrumentID': 'IRT3SSAF0001', 'cgrValCot': 'T1', 'cComVal': '4', 'sourceID': 2, 'flowTitle': 'بازار فرابورس', 'cgrValCotTitle': 'بازار ابزارهاي نوين مالي فرابورس'}
2026-05-24 15:26:56 [DEBUG   ] urllib3.connectionpool: https://www.tsetmc.com:443 "GET /Loader.aspx?ParTree=15131W&i=66682662312253625 HTTP/1.1" 200 824
2026-05-24 15:26:56 [DEBUG   ] data_fetcher: Loader API for 66682662312253625: 824 bytes, preview: <!doctype html><html lang="en"><head><meta charset="utf-8"/><link rel="icon" href="/favicon.ico?v=2"
2026-05-24 15:26:56 [DEBUG   ] urllib3.connectionpool: https://cdn.tsetmc.com:443 "GET /api/ETF/ETFByInsCode/66682662312253625 HTTP/1.1" 200 824
2026-05-24 15:26:56 [DEBUG   ] urllib3.connectionpool: https://cdn.tsetmc.com:443 "GET /api/ETF/GetETFByInsCode/66682662312253625 HTTP/1.1" 200 824
2026-05-24 15:26:56 [DEBUG   ] urllib3.connectionpool: https://cdn.tsetmc.com:443 "GET /api/ETF/GetETFInfo/66682662312253625 HTTP/1.1" 200 824
2026-05-24 15:26:56 [DEBUG   ] urllib3.connectionpool: https://cdn.tsetmc.com:443 "GET /api/Fund/GetFundInfo/66682662312253625 HTTP/1.1" 404 0
2026-05-24 15:26:56 [DEBUG   ] urllib3.connectionpool: https://cdn.tsetmc.com:443 "GET /api/Fund/GetFund/66682662312253625 HTTP/1.1" 404 0
2026-05-24 15:26:56 [DEBUG   ] urllib3.connectionpool: https://cdn.tsetmc.com:443 "GET /api/Fund/GetFundLastInfo/66682662312253625 HTTP/1.1" 404 0
2026-05-24 15:26:56 [DEBUG   ] urllib3.connectionpool: https://cdn.tsetmc.com:443 "GET /api/Fund/GetMutualFundByInsCode/66682662312253625 HTTP/1.1" 404 0
2026-05-24 15:26:56 [DEBUG   ] urllib3.connectionpool: https://cdn.tsetmc.com:443 "GET /api/Fund/FundInfo/66682662312253625 HTTP/1.1" 404 0
2026-05-24 15:26:56 [DEBUG   ] urllib3.connectionpool: https://cdn.tsetmc.com:443 "GET /api/Fund/FundData/66682662312253625 HTTP/1.1" 404 0
2026-05-24 15:26:57 [DEBUG   ] urllib3.connectionpool: https://www.tsetmc.com:443 "GET /instrument/66682662312253625 HTTP/1.1" 200 824
2026-05-24 15:26:57 [DEBUG   ] data_fetcher:   HTML page for 66682662312253625: 824 bytes
2026-05-24 15:26:57 [DEBUG   ] data_fetcher:   No NAV found in TSETMC HTML for ins_code=66682662312253625
2026-05-24 15:26:57 [DEBUG   ] urllib3.connectionpool: https://cdn.tsetmc.com:443 "GET /api/StaticThreshold/GetStaticThreshold/66682662312253625/0 HTTP/1.1" 200 824
2026-05-24 15:26:57 [DEBUG   ] data_fetcher:   No NAV found for ins_code=66682662312253625
2026-05-24 15:26:57 [DEBUG   ] urllib3.connectionpool: https://cdn.tsetmc.com:443 "GET /api/BestLimits/66682662312253625 HTTP/1.1" 200 None
2026-05-24 15:26:57 [INFO    ] data_fetcher: [8/20] Fetching آفاق ...
2026-05-24 15:26:57 [DEBUG   ] urllib3.connectionpool: https://cdn.tsetmc.com:443 "GET /api/ClosingPrice/GetClosingPriceInfo/37073830945037165 HTTP/1.1" 200 None
2026-05-24 15:26:57 [DEBUG   ] data_fetcher: ClosingPriceInfo top-level keys for 37073830945037165: ['closingPriceInfo']
2026-05-24 15:26:57 [DEBUG   ] data_fetcher: ClosingPriceInfo fields for 37073830945037165: {'instrumentState': {'idn': 0, 'dEven': 0, 'hEven': 0, 'insCode': None, 'lVal18AFC': None, 'lVal30': None, 'cEtaval': 'A ', 'realHeven': 0, 'underSupervision': 0, 'cEtavalTitle': 'مجاز'}, 'lastHEven': 145856, 'finalLastDate': 20260524, 'priceMin': 10649.0, 'priceMax': 10650.0, 'priceYesterday': 10635.0, 'priceFirst': 10649.0, 'insCode': '0', 'dEven': 20260524, 'hEven': 145856, 'pClosing': 10649.0, 'pDrCotVal': 10649.0, 'zTotTran': 663.0, 'qTotTran5J': 311268238.0, 'qTotCap': 3314698949031.0}
2026-05-24 15:26:57 [DEBUG   ] urllib3.connectionpool: https://cdn.tsetmc.com:443 "GET /api/Instrument/GetInstrumentInfo/37073830945037165 HTTP/1.1" 200 None
2026-05-24 15:26:57 [DEBUG   ] data_fetcher: InstrumentInfo top-level keys for 37073830945037165: ['instrumentInfo']
2026-05-24 15:26:57 [DEBUG   ] data_fetcher: InstrumentInfo non-zero fields for 37073830945037165: {'eps': {'epsValue': None, 'estimatedEPS': None, 'sectorPE': 0.0, 'psr': 0.0}, 'sector': {'dEven': 0, 'cSecVal': '68 ', 'lSecVal': 'صندوق سرمايه گذاري قابل معامله'}, 'staticThreshold': {'insCode': None, 'dEven': 0, 'hEven': 0, 'psGelStaMax': 10954.0, 'psGelStaMin': 10316.0}, 'minWeek': 10605.0, 'maxWeek': 10636.0, 'minYear': 10008.0, 'maxYear': 10636.0, 'qTotTran5JAvg': 184335692.0, 'dEven': 20260524, 'faraDesc': 'نوع صندوق: در اوراق بهادار با درآمد ثابت', 'etfIssuedUnit': 2832436078.0, 'etfUnitDeven': 20260523, 'lVal18': 'AFAGH ETF Sabet', 'yVal': '305', 'insCode': '37073830945037165', 'lVal30': 'صندوق س نوع دوم افق آتي-ثابت', 'lVal18AFC': 'آفاق', 'flow': 1, 'cIsin': 'IRT1AFAG0004', 'zTitad': 4000000000.0, 'baseVol': 1, 'instrumentID': 'IRT1AFAG0001', 'cgrValCot': 'H1', 'cComVal': '4', 'sourceID': 1, 'flowTitle': 'بازار بورس', 'cgrValCotTitle': 'بازار صندوق های قابل معامله'}
2026-05-24 15:26:57 [DEBUG   ] urllib3.connectionpool: https://www.tsetmc.com:443 "GET /Loader.aspx?ParTree=15131W&i=37073830945037165 HTTP/1.1" 200 824
2026-05-24 15:26:57 [DEBUG   ] data_fetcher: Loader API for 37073830945037165: 824 bytes, preview: <!doctype html><html lang="en"><head><meta charset="utf-8"/><link rel="icon" href="/favicon.ico?v=2"
2026-05-24 15:26:57 [DEBUG   ] urllib3.connectionpool: https://cdn.tsetmc.com:443 "GET /api/ETF/ETFByInsCode/37073830945037165 HTTP/1.1" 200 824
2026-05-24 15:26:57 [DEBUG   ] urllib3.connectionpool: https://cdn.tsetmc.com:443 "GET /api/ETF/GetETFByInsCode/37073830945037165 HTTP/1.1" 200 824
2026-05-24 15:26:58 [DEBUG   ] urllib3.connectionpool: https://cdn.tsetmc.com:443 "GET /api/ETF/GetETFInfo/37073830945037165 HTTP/1.1" 200 824
2026-05-24 15:26:58 [DEBUG   ] urllib3.connectionpool: https://cdn.tsetmc.com:443 "GET /api/Fund/GetFundInfo/37073830945037165 HTTP/1.1" 404 0
2026-05-24 15:26:58 [DEBUG   ] urllib3.connectionpool: https://cdn.tsetmc.com:443 "GET /api/Fund/GetFund/37073830945037165 HTTP/1.1" 404 0
2026-05-24 15:26:58 [DEBUG   ] urllib3.connectionpool: https://cdn.tsetmc.com:443 "GET /api/Fund/GetFundLastInfo/37073830945037165 HTTP/1.1" 404 0
2026-05-24 15:26:58 [DEBUG   ] urllib3.connectionpool: https://cdn.tsetmc.com:443 "GET /api/Fund/GetMutualFundByInsCode/37073830945037165 HTTP/1.1" 404 0
2026-05-24 15:26:58 [DEBUG   ] urllib3.connectionpool: https://cdn.tsetmc.com:443 "GET /api/Fund/FundInfo/37073830945037165 HTTP/1.1" 404 0
2026-05-24 15:26:58 [DEBUG   ] urllib3.connectionpool: https://cdn.tsetmc.com:443 "GET /api/Fund/FundData/37073830945037165 HTTP/1.1" 404 0
2026-05-24 15:26:58 [DEBUG   ] urllib3.connectionpool: https://www.tsetmc.com:443 "GET /instrument/37073830945037165 HTTP/1.1" 200 824
2026-05-24 15:26:58 [DEBUG   ] data_fetcher:   HTML page for 37073830945037165: 824 bytes
2026-05-24 15:26:58 [DEBUG   ] data_fetcher:   No NAV found in TSETMC HTML for ins_code=37073830945037165
2026-05-24 15:26:58 [DEBUG   ] urllib3.connectionpool: https://cdn.tsetmc.com:443 "GET /api/StaticThreshold/GetStaticThreshold/37073830945037165/0 HTTP/1.1" 200 824
2026-05-24 15:26:58 [DEBUG   ] data_fetcher:   No NAV found for ins_code=37073830945037165
2026-05-24 15:26:58 [DEBUG   ] urllib3.connectionpool: https://cdn.tsetmc.com:443 "GET /api/BestLimits/37073830945037165 HTTP/1.1" 200 None
2026-05-24 15:26:58 [INFO    ] data_fetcher: [9/20] Fetching گنجین ...
2026-05-24 15:26:58 [DEBUG   ] urllib3.connectionpool: https://cdn.tsetmc.com:443 "GET /api/ClosingPrice/GetClosingPriceInfo/57728534324022361 HTTP/1.1" 200 None
2026-05-24 15:26:58 [DEBUG   ] data_fetcher: ClosingPriceInfo top-level keys for 57728534324022361: ['closingPriceInfo']
2026-05-24 15:26:58 [DEBUG   ] data_fetcher: ClosingPriceInfo fields for 57728534324022361: {'instrumentState': {'idn': 0, 'dEven': 0, 'hEven': 0, 'insCode': None, 'lVal18AFC': None, 'lVal30': None, 'cEtaval': 'A ', 'realHeven': 0, 'underSupervision': 0, 'cEtavalTitle': 'مجاز'}, 'lastHEven': 144502, 'finalLastDate': 20260524, 'priceMin': 38477.0, 'priceMax': 38478.0, 'priceYesterday': 38428.0, 'priceFirst': 38477.0, 'insCode': '0', 'dEven': 20260524, 'hEven': 144502, 'pClosing': 38477.0, 'pDrCotVal': 38477.0, 'zTotTran': 97.0, 'qTotTran5J': 31521911.0, 'qTotCap': 1212869049843.0}
2026-05-24 15:26:59 [DEBUG   ] urllib3.connectionpool: https://cdn.tsetmc.com:443 "GET /api/Instrument/GetInstrumentInfo/57728534324022361 HTTP/1.1" 200 None
2026-05-24 15:26:59 [DEBUG   ] data_fetcher: InstrumentInfo top-level keys for 57728534324022361: ['instrumentInfo']
2026-05-24 15:26:59 [DEBUG   ] data_fetcher: InstrumentInfo non-zero fields for 57728534324022361: {'eps': {'epsValue': None, 'estimatedEPS': None, 'sectorPE': 273.25, 'psr': 0.0}, 'sector': {'dEven': 0, 'cSecVal': '68 ', 'lSecVal': 'صندوق سرمايه گذاري قابل معامله'}, 'staticThreshold': {'insCode': None, 'dEven': 0, 'hEven': 0, 'psGelStaMax': 39580.0, 'psGelStaMin': 37276.0}, 'minWeek': 38333.0, 'maxWeek': 38429.0, 'minYear': 28122.0, 'maxYear': 38429.0, 'qTotTran5JAvg': 14339818.0, 'dEven': 20260524, 'faraDesc': 'نوع صندوق : در اوراق بهادار با درآمد ثابت', 'etfIssuedUnit': 1119988798.0, 'etfUnitDeven': 20260523, 'lVal18': 'GanjinehAvid1 ETF', 'yVal': '305', 'insCode': '57728534324022361', 'lVal30': 'صندوق س. گنجينه يكم آويد-د', 'lVal18AFC': 'گنجين', 'flow': 2, 'cIsin': 'IRT3GJAF0003', 'zTitad': 2000000000.0, 'baseVol': 1, 'instrumentID': 'IRT3GJAF0001', 'cgrValCot': '1A', 'cComVal': '4', 'sourceID': 2, 'flowTitle': 'بازار فرابورس', 'cgrValCotTitle': 'بازار ابزارهاي نوين مالي فرابورس'}
2026-05-24 15:26:59 [DEBUG   ] urllib3.connectionpool: https://www.tsetmc.com:443 "GET /Loader.aspx?ParTree=15131W&i=57728534324022361 HTTP/1.1" 200 824
2026-05-24 15:26:59 [DEBUG   ] data_fetcher: Loader API for 57728534324022361: 824 bytes, preview: <!doctype html><html lang="en"><head><meta charset="utf-8"/><link rel="icon" href="/favicon.ico?v=2"
2026-05-24 15:26:59 [DEBUG   ] urllib3.connectionpool: https://cdn.tsetmc.com:443 "GET /api/ETF/ETFByInsCode/57728534324022361 HTTP/1.1" 200 824
2026-05-24 15:26:59 [DEBUG   ] urllib3.connectionpool: https://cdn.tsetmc.com:443 "GET /api/ETF/GetETFByInsCode/57728534324022361 HTTP/1.1" 200 824
2026-05-24 15:26:59 [DEBUG   ] urllib3.connectionpool: https://cdn.tsetmc.com:443 "GET /api/ETF/GetETFInfo/57728534324022361 HTTP/1.1" 200 824
2026-05-24 15:26:59 [DEBUG   ] urllib3.connectionpool: https://cdn.tsetmc.com:443 "GET /api/Fund/GetFundInfo/57728534324022361 HTTP/1.1" 404 0
2026-05-24 15:26:59 [DEBUG   ] urllib3.connectionpool: https://cdn.tsetmc.com:443 "GET /api/Fund/GetFund/57728534324022361 HTTP/1.1" 404 0
2026-05-24 15:26:59 [DEBUG   ] urllib3.connectionpool: https://cdn.tsetmc.com:443 "GET /api/Fund/GetFundLastInfo/57728534324022361 HTTP/1.1" 404 0
2026-05-24 15:26:59 [DEBUG   ] urllib3.connectionpool: https://cdn.tsetmc.com:443 "GET /api/Fund/GetMutualFundByInsCode/57728534324022361 HTTP/1.1" 404 0
2026-05-24 15:26:59 [DEBUG   ] urllib3.connectionpool: https://cdn.tsetmc.com:443 "GET /api/Fund/FundInfo/57728534324022361 HTTP/1.1" 404 0
2026-05-24 15:26:59 [DEBUG   ] urllib3.connectionpool: https://cdn.tsetmc.com:443 "GET /api/Fund/FundData/57728534324022361 HTTP/1.1" 404 0
2026-05-24 15:26:59 [DEBUG   ] urllib3.connectionpool: https://www.tsetmc.com:443 "GET /instrument/57728534324022361 HTTP/1.1" 200 824
2026-05-24 15:26:59 [DEBUG   ] data_fetcher:   HTML page for 57728534324022361: 824 bytes
2026-05-24 15:26:59 [DEBUG   ] data_fetcher:   No NAV found in TSETMC HTML for ins_code=57728534324022361
2026-05-24 15:26:59 [DEBUG   ] urllib3.connectionpool: https://cdn.tsetmc.com:443 "GET /api/StaticThreshold/GetStaticThreshold/57728534324022361/0 HTTP/1.1" 200 824
2026-05-24 15:26:59 [DEBUG   ] data_fetcher:   No NAV found for ins_code=57728534324022361
2026-05-24 15:27:00 [DEBUG   ] urllib3.connectionpool: https://cdn.tsetmc.com:443 "GET /api/BestLimits/57728534324022361 HTTP/1.1" 200 None
2026-05-24 15:27:00 [INFO    ] data_fetcher: [10/20] Fetching خاتم ...
2026-05-24 15:27:00 [DEBUG   ] urllib3.connectionpool: https://cdn.tsetmc.com:443 "GET /api/ClosingPrice/GetClosingPriceInfo/18865325633315847 HTTP/1.1" 200 None
2026-05-24 15:27:00 [DEBUG   ] data_fetcher: ClosingPriceInfo top-level keys for 18865325633315847: ['closingPriceInfo']
2026-05-24 15:27:00 [DEBUG   ] data_fetcher: ClosingPriceInfo fields for 18865325633315847: {'instrumentState': {'idn': 0, 'dEven': 0, 'hEven': 0, 'insCode': None, 'lVal18AFC': None, 'lVal30': None, 'cEtaval': 'A ', 'realHeven': 0, 'underSupervision': 0, 'cEtavalTitle': 'مجاز'}, 'lastHEven': 145643, 'finalLastDate': 20260524, 'priceMin': 37594.0, 'priceMax': 37595.0, 'priceYesterday': 37550.0, 'priceFirst': 37594.0, 'insCode': '0', 'dEven': 20260524, 'hEven': 145643, 'pClosing': 37594.0, 'pDrCotVal': 37595.0, 'zTotTran': 157.0, 'qTotTran5J': 13286636.0, 'qTotCap': 499500842770.0}
2026-05-24 15:27:00 [DEBUG   ] urllib3.connectionpool: https://cdn.tsetmc.com:443 "GET /api/Instrument/GetInstrumentInfo/18865325633315847 HTTP/1.1" 200 None
2026-05-24 15:27:00 [DEBUG   ] data_fetcher: InstrumentInfo top-level keys for 18865325633315847: ['instrumentInfo']
2026-05-24 15:27:00 [DEBUG   ] data_fetcher: InstrumentInfo non-zero fields for 18865325633315847: {'eps': {'epsValue': None, 'estimatedEPS': None, 'sectorPE': 0.0, 'psr': 0.0}, 'sector': {'dEven': 0, 'cSecVal': '68 ', 'lSecVal': 'صندوق سرمايه گذاري قابل معامله'}, 'staticThreshold': {'insCode': None, 'dEven': 0, 'hEven': 0, 'psGelStaMax': 38676.0, 'psGelStaMin': 36424.0}, 'minWeek': 37447.0, 'maxWeek': 37551.0, 'minYear': 27611.0, 'maxYear': 37551.0, 'qTotTran5JAvg': 13708014.0, 'dEven': 20260524, 'faraDesc': 'نوع صندوق: در اوراق بهادار با درآمد ثابت', 'etfIssuedUnit': 471473073.0, 'etfUnitDeven': 20260523, 'lVal18': 'Khaatam ETF', 'yVal': '305', 'insCode': '18865325633315847', 'lVal30': 'صندوق س خاتم ايساتيس پويا-ثابت', 'lVal18AFC': 'خاتم', 'flow': 1, 'cIsin': 'IRT1KATM0008', 'zTitad': 1000000000.0, 'baseVol': 1, 'instrumentID': 'IRT1KATM0001', 'cgrValCot': 'H1', 'cComVal': '4', 'sourceID': 1, 'flowTitle': 'بازار بورس', 'cgrValCotTitle': 'بازار صندوق های قابل معامله'}
2026-05-24 15:27:00 [DEBUG   ] urllib3.connectionpool: https://www.tsetmc.com:443 "GET /Loader.aspx?ParTree=15131W&i=18865325633315847 HTTP/1.1" 200 824
2026-05-24 15:27:00 [DEBUG   ] data_fetcher: Loader API for 18865325633315847: 824 bytes, preview: <!doctype html><html lang="en"><head><meta charset="utf-8"/><link rel="icon" href="/favicon.ico?v=2"
2026-05-24 15:27:00 [DEBUG   ] urllib3.connectionpool: https://cdn.tsetmc.com:443 "GET /api/ETF/ETFByInsCode/18865325633315847 HTTP/1.1" 200 824
2026-05-24 15:27:00 [DEBUG   ] urllib3.connectionpool: https://cdn.tsetmc.com:443 "GET /api/ETF/GetETFByInsCode/18865325633315847 HTTP/1.1" 200 824
2026-05-24 15:27:00 [DEBUG   ] urllib3.connectionpool: https://cdn.tsetmc.com:443 "GET /api/ETF/GetETFInfo/18865325633315847 HTTP/1.1" 200 824
2026-05-24 15:27:00 [DEBUG   ] urllib3.connectionpool: https://cdn.tsetmc.com:443 "GET /api/Fund/GetFundInfo/18865325633315847 HTTP/1.1" 404 0
2026-05-24 15:27:00 [DEBUG   ] urllib3.connectionpool: https://cdn.tsetmc.com:443 "GET /api/Fund/GetFund/18865325633315847 HTTP/1.1" 404 0
2026-05-24 15:27:00 [DEBUG   ] urllib3.connectionpool: https://cdn.tsetmc.com:443 "GET /api/Fund/GetFundLastInfo/18865325633315847 HTTP/1.1" 404 0
2026-05-24 15:27:00 [DEBUG   ] urllib3.connectionpool: https://cdn.tsetmc.com:443 "GET /api/Fund/GetMutualFundByInsCode/18865325633315847 HTTP/1.1" 404 0
2026-05-24 15:27:00 [DEBUG   ] urllib3.connectionpool: https://cdn.tsetmc.com:443 "GET /api/Fund/FundInfo/18865325633315847 HTTP/1.1" 404 0
2026-05-24 15:27:00 [DEBUG   ] urllib3.connectionpool: https://cdn.tsetmc.com:443 "GET /api/Fund/FundData/18865325633315847 HTTP/1.1" 404 0
2026-05-24 15:27:01 [DEBUG   ] urllib3.connectionpool: https://www.tsetmc.com:443 "GET /instrument/18865325633315847 HTTP/1.1" 200 824
2026-05-24 15:27:01 [DEBUG   ] data_fetcher:   HTML page for 18865325633315847: 824 bytes
2026-05-24 15:27:01 [DEBUG   ] data_fetcher:   No NAV found in TSETMC HTML for ins_code=18865325633315847
2026-05-24 15:27:01 [DEBUG   ] urllib3.connectionpool: https://cdn.tsetmc.com:443 "GET /api/StaticThreshold/GetStaticThreshold/18865325633315847/0 HTTP/1.1" 200 824
2026-05-24 15:27:01 [DEBUG   ] data_fetcher:   No NAV found for ins_code=18865325633315847
2026-05-24 15:27:01 [DEBUG   ] urllib3.connectionpool: https://cdn.tsetmc.com:443 "GET /api/BestLimits/18865325633315847 HTTP/1.1" 200 None
2026-05-24 15:27:01 [INFO    ] data_fetcher: [11/20] Fetching اوصتا ...
2026-05-24 15:27:01 [DEBUG   ] urllib3.connectionpool: https://cdn.tsetmc.com:443 "GET /api/ClosingPrice/GetClosingPriceInfo/57761388729898548 HTTP/1.1" 200 None
2026-05-24 15:27:01 [DEBUG   ] data_fetcher: ClosingPriceInfo top-level keys for 57761388729898548: ['closingPriceInfo']
2026-05-24 15:27:01 [DEBUG   ] data_fetcher: ClosingPriceInfo fields for 57761388729898548: {'instrumentState': {'idn': 0, 'dEven': 0, 'hEven': 0, 'insCode': None, 'lVal18AFC': None, 'lVal30': None, 'cEtaval': 'A ', 'realHeven': 0, 'underSupervision': 0, 'cEtavalTitle': 'مجاز'}, 'lastHEven': 142925, 'finalLastDate': 20260524, 'priceMin': 63033.0, 'priceMax': 63034.0, 'priceYesterday': 62937.0, 'priceFirst': 63033.0, 'insCode': '0', 'dEven': 20260524, 'hEven': 142925, 'pClosing': 63033.0, 'pDrCotVal': 63034.0, 'zTotTran': 45.0, 'qTotTran5J': 10008881.0, 'qTotCap': 630892799146.0}
2026-05-24 15:27:01 [DEBUG   ] urllib3.connectionpool: https://cdn.tsetmc.com:443 "GET /api/Instrument/GetInstrumentInfo/57761388729898548 HTTP/1.1" 200 None
2026-05-24 15:27:01 [DEBUG   ] data_fetcher: InstrumentInfo top-level keys for 57761388729898548: ['instrumentInfo']
2026-05-24 15:27:01 [DEBUG   ] data_fetcher: InstrumentInfo non-zero fields for 57761388729898548: {'eps': {'epsValue': None, 'estimatedEPS': None, 'sectorPE': 273.25, 'psr': 0.0}, 'sector': {'dEven': 0, 'cSecVal': '68 ', 'lSecVal': 'صندوق سرمايه گذاري قابل معامله'}, 'staticThreshold': {'insCode': None, 'dEven': 0, 'hEven': 0, 'psGelStaMax': 64825.0, 'psGelStaMin': 61049.0}, 'minWeek': 62774.0, 'maxWeek': 62938.0, 'minYear': 47360.0, 'maxYear': 62938.0, 'qTotTran5JAvg': 42396719.0, 'dEven': 20260524, 'faraDesc': 'نوع صندوق : در اوراق بهادار با درآمد ثابت', 'etfIssuedUnit': 1632658793.0, 'etfUnitDeven': 20260523, 'lVal18': 'Andishe Varzan ETF', 'yVal': '305', 'insCode': '57761388729898548', 'lVal30': 'صندوق انديشه ورزان صباتامين -د', 'lVal18AFC': 'اوصتا', 'flow': 2, 'cIsin': 'IRT3AVSF0003', 'zTitad': 3000000000.0, 'baseVol': 1, 'instrumentID': 'IRT3AVSF0001', 'cgrValCot': '1A', 'cComVal': '4', 'sourceID': 2, 'flowTitle': 'بازار فرابورس', 'cgrValCotTitle': 'بازار ابزارهاي نوين مالي فرابورس'}
2026-05-24 15:27:01 [DEBUG   ] urllib3.connectionpool: https://www.tsetmc.com:443 "GET /Loader.aspx?ParTree=15131W&i=57761388729898548 HTTP/1.1" 200 824
2026-05-24 15:27:01 [DEBUG   ] data_fetcher: Loader API for 57761388729898548: 824 bytes, preview: <!doctype html><html lang="en"><head><meta charset="utf-8"/><link rel="icon" href="/favicon.ico?v=2"
2026-05-24 15:27:02 [DEBUG   ] urllib3.connectionpool: https://cdn.tsetmc.com:443 "GET /api/ETF/ETFByInsCode/57761388729898548 HTTP/1.1" 200 824
2026-05-24 15:27:02 [DEBUG   ] urllib3.connectionpool: https://cdn.tsetmc.com:443 "GET /api/ETF/GetETFByInsCode/57761388729898548 HTTP/1.1" 200 824
2026-05-24 15:27:02 [DEBUG   ] urllib3.connectionpool: https://cdn.tsetmc.com:443 "GET /api/ETF/GetETFInfo/57761388729898548 HTTP/1.1" 200 824
2026-05-24 15:27:02 [DEBUG   ] urllib3.connectionpool: https://cdn.tsetmc.com:443 "GET /api/Fund/GetFundInfo/57761388729898548 HTTP/1.1" 404 0
2026-05-24 15:27:02 [DEBUG   ] urllib3.connectionpool: https://cdn.tsetmc.com:443 "GET /api/Fund/GetFund/57761388729898548 HTTP/1.1" 404 0
2026-05-24 15:27:02 [DEBUG   ] urllib3.connectionpool: https://cdn.tsetmc.com:443 "GET /api/Fund/GetFundLastInfo/57761388729898548 HTTP/1.1" 404 0
2026-05-24 15:27:02 [DEBUG   ] urllib3.connectionpool: https://cdn.tsetmc.com:443 "GET /api/Fund/GetMutualFundByInsCode/57761388729898548 HTTP/1.1" 404 0
2026-05-24 15:27:02 [DEBUG   ] urllib3.connectionpool: https://cdn.tsetmc.com:443 "GET /api/Fund/FundInfo/57761388729898548 HTTP/1.1" 404 0
2026-05-24 15:27:02 [DEBUG   ] urllib3.connectionpool: https://cdn.tsetmc.com:443 "GET /api/Fund/FundData/57761388729898548 HTTP/1.1" 404 0
2026-05-24 15:27:02 [DEBUG   ] urllib3.connectionpool: https://www.tsetmc.com:443 "GET /instrument/57761388729898548 HTTP/1.1" 200 824
2026-05-24 15:27:02 [DEBUG   ] data_fetcher:   HTML page for 57761388729898548: 824 bytes
2026-05-24 15:27:02 [DEBUG   ] data_fetcher:   No NAV found in TSETMC HTML for ins_code=57761388729898548
2026-05-24 15:27:02 [DEBUG   ] urllib3.connectionpool: https://cdn.tsetmc.com:443 "GET /api/StaticThreshold/GetStaticThreshold/57761388729898548/0 HTTP/1.1" 200 824
2026-05-24 15:27:02 [DEBUG   ] data_fetcher:   No NAV found for ins_code=57761388729898548
2026-05-24 15:27:02 [DEBUG   ] urllib3.connectionpool: https://cdn.tsetmc.com:443 "GET /api/BestLimits/57761388729898548 HTTP/1.1" 200 None
2026-05-24 15:27:02 [INFO    ] data_fetcher: [12/20] Fetching فردا ...
2026-05-24 15:27:03 [DEBUG   ] urllib3.connectionpool: https://cdn.tsetmc.com:443 "GET /api/ClosingPrice/GetClosingPriceInfo/65249046611427924 HTTP/1.1" 200 None
2026-05-24 15:27:03 [DEBUG   ] data_fetcher: ClosingPriceInfo top-level keys for 65249046611427924: ['closingPriceInfo']
2026-05-24 15:27:03 [DEBUG   ] data_fetcher: ClosingPriceInfo fields for 65249046611427924: {'instrumentState': {'idn': 0, 'dEven': 0, 'hEven': 0, 'insCode': None, 'lVal18AFC': None, 'lVal30': None, 'cEtaval': 'A ', 'realHeven': 0, 'underSupervision': 0, 'cEtavalTitle': 'مجاز'}, 'lastHEven': 145603, 'finalLastDate': 20260524, 'priceMin': 38161.0, 'priceMax': 38162.0, 'priceYesterday': 38112.0, 'priceFirst': 38161.0, 'insCode': '0', 'dEven': 20260524, 'hEven': 145603, 'pClosing': 38161.0, 'pDrCotVal': 38161.0, 'zTotTran': 479.0, 'qTotTran5J': 98126292.0, 'qTotCap': 3744631366765.0}
2026-05-24 15:27:03 [DEBUG   ] urllib3.connectionpool: https://cdn.tsetmc.com:443 "GET /api/Instrument/GetInstrumentInfo/65249046611427924 HTTP/1.1" 200 None
2026-05-24 15:27:03 [DEBUG   ] data_fetcher: InstrumentInfo top-level keys for 65249046611427924: ['instrumentInfo']
2026-05-24 15:27:03 [DEBUG   ] data_fetcher: InstrumentInfo non-zero fields for 65249046611427924: {'eps': {'epsValue': None, 'estimatedEPS': None, 'sectorPE': 0.0, 'psr': 0.0}, 'sector': {'dEven': 0, 'cSecVal': '68 ', 'lSecVal': 'صندوق سرمايه گذاري قابل معامله'}, 'staticThreshold': {'insCode': None, 'dEven': 0, 'hEven': 0, 'psGelStaMax': 39255.0, 'psGelStaMin': 36969.0}, 'minWeek': 38016.0, 'maxWeek': 38113.0, 'minYear': 27840.0, 'maxYear': 38113.0, 'qTotTran5JAvg': 114857840.0, 'dEven': 20260524, 'faraDesc': 'نوع صندوق: در اوراق بهادار با درآمد ثابت', 'etfIssuedUnit': 3485609071.0, 'etfUnitDeven': 20260523, 'lVal18': 'Avaye Farda ETF', 'yVal': '305', 'insCode': '65249046611427924', 'lVal30': 'صندوق س آواي فرداي زاگرس-ثابت', 'lVal18AFC': 'فردا', 'flow': 1, 'cIsin': 'IRT1FRDA0008', 'zTitad': 4800000000.0, 'baseVol': 1, 'instrumentID': 'IRT1FRDA0001', 'cgrValCot': 'H1', 'cComVal': '4', 'sourceID': 1, 'flowTitle': 'بازار بورس', 'cgrValCotTitle': 'بازار صندوق های قابل معامله'}
2026-05-24 15:27:03 [DEBUG   ] urllib3.connectionpool: https://www.tsetmc.com:443 "GET /Loader.aspx?ParTree=15131W&i=65249046611427924 HTTP/1.1" 200 824
2026-05-24 15:27:03 [DEBUG   ] data_fetcher: Loader API for 65249046611427924: 824 bytes, preview: <!doctype html><html lang="en"><head><meta charset="utf-8"/><link rel="icon" href="/favicon.ico?v=2"
2026-05-24 15:27:03 [DEBUG   ] urllib3.connectionpool: https://cdn.tsetmc.com:443 "GET /api/ETF/ETFByInsCode/65249046611427924 HTTP/1.1" 200 824
2026-05-24 15:27:03 [DEBUG   ] urllib3.connectionpool: https://cdn.tsetmc.com:443 "GET /api/ETF/GetETFByInsCode/65249046611427924 HTTP/1.1" 200 824
2026-05-24 15:27:03 [DEBUG   ] urllib3.connectionpool: https://cdn.tsetmc.com:443 "GET /api/ETF/GetETFInfo/65249046611427924 HTTP/1.1" 200 824
2026-05-24 15:27:03 [DEBUG   ] urllib3.connectionpool: https://cdn.tsetmc.com:443 "GET /api/Fund/GetFundInfo/65249046611427924 HTTP/1.1" 404 0
2026-05-24 15:27:03 [DEBUG   ] urllib3.connectionpool: https://cdn.tsetmc.com:443 "GET /api/Fund/GetFund/65249046611427924 HTTP/1.1" 404 0
2026-05-24 15:27:03 [DEBUG   ] urllib3.connectionpool: https://cdn.tsetmc.com:443 "GET /api/Fund/GetFundLastInfo/65249046611427924 HTTP/1.1" 404 0
2026-05-24 15:27:03 [DEBUG   ] urllib3.connectionpool: https://cdn.tsetmc.com:443 "GET /api/Fund/GetMutualFundByInsCode/65249046611427924 HTTP/1.1" 404 0
2026-05-24 15:27:03 [DEBUG   ] urllib3.connectionpool: https://cdn.tsetmc.com:443 "GET /api/Fund/FundInfo/65249046611427924 HTTP/1.1" 404 0
2026-05-24 15:27:03 [DEBUG   ] urllib3.connectionpool: https://cdn.tsetmc.com:443 "GET /api/Fund/FundData/65249046611427924 HTTP/1.1" 404 0
2026-05-24 15:27:03 [DEBUG   ] urllib3.connectionpool: https://www.tsetmc.com:443 "GET /instrument/65249046611427924 HTTP/1.1" 200 824
2026-05-24 15:27:03 [DEBUG   ] data_fetcher:   HTML page for 65249046611427924: 824 bytes
2026-05-24 15:27:03 [DEBUG   ] data_fetcher:   No NAV found in TSETMC HTML for ins_code=65249046611427924
2026-05-24 15:27:03 [DEBUG   ] urllib3.connectionpool: https://cdn.tsetmc.com:443 "GET /api/StaticThreshold/GetStaticThreshold/65249046611427924/0 HTTP/1.1" 200 824
2026-05-24 15:27:03 [DEBUG   ] data_fetcher:   No NAV found for ins_code=65249046611427924
2026-05-24 15:27:04 [DEBUG   ] urllib3.connectionpool: https://cdn.tsetmc.com:443 "GET /api/BestLimits/65249046611427924 HTTP/1.1" 200 None
2026-05-24 15:27:04 [INFO    ] data_fetcher: [13/20] Fetching گوهر ...
2026-05-24 15:27:04 [DEBUG   ] urllib3.connectionpool: https://cdn.tsetmc.com:443 "GET /api/ClosingPrice/GetClosingPriceInfo/12390706505809150 HTTP/1.1" 200 None
2026-05-24 15:27:04 [DEBUG   ] data_fetcher: ClosingPriceInfo top-level keys for 12390706505809150: ['closingPriceInfo']
2026-05-24 15:27:04 [DEBUG   ] data_fetcher: ClosingPriceInfo fields for 12390706505809150: {'instrumentState': {'idn': 0, 'dEven': 0, 'hEven': 0, 'insCode': None, 'lVal18AFC': None, 'lVal30': None, 'cEtaval': 'A ', 'realHeven': 0, 'underSupervision': 0, 'cEtavalTitle': 'مجاز'}, 'lastHEven': 152648, 'finalLastDate': 20260524, 'priceMin': 845000.0, 'priceMax': 867161.0, 'priceYesterday': 894317.0, 'priceFirst': 850080.0, 'insCode': '0', 'dEven': 20260524, 'hEven': 152648, 'pClosing': 853981.0, 'pDrCotVal': 854202.0, 'zTotTran': 6528.0, 'qTotTran5J': 3282037.0, 'qTotCap': 2802797726558.0}
2026-05-24 15:27:04 [DEBUG   ] urllib3.connectionpool: https://cdn.tsetmc.com:443 "GET /api/Instrument/GetInstrumentInfo/12390706505809150 HTTP/1.1" 200 None
2026-05-24 15:27:04 [DEBUG   ] data_fetcher: InstrumentInfo top-level keys for 12390706505809150: ['instrumentInfo']
2026-05-24 15:27:04 [DEBUG   ] data_fetcher: InstrumentInfo non-zero fields for 12390706505809150: {'eps': {'epsValue': None, 'estimatedEPS': None, 'sectorPE': 0.0, 'psr': 0.0}, 'sector': {'dEven': 0, 'cSecVal': '68 ', 'lSecVal': 'صندوق سرمايه گذاري قابل معامله'}, 'staticThreshold': {'insCode': None, 'dEven': 0, 'hEven': 0, 'psGelStaMax': 983748.0, 'psGelStaMin': 804886.0}, 'minWeek': 889797.0, 'maxWeek': 923999.0, 'minYear': 310002.0, 'maxYear': 1020000.0, 'qTotTran5JAvg': 7268279.0, 'dEven': 20260524, 'etfIssuedUnit': 252807872.0, 'etfUnitDeven': 20260523, 'lVal18': 'Gohar', 'yVal': '380', 'insCode': '12390706505809150', 'lVal30': 'صندوق طلاي كيان', 'lVal18AFC': 'گوهر', 'flow': 7, 'cIsin': 'IRTKKIAN0009', 'zTitad': 300000000.0, 'baseVol': 1, 'instrumentID': 'IRTKKIAN0001', 'cgrValCot': 'QS', 'cComVal': '4', 'sourceID': 1, 'cgrValCotTitle': 'صندوق های کالایی'}
2026-05-24 15:27:04 [DEBUG   ] urllib3.connectionpool: https://www.tsetmc.com:443 "GET /Loader.aspx?ParTree=15131W&i=12390706505809150 HTTP/1.1" 200 824
2026-05-24 15:27:04 [DEBUG   ] data_fetcher: Loader API for 12390706505809150: 824 bytes, preview: <!doctype html><html lang="en"><head><meta charset="utf-8"/><link rel="icon" href="/favicon.ico?v=2"
2026-05-24 15:27:04 [DEBUG   ] urllib3.connectionpool: https://cdn.tsetmc.com:443 "GET /api/ETF/ETFByInsCode/12390706505809150 HTTP/1.1" 200 824
2026-05-24 15:27:04 [DEBUG   ] urllib3.connectionpool: https://cdn.tsetmc.com:443 "GET /api/ETF/GetETFByInsCode/12390706505809150 HTTP/1.1" 200 824
2026-05-24 15:27:04 [DEBUG   ] urllib3.connectionpool: https://cdn.tsetmc.com:443 "GET /api/ETF/GetETFInfo/12390706505809150 HTTP/1.1" 200 824
2026-05-24 15:27:04 [DEBUG   ] urllib3.connectionpool: https://cdn.tsetmc.com:443 "GET /api/Fund/GetFundInfo/12390706505809150 HTTP/1.1" 404 0
2026-05-24 15:27:04 [DEBUG   ] urllib3.connectionpool: https://cdn.tsetmc.com:443 "GET /api/Fund/GetFund/12390706505809150 HTTP/1.1" 404 0
2026-05-24 15:27:04 [DEBUG   ] urllib3.connectionpool: https://cdn.tsetmc.com:443 "GET /api/Fund/GetFundLastInfo/12390706505809150 HTTP/1.1" 404 0
2026-05-24 15:27:04 [DEBUG   ] urllib3.connectionpool: https://cdn.tsetmc.com:443 "GET /api/Fund/GetMutualFundByInsCode/12390706505809150 HTTP/1.1" 404 0
2026-05-24 15:27:04 [DEBUG   ] urllib3.connectionpool: https://cdn.tsetmc.com:443 "GET /api/Fund/FundInfo/12390706505809150 HTTP/1.1" 404 0
2026-05-24 15:27:04 [DEBUG   ] urllib3.connectionpool: https://cdn.tsetmc.com:443 "GET /api/Fund/FundData/12390706505809150 HTTP/1.1" 404 0
2026-05-24 15:27:04 [DEBUG   ] urllib3.connectionpool: https://www.tsetmc.com:443 "GET /instrument/12390706505809150 HTTP/1.1" 200 824
2026-05-24 15:27:04 [DEBUG   ] data_fetcher:   HTML page for 12390706505809150: 824 bytes
2026-05-24 15:27:04 [DEBUG   ] data_fetcher:   No NAV found in TSETMC HTML for ins_code=12390706505809150
2026-05-24 15:27:05 [DEBUG   ] urllib3.connectionpool: https://cdn.tsetmc.com:443 "GET /api/StaticThreshold/GetStaticThreshold/12390706505809150/0 HTTP/1.1" 200 824
2026-05-24 15:27:05 [DEBUG   ] data_fetcher:   No NAV found for ins_code=12390706505809150
2026-05-24 15:27:05 [DEBUG   ] urllib3.connectionpool: https://cdn.tsetmc.com:443 "GET /api/BestLimits/12390706505809150 HTTP/1.1" 200 None
2026-05-24 15:27:05 [INFO    ] data_fetcher: [14/20] Fetching سخند ...
2026-05-24 15:27:05 [DEBUG   ] urllib3.connectionpool: https://cdn.tsetmc.com:443 "GET /api/ClosingPrice/GetClosingPriceInfo/59598536122397373 HTTP/1.1" 200 None
2026-05-24 15:27:05 [DEBUG   ] data_fetcher: ClosingPriceInfo top-level keys for 59598536122397373: ['closingPriceInfo']
2026-05-24 15:27:05 [DEBUG   ] data_fetcher: ClosingPriceInfo fields for 59598536122397373: {'instrumentState': {'idn': 0, 'dEven': 0, 'hEven': 0, 'insCode': None, 'lVal18AFC': None, 'lVal30': None, 'cEtaval': 'A ', 'realHeven': 0, 'underSupervision': 0, 'cEtavalTitle': 'مجاز'}, 'lastHEven': 135156, 'finalLastDate': 20260524, 'priceMin': 10948.0, 'priceMax': 10950.0, 'priceYesterday': 10940.0, 'priceFirst': 10949.0, 'insCode': '0', 'dEven': 20260524, 'hEven': 135156, 'pClosing': 10949.0, 'pDrCotVal': 10950.0, 'zTotTran': 21.0, 'qTotTran5J': 162254.0, 'qTotCap': 1776485727.0}
2026-05-24 15:27:05 [DEBUG   ] urllib3.connectionpool: https://cdn.tsetmc.com:443 "GET /api/Instrument/GetInstrumentInfo/59598536122397373 HTTP/1.1" 200 None
2026-05-24 15:27:05 [DEBUG   ] data_fetcher: InstrumentInfo top-level keys for 59598536122397373: ['instrumentInfo']
2026-05-24 15:27:05 [DEBUG   ] data_fetcher: InstrumentInfo non-zero fields for 59598536122397373: {'eps': {'epsValue': None, 'estimatedEPS': '291', 'sectorPE': 273.25, 'psr': 0.0}, 'sector': {'dEven': 0, 'cSecVal': '68 ', 'lSecVal': 'صندوق سرمايه گذاري قابل معامله'}, 'staticThreshold': {'insCode': None, 'dEven': 0, 'hEven': 0, 'psGelStaMax': 11268.0, 'psGelStaMin': 10612.0}, 'minWeek': 10905.0, 'maxWeek': 10941.0, 'minYear': 10000.0, 'maxYear': 10941.0, 'qTotTran5JAvg': 2426315.0, 'dEven': 20260524, 'faraDesc': 'نوع صندوق : در اوراق بهادار با درآمد ثابت', 'etfIssuedUnit': 362000000.0, 'etfUnitDeven': 20260523, 'lVal18': 'S.KhobreganNaftETF', 'yVal': '305', 'insCode': '59598536122397373', 'lVal30': 'صندوق س.سپهرخبرگان نفت-د', 'lVal18AFC': 'سخند', 'flow': 2, 'cIsin': 'IRT3SSNF0003', 'zTitad': 500000000.0, 'baseVol': 1, 'instrumentID': 'IRT3SSNF0001', 'cgrValCot': '1A', 'cComVal': '4', 'sourceID': 2, 'flowTitle': 'بازار فرابورس', 'cgrValCotTitle': 'بازار ابزارهاي نوين مالي فرابورس'}
2026-05-24 15:27:05 [DEBUG   ] urllib3.connectionpool: https://www.tsetmc.com:443 "GET /Loader.aspx?ParTree=15131W&i=59598536122397373 HTTP/1.1" 200 824
2026-05-24 15:27:05 [DEBUG   ] data_fetcher: Loader API for 59598536122397373: 824 bytes, preview: <!doctype html><html lang="en"><head><meta charset="utf-8"/><link rel="icon" href="/favicon.ico?v=2"
2026-05-24 15:27:05 [DEBUG   ] urllib3.connectionpool: https://cdn.tsetmc.com:443 "GET /api/ETF/ETFByInsCode/59598536122397373 HTTP/1.1" 200 824
2026-05-24 15:27:05 [DEBUG   ] urllib3.connectionpool: https://cdn.tsetmc.com:443 "GET /api/ETF/GetETFByInsCode/59598536122397373 HTTP/1.1" 200 824
2026-05-24 15:27:05 [DEBUG   ] urllib3.connectionpool: https://cdn.tsetmc.com:443 "GET /api/ETF/GetETFInfo/59598536122397373 HTTP/1.1" 200 824
2026-05-24 15:27:05 [DEBUG   ] urllib3.connectionpool: https://cdn.tsetmc.com:443 "GET /api/Fund/GetFundInfo/59598536122397373 HTTP/1.1" 404 0
2026-05-24 15:27:06 [DEBUG   ] urllib3.connectionpool: https://cdn.tsetmc.com:443 "GET /api/Fund/GetFund/59598536122397373 HTTP/1.1" 404 0
2026-05-24 15:27:06 [DEBUG   ] urllib3.connectionpool: https://cdn.tsetmc.com:443 "GET /api/Fund/GetFundLastInfo/59598536122397373 HTTP/1.1" 404 0
2026-05-24 15:27:06 [DEBUG   ] urllib3.connectionpool: https://cdn.tsetmc.com:443 "GET /api/Fund/GetMutualFundByInsCode/59598536122397373 HTTP/1.1" 404 0
2026-05-24 15:27:06 [DEBUG   ] urllib3.connectionpool: https://cdn.tsetmc.com:443 "GET /api/Fund/FundInfo/59598536122397373 HTTP/1.1" 404 0
2026-05-24 15:27:06 [DEBUG   ] urllib3.connectionpool: https://cdn.tsetmc.com:443 "GET /api/Fund/FundData/59598536122397373 HTTP/1.1" 404 0
2026-05-24 15:27:06 [DEBUG   ] urllib3.connectionpool: https://www.tsetmc.com:443 "GET /instrument/59598536122397373 HTTP/1.1" 200 824
2026-05-24 15:27:06 [DEBUG   ] data_fetcher:   HTML page for 59598536122397373: 824 bytes
2026-05-24 15:27:06 [DEBUG   ] data_fetcher:   No NAV found in TSETMC HTML for ins_code=59598536122397373
2026-05-24 15:27:06 [DEBUG   ] urllib3.connectionpool: https://cdn.tsetmc.com:443 "GET /api/StaticThreshold/GetStaticThreshold/59598536122397373/0 HTTP/1.1" 200 824
2026-05-24 15:27:06 [DEBUG   ] data_fetcher:   No NAV found for ins_code=59598536122397373
2026-05-24 15:27:06 [DEBUG   ] urllib3.connectionpool: https://cdn.tsetmc.com:443 "GET /api/BestLimits/59598536122397373 HTTP/1.1" 200 None
2026-05-24 15:27:06 [INFO    ] data_fetcher: [15/20] Fetching سپهر ...
2026-05-24 15:27:06 [DEBUG   ] urllib3.connectionpool: https://cdn.tsetmc.com:443 "GET /api/ClosingPrice/GetClosingPriceInfo/471543293603227 HTTP/1.1" 200 None
2026-05-24 15:27:06 [DEBUG   ] data_fetcher: ClosingPriceInfo top-level keys for 471543293603227: ['closingPriceInfo']
2026-05-24 15:27:06 [DEBUG   ] data_fetcher: ClosingPriceInfo fields for 471543293603227: {'instrumentState': {'idn': 0, 'dEven': 0, 'hEven': 0, 'insCode': None, 'lVal18AFC': None, 'lVal30': None, 'cEtaval': 'A ', 'realHeven': 0, 'underSupervision': 0, 'cEtavalTitle': 'مجاز'}, 'lastHEven': 61020, 'finalLastDate': 20250629, 'priceYesterday': 856379.0, 'insCode': '0', 'dEven': 20260524, 'hEven': 61020, 'pClosing': 856379.0, 'pDrCotVal': 856379.0}
2026-05-24 15:27:07 [DEBUG   ] urllib3.connectionpool: https://cdn.tsetmc.com:443 "GET /api/Instrument/GetInstrumentInfo/471543293603227 HTTP/1.1" 200 None
2026-05-24 15:27:07 [DEBUG   ] data_fetcher: InstrumentInfo top-level keys for 471543293603227: ['instrumentInfo']
2026-05-24 15:27:07 [DEBUG   ] data_fetcher: InstrumentInfo non-zero fields for 471543293603227: {'eps': {'epsValue': None, 'estimatedEPS': None, 'sectorPE': 273.25, 'psr': 0.0}, 'sector': {'dEven': 0, 'cSecVal': '68 ', 'lSecVal': 'صندوق سرمايه گذاري قابل معامله'}, 'staticThreshold': {'insCode': None, 'dEven': 0, 'hEven': 0, 'psGelStaMax': 942016.0, 'psGelStaMin': 770742.0}, 'minYear': 856379.0, 'maxYear': 951532.0, 'dEven': 20260524, 'faraDesc': 'نوع صندوق :  جسورانه', 'lVal18': 'Sepehr Aval VCF-VR', 'yVal': '305', 'insCode': '471543293603227', 'lVal30': 'ص.ج. سپهريكم 60% تاديه', 'lVal18AFC': 'سپهر', 'flow': 2, 'cIsin': 'IRT3VC140004', 'zTitad': 1000000.0, 'baseVol': 1, 'instrumentID': 'IRT3VC140001', 'cgrValCot': 'TJ', 'cComVal': '4', 'sourceID': 2, 'flowTitle': 'بازار فرابورس', 'cgrValCotTitle': "-'"}
2026-05-24 15:27:07 [DEBUG   ] urllib3.connectionpool: https://www.tsetmc.com:443 "GET /Loader.aspx?ParTree=15131W&i=471543293603227 HTTP/1.1" 200 824
2026-05-24 15:27:07 [DEBUG   ] data_fetcher: Loader API for 471543293603227: 824 bytes, preview: <!doctype html><html lang="en"><head><meta charset="utf-8"/><link rel="icon" href="/favicon.ico?v=2"
2026-05-24 15:27:07 [DEBUG   ] urllib3.connectionpool: https://cdn.tsetmc.com:443 "GET /api/ETF/ETFByInsCode/471543293603227 HTTP/1.1" 200 824
2026-05-24 15:27:07 [DEBUG   ] urllib3.connectionpool: https://cdn.tsetmc.com:443 "GET /api/ETF/GetETFByInsCode/471543293603227 HTTP/1.1" 200 824
2026-05-24 15:27:07 [DEBUG   ] urllib3.connectionpool: https://cdn.tsetmc.com:443 "GET /api/ETF/GetETFInfo/471543293603227 HTTP/1.1" 200 824
2026-05-24 15:27:07 [DEBUG   ] urllib3.connectionpool: https://cdn.tsetmc.com:443 "GET /api/Fund/GetFundInfo/471543293603227 HTTP/1.1" 404 0
2026-05-24 15:27:07 [DEBUG   ] urllib3.connectionpool: https://cdn.tsetmc.com:443 "GET /api/Fund/GetFund/471543293603227 HTTP/1.1" 404 0
2026-05-24 15:27:07 [DEBUG   ] urllib3.connectionpool: https://cdn.tsetmc.com:443 "GET /api/Fund/GetFundLastInfo/471543293603227 HTTP/1.1" 404 0
2026-05-24 15:27:07 [DEBUG   ] urllib3.connectionpool: https://cdn.tsetmc.com:443 "GET /api/Fund/GetMutualFundByInsCode/471543293603227 HTTP/1.1" 404 0
2026-05-24 15:27:07 [DEBUG   ] urllib3.connectionpool: https://cdn.tsetmc.com:443 "GET /api/Fund/FundInfo/471543293603227 HTTP/1.1" 404 0
2026-05-24 15:27:07 [DEBUG   ] urllib3.connectionpool: https://cdn.tsetmc.com:443 "GET /api/Fund/FundData/471543293603227 HTTP/1.1" 404 0
2026-05-24 15:27:07 [DEBUG   ] urllib3.connectionpool: https://www.tsetmc.com:443 "GET /instrument/471543293603227 HTTP/1.1" 200 824
2026-05-24 15:27:07 [DEBUG   ] data_fetcher:   HTML page for 471543293603227: 824 bytes
2026-05-24 15:27:07 [DEBUG   ] data_fetcher:   No NAV found in TSETMC HTML for ins_code=471543293603227
2026-05-24 15:27:07 [DEBUG   ] urllib3.connectionpool: https://cdn.tsetmc.com:443 "GET /api/StaticThreshold/GetStaticThreshold/471543293603227/0 HTTP/1.1" 200 824
2026-05-24 15:27:07 [DEBUG   ] data_fetcher:   No NAV found for ins_code=471543293603227
2026-05-24 15:27:07 [DEBUG   ] urllib3.connectionpool: https://cdn.tsetmc.com:443 "GET /api/BestLimits/471543293603227 HTTP/1.1" 200 None
2026-05-24 15:27:08 [INFO    ] data_fetcher: [16/20] Fetching یاقوت ...
2026-05-24 15:27:08 [DEBUG   ] urllib3.connectionpool: https://cdn.tsetmc.com:443 "GET /api/ClosingPrice/GetClosingPriceInfo/1438514795814416 HTTP/1.1" 200 None
2026-05-24 15:27:08 [DEBUG   ] data_fetcher: ClosingPriceInfo top-level keys for 1438514795814416: ['closingPriceInfo']
2026-05-24 15:27:08 [DEBUG   ] data_fetcher: ClosingPriceInfo fields for 1438514795814416: {'instrumentState': {'idn': 0, 'dEven': 0, 'hEven': 0, 'insCode': None, 'lVal18AFC': None, 'lVal30': None, 'cEtaval': 'A ', 'realHeven': 0, 'underSupervision': 0, 'cEtavalTitle': 'مجاز'}, 'lastHEven': 145958, 'finalLastDate': 20260524, 'priceMin': 42265.0, 'priceMax': 42267.0, 'priceYesterday': 42214.0, 'priceFirst': 42265.0, 'insCode': '0', 'dEven': 20260524, 'hEven': 145958, 'pClosing': 42266.0, 'pDrCotVal': 42266.0, 'zTotTran': 22702.0, 'qTotTran5J': 525322181.0, 'qTotCap': 22203113872228.0}
2026-05-24 15:27:08 [DEBUG   ] urllib3.connectionpool: https://cdn.tsetmc.com:443 "GET /api/Instrument/GetInstrumentInfo/1438514795814416 HTTP/1.1" 200 None
2026-05-24 15:27:08 [DEBUG   ] data_fetcher: InstrumentInfo top-level keys for 1438514795814416: ['instrumentInfo']
2026-05-24 15:27:08 [DEBUG   ] data_fetcher: InstrumentInfo non-zero fields for 1438514795814416: {'eps': {'epsValue': None, 'estimatedEPS': None, 'sectorPE': 0.0, 'psr': 0.0}, 'sector': {'dEven': 0, 'cSecVal': '68 ', 'lSecVal': 'صندوق سرمايه گذاري قابل معامله'}, 'staticThreshold': {'insCode': None, 'dEven': 0, 'hEven': 0, 'psGelStaMax': 43480.0, 'psGelStaMin': 40948.0}, 'minWeek': 42096.0, 'maxWeek': 42215.0, 'minYear': 31034.0, 'maxYear': 42215.0, 'qTotTran5JAvg': 490508614.0, 'dEven': 20260524, 'faraDesc': 'نوع صندوق: در اوراق بهادار با درآمد ثابت', 'etfIssuedUnit': 11195318511.0, 'etfUnitDeven': 20260523, 'lVal18': 'Yaghoot Agah ETF', 'yVal': '305', 'insCode': '1438514795814416', 'lVal30': 'صندوق س ياقوت آگاه-ثابت', 'lVal18AFC': 'ياقوت', 'flow': 1, 'cIsin': 'IRT1YGHT0003', 'zTitad': 13000000000.0, 'baseVol': 1, 'instrumentID': 'IRT1YGHT0001', 'cgrValCot': 'H1', 'cComVal': '4', 'sourceID': 1, 'flowTitle': 'بازار بورس', 'cgrValCotTitle': 'بازار صندوق های قابل معامله'}
2026-05-24 15:27:08 [DEBUG   ] urllib3.connectionpool: https://www.tsetmc.com:443 "GET /Loader.aspx?ParTree=15131W&i=1438514795814416 HTTP/1.1" 200 824
2026-05-24 15:27:08 [DEBUG   ] data_fetcher: Loader API for 1438514795814416: 824 bytes, preview: <!doctype html><html lang="en"><head><meta charset="utf-8"/><link rel="icon" href="/favicon.ico?v=2"
2026-05-24 15:27:08 [DEBUG   ] urllib3.connectionpool: https://cdn.tsetmc.com:443 "GET /api/ETF/ETFByInsCode/1438514795814416 HTTP/1.1" 200 824
2026-05-24 15:27:08 [DEBUG   ] urllib3.connectionpool: https://cdn.tsetmc.com:443 "GET /api/ETF/GetETFByInsCode/1438514795814416 HTTP/1.1" 200 824
2026-05-24 15:27:08 [DEBUG   ] urllib3.connectionpool: https://cdn.tsetmc.com:443 "GET /api/ETF/GetETFInfo/1438514795814416 HTTP/1.1" 200 824
2026-05-24 15:27:08 [DEBUG   ] urllib3.connectionpool: https://cdn.tsetmc.com:443 "GET /api/Fund/GetFundInfo/1438514795814416 HTTP/1.1" 404 0
2026-05-24 15:27:08 [DEBUG   ] urllib3.connectionpool: https://cdn.tsetmc.com:443 "GET /api/Fund/GetFund/1438514795814416 HTTP/1.1" 404 0
2026-05-24 15:27:08 [DEBUG   ] urllib3.connectionpool: https://cdn.tsetmc.com:443 "GET /api/Fund/GetFundLastInfo/1438514795814416 HTTP/1.1" 404 0
2026-05-24 15:27:08 [DEBUG   ] urllib3.connectionpool: https://cdn.tsetmc.com:443 "GET /api/Fund/GetMutualFundByInsCode/1438514795814416 HTTP/1.1" 404 0
2026-05-24 15:27:08 [DEBUG   ] urllib3.connectionpool: https://cdn.tsetmc.com:443 "GET /api/Fund/FundInfo/1438514795814416 HTTP/1.1" 404 0
2026-05-24 15:27:08 [DEBUG   ] urllib3.connectionpool: https://cdn.tsetmc.com:443 "GET /api/Fund/FundData/1438514795814416 HTTP/1.1" 404 0
2026-05-24 15:27:08 [DEBUG   ] urllib3.connectionpool: https://www.tsetmc.com:443 "GET /instrument/1438514795814416 HTTP/1.1" 200 824
2026-05-24 15:27:08 [DEBUG   ] data_fetcher:   HTML page for 1438514795814416: 824 bytes
2026-05-24 15:27:08 [DEBUG   ] data_fetcher:   No NAV found in TSETMC HTML for ins_code=1438514795814416
2026-05-24 15:27:08 [DEBUG   ] urllib3.connectionpool: https://cdn.tsetmc.com:443 "GET /api/StaticThreshold/GetStaticThreshold/1438514795814416/0 HTTP/1.1" 200 824
2026-05-24 15:27:08 [DEBUG   ] data_fetcher:   No NAV found for ins_code=1438514795814416
2026-05-24 15:27:09 [DEBUG   ] urllib3.connectionpool: https://cdn.tsetmc.com:443 "GET /api/BestLimits/1438514795814416 HTTP/1.1" 200 None
2026-05-24 15:27:09 [INFO    ] data_fetcher: [17/20] Fetching فیروزا ...
2026-05-24 15:27:09 [DEBUG   ] urllib3.connectionpool: https://cdn.tsetmc.com:443 "GET /api/ClosingPrice/GetClosingPriceInfo/10795723506538053 HTTP/1.1" 200 None
2026-05-24 15:27:09 [DEBUG   ] data_fetcher: ClosingPriceInfo top-level keys for 10795723506538053: ['closingPriceInfo']
2026-05-24 15:27:09 [DEBUG   ] data_fetcher: ClosingPriceInfo fields for 10795723506538053: {'instrumentState': {'idn': 0, 'dEven': 0, 'hEven': 0, 'insCode': None, 'lVal18AFC': None, 'lVal30': None, 'cEtaval': 'A ', 'realHeven': 0, 'underSupervision': 0, 'cEtavalTitle': 'مجاز'}, 'lastHEven': 152656, 'finalLastDate': 20260524, 'priceMin': 81944.0, 'priceMax': 81945.0, 'priceYesterday': 81839.0, 'priceFirst': 81944.0, 'insCode': '0', 'dEven': 20260524, 'hEven': 152656, 'pClosing': 81944.0, 'pDrCotVal': 81945.0, 'zTotTran': 4946.0, 'qTotTran5J': 184458005.0, 'qTotCap': 15115291845832.0}
2026-05-24 15:27:09 [DEBUG   ] urllib3.connectionpool: https://cdn.tsetmc.com:443 "GET /api/Instrument/GetInstrumentInfo/10795723506538053 HTTP/1.1" 200 None
2026-05-24 15:27:09 [DEBUG   ] data_fetcher: InstrumentInfo top-level keys for 10795723506538053: ['instrumentInfo']
2026-05-24 15:27:09 [DEBUG   ] data_fetcher: InstrumentInfo non-zero fields for 10795723506538053: {'eps': {'epsValue': None, 'estimatedEPS': None, 'sectorPE': 0.0, 'psr': 0.0}, 'sector': {'dEven': 0, 'cSecVal': '68 ', 'lSecVal': 'صندوق سرمايه گذاري قابل معامله'}, 'staticThreshold': {'insCode': None, 'dEven': 0, 'hEven': 0, 'psGelStaMax': 84294.0, 'psGelStaMin': 79384.0}, 'minWeek': 81631.0, 'maxWeek': 81840.0, 'minYear': 59884.0, 'maxYear': 81840.0, 'qTotTran5JAvg': 262865546.0, 'dEven': 20260524, 'faraDesc': 'نوع صندوق: در اوراق بهادار با درآمد ثابت', 'etfIssuedUnit': 3746900293.0, 'etfUnitDeven': 20260523, 'lVal18': 'Firouzeh Asia ETF', 'yVal': '305', 'insCode': '10795723506538053', 'lVal30': 'صندوق ارمغان فيروزه آسيا-ثابت', 'lVal18AFC': 'فيروزا', 'flow': 1, 'cIsin': 'IRT1FIRO0007', 'zTitad': 4250000000.0, 'baseVol': 1, 'instrumentID': 'IRT1FIRO0001', 'cgrValCot': 'H1', 'cComVal': '4', 'sourceID': 1, 'flowTitle': 'بازار بورس', 'cgrValCotTitle': 'بازار صندوق های قابل معامله'}
2026-05-24 15:27:09 [DEBUG   ] urllib3.connectionpool: https://www.tsetmc.com:443 "GET /Loader.aspx?ParTree=15131W&i=10795723506538053 HTTP/1.1" 200 824
2026-05-24 15:27:09 [DEBUG   ] data_fetcher: Loader API for 10795723506538053: 824 bytes, preview: <!doctype html><html lang="en"><head><meta charset="utf-8"/><link rel="icon" href="/favicon.ico?v=2"
2026-05-24 15:27:09 [DEBUG   ] urllib3.connectionpool: https://cdn.tsetmc.com:443 "GET /api/ETF/ETFByInsCode/10795723506538053 HTTP/1.1" 200 824
2026-05-24 15:27:09 [DEBUG   ] urllib3.connectionpool: https://cdn.tsetmc.com:443 "GET /api/ETF/GetETFByInsCode/10795723506538053 HTTP/1.1" 200 824
2026-05-24 15:27:09 [DEBUG   ] urllib3.connectionpool: https://cdn.tsetmc.com:443 "GET /api/ETF/GetETFInfo/10795723506538053 HTTP/1.1" 200 824
2026-05-24 15:27:09 [DEBUG   ] urllib3.connectionpool: https://cdn.tsetmc.com:443 "GET /api/Fund/GetFundInfo/10795723506538053 HTTP/1.1" 404 0
2026-05-24 15:27:09 [DEBUG   ] urllib3.connectionpool: https://cdn.tsetmc.com:443 "GET /api/Fund/GetFund/10795723506538053 HTTP/1.1" 404 0
2026-05-24 15:27:09 [DEBUG   ] urllib3.connectionpool: https://cdn.tsetmc.com:443 "GET /api/Fund/GetFundLastInfo/10795723506538053 HTTP/1.1" 404 0
2026-05-24 15:27:09 [DEBUG   ] urllib3.connectionpool: https://cdn.tsetmc.com:443 "GET /api/Fund/GetMutualFundByInsCode/10795723506538053 HTTP/1.1" 404 0
2026-05-24 15:27:09 [DEBUG   ] urllib3.connectionpool: https://cdn.tsetmc.com:443 "GET /api/Fund/FundInfo/10795723506538053 HTTP/1.1" 404 0
2026-05-24 15:27:10 [DEBUG   ] urllib3.connectionpool: https://cdn.tsetmc.com:443 "GET /api/Fund/FundData/10795723506538053 HTTP/1.1" 404 0
2026-05-24 15:27:10 [DEBUG   ] urllib3.connectionpool: https://www.tsetmc.com:443 "GET /instrument/10795723506538053 HTTP/1.1" 200 824
2026-05-24 15:27:10 [DEBUG   ] data_fetcher:   HTML page for 10795723506538053: 824 bytes
2026-05-24 15:27:10 [DEBUG   ] data_fetcher:   No NAV found in TSETMC HTML for ins_code=10795723506538053
2026-05-24 15:27:10 [DEBUG   ] urllib3.connectionpool: https://cdn.tsetmc.com:443 "GET /api/StaticThreshold/GetStaticThreshold/10795723506538053/0 HTTP/1.1" 200 824
2026-05-24 15:27:10 [DEBUG   ] data_fetcher:   No NAV found for ins_code=10795723506538053
2026-05-24 15:27:10 [DEBUG   ] urllib3.connectionpool: https://cdn.tsetmc.com:443 "GET /api/BestLimits/10795723506538053 HTTP/1.1" 200 None
2026-05-24 15:27:10 [INFO    ] data_fetcher: [18/20] Fetching صایند ...
2026-05-24 15:27:10 [DEBUG   ] urllib3.connectionpool: https://cdn.tsetmc.com:443 "GET /api/ClosingPrice/GetClosingPriceInfo/45205530868811305 HTTP/1.1" 200 None
2026-05-24 15:27:10 [DEBUG   ] data_fetcher: ClosingPriceInfo top-level keys for 45205530868811305: ['closingPriceInfo']
2026-05-24 15:27:10 [DEBUG   ] data_fetcher: ClosingPriceInfo fields for 45205530868811305: {'instrumentState': {'idn': 0, 'dEven': 0, 'hEven': 0, 'insCode': None, 'lVal18AFC': None, 'lVal30': None, 'cEtaval': 'A ', 'realHeven': 0, 'underSupervision': 0, 'cEtavalTitle': 'مجاز'}, 'lastHEven': 145932, 'finalLastDate': 20260524, 'priceMin': 27778.0, 'priceMax': 27779.0, 'priceYesterday': 27747.0, 'priceFirst': 27778.0, 'insCode': '0', 'dEven': 20260524, 'hEven': 145932, 'pClosing': 27778.0, 'pDrCotVal': 27779.0, 'zTotTran': 314.0, 'qTotTran5J': 31534952.0, 'qTotCap': 875989160911.0}
2026-05-24 15:27:10 [DEBUG   ] urllib3.connectionpool: https://cdn.tsetmc.com:443 "GET /api/Instrument/GetInstrumentInfo/45205530868811305 HTTP/1.1" 200 None
2026-05-24 15:27:10 [DEBUG   ] data_fetcher: InstrumentInfo top-level keys for 45205530868811305: ['instrumentInfo']
2026-05-24 15:27:10 [DEBUG   ] data_fetcher: InstrumentInfo non-zero fields for 45205530868811305: {'eps': {'epsValue': None, 'estimatedEPS': None, 'sectorPE': 273.25, 'psr': 0.0}, 'sector': {'dEven': 0, 'cSecVal': '68 ', 'lSecVal': 'صندوق سرمايه گذاري قابل معامله'}, 'staticThreshold': {'insCode': None, 'dEven': 0, 'hEven': 0, 'psGelStaMax': 28579.0, 'psGelStaMin': 26915.0}, 'minWeek': 27677.0, 'maxWeek': 27748.0, 'minYear': 20832.0, 'maxYear': 27748.0, 'qTotTran5JAvg': 29817526.0, 'dEven': 20260524, 'faraDesc': 'نوع صندوق : در اوراق بهادار با درآمد ثابت', 'etfIssuedUnit': 809943253.0, 'etfUnitDeven': 20260523, 'lVal18': 'Ganjine Roshan ETF', 'yVal': '305', 'insCode': '45205530868811305', 'lVal30': 'صندوق س. گنجينه آينده روشن-د', 'lVal18AFC': 'صايند', 'flow': 2, 'cIsin': 'IRT3SGAF0002', 'zTitad': 2000000000.0, 'baseVol': 1, 'instrumentID': 'IRT3SGAF0001', 'cgrValCot': '1A', 'cComVal': '4', 'sourceID': 2, 'flowTitle': 'بازار فرابورس', 'cgrValCotTitle': 'بازار ابزارهاي نوين مالي فرابورس'}
2026-05-24 15:27:10 [DEBUG   ] urllib3.connectionpool: https://www.tsetmc.com:443 "GET /Loader.aspx?ParTree=15131W&i=45205530868811305 HTTP/1.1" 200 824
2026-05-24 15:27:10 [DEBUG   ] data_fetcher: Loader API for 45205530868811305: 824 bytes, preview: <!doctype html><html lang="en"><head><meta charset="utf-8"/><link rel="icon" href="/favicon.ico?v=2"
2026-05-24 15:27:10 [DEBUG   ] urllib3.connectionpool: https://cdn.tsetmc.com:443 "GET /api/ETF/ETFByInsCode/45205530868811305 HTTP/1.1" 200 824
2026-05-24 15:27:10 [DEBUG   ] urllib3.connectionpool: https://cdn.tsetmc.com:443 "GET /api/ETF/GetETFByInsCode/45205530868811305 HTTP/1.1" 200 824
2026-05-24 15:27:11 [DEBUG   ] urllib3.connectionpool: https://cdn.tsetmc.com:443 "GET /api/ETF/GetETFInfo/45205530868811305 HTTP/1.1" 200 824
2026-05-24 15:27:11 [DEBUG   ] urllib3.connectionpool: https://cdn.tsetmc.com:443 "GET /api/Fund/GetFundInfo/45205530868811305 HTTP/1.1" 404 0
2026-05-24 15:27:11 [DEBUG   ] urllib3.connectionpool: https://cdn.tsetmc.com:443 "GET /api/Fund/GetFund/45205530868811305 HTTP/1.1" 404 0
2026-05-24 15:27:11 [DEBUG   ] urllib3.connectionpool: https://cdn.tsetmc.com:443 "GET /api/Fund/GetFundLastInfo/45205530868811305 HTTP/1.1" 404 0
2026-05-24 15:27:11 [DEBUG   ] urllib3.connectionpool: https://cdn.tsetmc.com:443 "GET /api/Fund/GetMutualFundByInsCode/45205530868811305 HTTP/1.1" 404 0
2026-05-24 15:27:11 [DEBUG   ] urllib3.connectionpool: https://cdn.tsetmc.com:443 "GET /api/Fund/FundInfo/45205530868811305 HTTP/1.1" 404 0
2026-05-24 15:27:11 [DEBUG   ] urllib3.connectionpool: https://cdn.tsetmc.com:443 "GET /api/Fund/FundData/45205530868811305 HTTP/1.1" 404 0
2026-05-24 15:27:11 [DEBUG   ] urllib3.connectionpool: https://www.tsetmc.com:443 "GET /instrument/45205530868811305 HTTP/1.1" 200 824
2026-05-24 15:27:11 [DEBUG   ] data_fetcher:   HTML page for 45205530868811305: 824 bytes
2026-05-24 15:27:11 [DEBUG   ] data_fetcher:   No NAV found in TSETMC HTML for ins_code=45205530868811305
2026-05-24 15:27:11 [DEBUG   ] urllib3.connectionpool: https://cdn.tsetmc.com:443 "GET /api/StaticThreshold/GetStaticThreshold/45205530868811305/0 HTTP/1.1" 200 824
2026-05-24 15:27:11 [DEBUG   ] data_fetcher:   No NAV found for ins_code=45205530868811305
2026-05-24 15:27:11 [DEBUG   ] urllib3.connectionpool: https://cdn.tsetmc.com:443 "GET /api/BestLimits/45205530868811305 HTTP/1.1" 200 None
2026-05-24 15:27:11 [INFO    ] data_fetcher: [19/20] Fetching همای ...
2026-05-24 15:27:11 [DEBUG   ] urllib3.connectionpool: https://cdn.tsetmc.com:443 "GET /api/ClosingPrice/GetClosingPriceInfo/15494954332657697 HTTP/1.1" 200 None
2026-05-24 15:27:11 [DEBUG   ] data_fetcher: ClosingPriceInfo top-level keys for 15494954332657697: ['closingPriceInfo']
2026-05-24 15:27:11 [DEBUG   ] data_fetcher: ClosingPriceInfo fields for 15494954332657697: {'instrumentState': {'idn': 0, 'dEven': 0, 'hEven': 0, 'insCode': None, 'lVal18AFC': None, 'lVal30': None, 'cEtaval': 'A ', 'realHeven': 0, 'underSupervision': 0, 'cEtavalTitle': 'مجاز'}, 'lastHEven': 145959, 'finalLastDate': 20260524, 'priceMin': 10027.0, 'priceMax': 10028.0, 'priceYesterday': 10014.0, 'priceFirst': 10027.0, 'insCode': '0', 'dEven': 20260524, 'hEven': 145959, 'pClosing': 10028.0, 'pDrCotVal': 10028.0, 'zTotTran': 4116.0, 'qTotTran5J': 325828904.0, 'qTotCap': 3267280968294.0}
2026-05-24 15:27:12 [DEBUG   ] urllib3.connectionpool: https://cdn.tsetmc.com:443 "GET /api/Instrument/GetInstrumentInfo/15494954332657697 HTTP/1.1" 200 None
2026-05-24 15:27:12 [DEBUG   ] data_fetcher: InstrumentInfo top-level keys for 15494954332657697: ['instrumentInfo']
2026-05-24 15:27:12 [DEBUG   ] data_fetcher: InstrumentInfo non-zero fields for 15494954332657697: {'eps': {'epsValue': None, 'estimatedEPS': None, 'sectorPE': 0.0, 'psr': 0.0}, 'sector': {'dEven': 0, 'cSecVal': '68 ', 'lSecVal': 'صندوق سرمايه گذاري قابل معامله'}, 'staticThreshold': {'insCode': None, 'dEven': 0, 'hEven': 0, 'psGelStaMax': 10314.0, 'psGelStaMin': 9714.0}, 'minWeek': 10013.0, 'maxWeek': 10276.0, 'minYear': 10008.0, 'maxYear': 10337.0, 'qTotTran5JAvg': 160061014.0, 'dEven': 20260524, 'faraDesc': 'نوع صندوق: در اوراق بهادار با درآمد ثابت', 'etfIssuedUnit': 8934342701.0, 'etfUnitDeven': 20260523, 'lVal18': 'Homaye Agah ETF', 'yVal': '305', 'insCode': '15494954332657697', 'lVal30': 'صندوق س هماي آگاه-ثابت', 'lVal18AFC': 'هماي', 'flow': 1, 'cIsin': 'IRT1HOMA0008', 'zTitad': 10000000000.0, 'baseVol': 1, 'instrumentID': 'IRT1HOMA0001', 'cgrValCot': 'H1', 'cComVal': '4', 'sourceID': 1, 'flowTitle': 'بازار بورس', 'cgrValCotTitle': 'بازار صندوق های قابل معامله'}
2026-05-24 15:27:12 [DEBUG   ] urllib3.connectionpool: https://www.tsetmc.com:443 "GET /Loader.aspx?ParTree=15131W&i=15494954332657697 HTTP/1.1" 200 824
2026-05-24 15:27:12 [DEBUG   ] data_fetcher: Loader API for 15494954332657697: 824 bytes, preview: <!doctype html><html lang="en"><head><meta charset="utf-8"/><link rel="icon" href="/favicon.ico?v=2"
2026-05-24 15:27:12 [DEBUG   ] urllib3.connectionpool: https://cdn.tsetmc.com:443 "GET /api/ETF/ETFByInsCode/15494954332657697 HTTP/1.1" 200 824
2026-05-24 15:27:12 [DEBUG   ] urllib3.connectionpool: https://cdn.tsetmc.com:443 "GET /api/ETF/GetETFByInsCode/15494954332657697 HTTP/1.1" 200 824
2026-05-24 15:27:12 [DEBUG   ] urllib3.connectionpool: https://cdn.tsetmc.com:443 "GET /api/ETF/GetETFInfo/15494954332657697 HTTP/1.1" 200 824
2026-05-24 15:27:12 [DEBUG   ] urllib3.connectionpool: https://cdn.tsetmc.com:443 "GET /api/Fund/GetFundInfo/15494954332657697 HTTP/1.1" 404 0
2026-05-24 15:27:12 [DEBUG   ] urllib3.connectionpool: https://cdn.tsetmc.com:443 "GET /api/Fund/GetFund/15494954332657697 HTTP/1.1" 404 0
2026-05-24 15:27:12 [DEBUG   ] urllib3.connectionpool: https://cdn.tsetmc.com:443 "GET /api/Fund/GetFundLastInfo/15494954332657697 HTTP/1.1" 404 0
2026-05-24 15:27:12 [DEBUG   ] urllib3.connectionpool: https://cdn.tsetmc.com:443 "GET /api/Fund/GetMutualFundByInsCode/15494954332657697 HTTP/1.1" 404 0
2026-05-24 15:27:12 [DEBUG   ] urllib3.connectionpool: https://cdn.tsetmc.com:443 "GET /api/Fund/FundInfo/15494954332657697 HTTP/1.1" 404 0
2026-05-24 15:27:12 [DEBUG   ] urllib3.connectionpool: https://cdn.tsetmc.com:443 "GET /api/Fund/FundData/15494954332657697 HTTP/1.1" 404 0
2026-05-24 15:27:12 [DEBUG   ] urllib3.connectionpool: https://www.tsetmc.com:443 "GET /instrument/15494954332657697 HTTP/1.1" 200 824
2026-05-24 15:27:12 [DEBUG   ] data_fetcher:   HTML page for 15494954332657697: 824 bytes
2026-05-24 15:27:12 [DEBUG   ] data_fetcher:   No NAV found in TSETMC HTML for ins_code=15494954332657697
2026-05-24 15:27:12 [DEBUG   ] urllib3.connectionpool: https://cdn.tsetmc.com:443 "GET /api/StaticThreshold/GetStaticThreshold/15494954332657697/0 HTTP/1.1" 200 824
2026-05-24 15:27:12 [DEBUG   ] data_fetcher:   No NAV found for ins_code=15494954332657697
2026-05-24 15:27:12 [DEBUG   ] urllib3.connectionpool: https://cdn.tsetmc.com:443 "GET /api/BestLimits/15494954332657697 HTTP/1.1" 200 None
2026-05-24 15:27:13 [INFO    ] data_fetcher: [20/20] Fetching حکمت ...
2026-05-24 15:27:13 [DEBUG   ] urllib3.connectionpool: https://cdn.tsetmc.com:443 "GET /api/ClosingPrice/GetClosingPriceInfo/7881099657101647 HTTP/1.1" 500 0
2026-05-24 15:27:13 [WARNING ] data_fetcher: TSETMC request failed for https://cdn.tsetmc.com/api/ClosingPrice/GetClosingPriceInfo/7881099657101647: 500 Server Error: Internal Server Error for url: https://cdn.tsetmc.com/api/ClosingPrice/GetClosingPriceInfo/7881099657101647
2026-05-24 15:27:13 [INFO    ] data_fetcher:   Stored ins_code failed — searching TSETMC for 'حکمت'...
2026-05-24 15:27:13 [DEBUG   ] urllib3.connectionpool: https://cdn.tsetmc.com:443 "GET /api/Instrument/GetInstrumentInfo/7881099657101647 HTTP/1.1" 200 None
2026-05-24 15:27:13 [DEBUG   ] data_fetcher: InstrumentInfo top-level keys for 7881099657101647: ['instrumentInfo']
2026-05-24 15:27:13 [DEBUG   ] data_fetcher: InstrumentInfo non-zero fields for 7881099657101647: {'eps': {'epsValue': None, 'estimatedEPS': '157', 'sectorPE': -4.7, 'psr': 0.0}, 'sector': {'dEven': 0, 'cSecVal': '57 ', 'lSecVal': 'بانكها و موسسات اعتباري'}, 'staticThreshold': {'insCode': None, 'dEven': 0, 'hEven': 0, 'psGelStaMax': 1050.0, 'psGelStaMin': 950.0}, 'dEven': 20260524, 'lVal18': 'Hekmat Iranian', 'yVal': '303', 'insCode': '7881099657101647', 'lVal30': 'بانك حكمت  ايرانيان', 'lVal18AFC': 'حكمت', 'flow': 2, 'cIsin': 'IRO3BHKZ0005', 'zTitad': 6000000000.0, 'baseVol': 15000000, 'instrumentID': 'IRO3BHKZ0001', 'cgrValCot': 'Z1', 'cComVal': '3', 'sourceID': 2, 'flowTitle': 'بازار فرابورس', 'cgrValCotTitle': 'بازار دوم فرابورس'}
2026-05-24 15:27:13 [DEBUG   ] urllib3.connectionpool: https://www.tsetmc.com:443 "GET /Loader.aspx?ParTree=15131W&i=7881099657101647 HTTP/1.1" 200 824
2026-05-24 15:27:13 [DEBUG   ] data_fetcher: Loader API for 7881099657101647: 824 bytes, preview: <!doctype html><html lang="en"><head><meta charset="utf-8"/><link rel="icon" href="/favicon.ico?v=2"
2026-05-24 15:27:13 [DEBUG   ] urllib3.connectionpool: https://cdn.tsetmc.com:443 "GET /api/ETF/ETFByInsCode/7881099657101647 HTTP/1.1" 200 824
2026-05-24 15:27:13 [DEBUG   ] urllib3.connectionpool: https://cdn.tsetmc.com:443 "GET /api/ETF/GetETFByInsCode/7881099657101647 HTTP/1.1" 200 824
2026-05-24 15:27:13 [DEBUG   ] urllib3.connectionpool: https://cdn.tsetmc.com:443 "GET /api/ETF/GetETFInfo/7881099657101647 HTTP/1.1" 200 824
2026-05-24 15:27:13 [DEBUG   ] urllib3.connectionpool: https://cdn.tsetmc.com:443 "GET /api/Fund/GetFundInfo/7881099657101647 HTTP/1.1" 404 0
2026-05-24 15:27:13 [DEBUG   ] urllib3.connectionpool: https://cdn.tsetmc.com:443 "GET /api/Fund/GetFund/7881099657101647 HTTP/1.1" 404 0
2026-05-24 15:27:13 [DEBUG   ] urllib3.connectionpool: https://cdn.tsetmc.com:443 "GET /api/Fund/GetFundLastInfo/7881099657101647 HTTP/1.1" 404 0
2026-05-24 15:27:13 [DEBUG   ] urllib3.connectionpool: https://cdn.tsetmc.com:443 "GET /api/Fund/GetMutualFundByInsCode/7881099657101647 HTTP/1.1" 404 0
2026-05-24 15:27:13 [DEBUG   ] urllib3.connectionpool: https://cdn.tsetmc.com:443 "GET /api/Fund/FundInfo/7881099657101647 HTTP/1.1" 404 0
2026-05-24 15:27:13 [DEBUG   ] urllib3.connectionpool: https://cdn.tsetmc.com:443 "GET /api/Fund/FundData/7881099657101647 HTTP/1.1" 404 0
2026-05-24 15:27:13 [DEBUG   ] urllib3.connectionpool: https://www.tsetmc.com:443 "GET /instrument/7881099657101647 HTTP/1.1" 200 824
2026-05-24 15:27:13 [DEBUG   ] data_fetcher:   HTML page for 7881099657101647: 824 bytes
2026-05-24 15:27:13 [DEBUG   ] data_fetcher:   No NAV found in TSETMC HTML for ins_code=7881099657101647
2026-05-24 15:27:13 [DEBUG   ] urllib3.connectionpool: https://cdn.tsetmc.com:443 "GET /api/StaticThreshold/GetStaticThreshold/7881099657101647/0 HTTP/1.1" 200 824
2026-05-24 15:27:13 [DEBUG   ] data_fetcher:   No NAV found for ins_code=7881099657101647
2026-05-24 15:27:14 [DEBUG   ] urllib3.connectionpool: https://cdn.tsetmc.com:443 "GET /api/BestLimits/7881099657101647 HTTP/1.1" 200 None
2026-05-24 15:27:14 [INFO    ] data_fetcher: 20 fund(s) missing NAV — trying external NAV sources...
2026-05-24 15:27:14 [DEBUG   ] urllib3.connectionpool: https://www.fipiran.ir:443 "GET /api/v1/fund/fundlist HTTP/1.1" 403 None
2026-05-24 15:27:14 [DEBUG   ] data_fetcher: FIPIRAN https://www.fipiran.ir/api/v1/fund/fundlist [{'Accept': 'application/json', 'Origin': 'https://www.fipiran.ir'}] → 403 Client Error: Forbidden for url: https://www.fipiran.ir/api/v1/fund/fundlist
2026-05-24 15:27:14 [DEBUG   ] urllib3.connectionpool: https://www.fipiran.ir:443 "GET /api/v1/fund/fundlist HTTP/1.1" 403 None
2026-05-24 15:27:14 [DEBUG   ] data_fetcher: FIPIRAN https://www.fipiran.ir/api/v1/fund/fundlist [{'X-Requested-With': 'XMLHttpRequest', 'Accept': 'application/json, text/javascript, */*; q=0.01'}] → 403 Client Error: Forbidden for url: https://www.fipiran.ir/api/v1/fund/fundlist
2026-05-24 15:27:14 [DEBUG   ] urllib3.connectionpool: https://www.fipiran.ir:443 "GET /api/v1/fund/fundlist HTTP/1.1" 403 None
2026-05-24 15:27:14 [DEBUG   ] data_fetcher: FIPIRAN https://www.fipiran.ir/api/v1/fund/fundlist [{}] → 403 Client Error: Forbidden for url: https://www.fipiran.ir/api/v1/fund/fundlist
2026-05-24 15:27:14 [DEBUG   ] urllib3.connectionpool: https://fipiran.ir:443 "GET /api/v1/fund/fundlist HTTP/1.1" 403 None
2026-05-24 15:27:14 [DEBUG   ] data_fetcher: FIPIRAN https://fipiran.ir/api/v1/fund/fundlist [{'Accept': 'application/json', 'Origin': 'https://www.fipiran.ir'}] → 403 Client Error: Forbidden for url: https://fipiran.ir/api/v1/fund/fundlist
2026-05-24 15:27:14 [DEBUG   ] urllib3.connectionpool: https://fipiran.ir:443 "GET /api/v1/fund/fundlist HTTP/1.1" 403 None
2026-05-24 15:27:14 [DEBUG   ] data_fetcher: FIPIRAN https://fipiran.ir/api/v1/fund/fundlist [{'X-Requested-With': 'XMLHttpRequest', 'Accept': 'application/json, text/javascript, */*; q=0.01'}] → 403 Client Error: Forbidden for url: https://fipiran.ir/api/v1/fund/fundlist
2026-05-24 15:27:14 [DEBUG   ] urllib3.connectionpool: https://fipiran.ir:443 "GET /api/v1/fund/fundlist HTTP/1.1" 403 None
2026-05-24 15:27:14 [DEBUG   ] data_fetcher: FIPIRAN https://fipiran.ir/api/v1/fund/fundlist [{}] → 403 Client Error: Forbidden for url: https://fipiran.ir/api/v1/fund/fundlist
2026-05-24 15:27:14 [DEBUG   ] urllib3.connectionpool: https://www.fipiran.ir:443 "GET /api/fund/fundcompare HTTP/1.1" 403 None
2026-05-24 15:27:14 [DEBUG   ] data_fetcher: FIPIRAN https://www.fipiran.ir/api/fund/fundcompare [{'Accept': 'application/json', 'Origin': 'https://www.fipiran.ir'}] → 403 Client Error: Forbidden for url: https://www.fipiran.ir/api/fund/fundcompare
2026-05-24 15:27:14 [DEBUG   ] urllib3.connectionpool: https://www.fipiran.ir:443 "GET /api/fund/fundcompare HTTP/1.1" 403 None
2026-05-24 15:27:14 [DEBUG   ] data_fetcher: FIPIRAN https://www.fipiran.ir/api/fund/fundcompare [{'X-Requested-With': 'XMLHttpRequest', 'Accept': 'application/json, text/javascript, */*; q=0.01'}] → 403 Client Error: Forbidden for url: https://www.fipiran.ir/api/fund/fundcompare
2026-05-24 15:27:14 [DEBUG   ] urllib3.connectionpool: https://www.fipiran.ir:443 "GET /api/fund/fundcompare HTTP/1.1" 403 None
2026-05-24 15:27:14 [DEBUG   ] data_fetcher: FIPIRAN https://www.fipiran.ir/api/fund/fundcompare [{}] → 403 Client Error: Forbidden for url: https://www.fipiran.ir/api/fund/fundcompare
2026-05-24 15:27:14 [DEBUG   ] urllib3.connectionpool: https://www.fipiran.ir:443 "GET /api/v1/fund/fundcompare HTTP/1.1" 403 None
2026-05-24 15:27:14 [DEBUG   ] data_fetcher: FIPIRAN https://www.fipiran.ir/api/v1/fund/fundcompare [{'Accept': 'application/json', 'Origin': 'https://www.fipiran.ir'}] → 403 Client Error: Forbidden for url: https://www.fipiran.ir/api/v1/fund/fundcompare
2026-05-24 15:27:14 [DEBUG   ] urllib3.connectionpool: https://www.fipiran.ir:443 "GET /api/v1/fund/fundcompare HTTP/1.1" 403 None
2026-05-24 15:27:14 [DEBUG   ] data_fetcher: FIPIRAN https://www.fipiran.ir/api/v1/fund/fundcompare [{'X-Requested-With': 'XMLHttpRequest', 'Accept': 'application/json, text/javascript, */*; q=0.01'}] → 403 Client Error: Forbidden for url: https://www.fipiran.ir/api/v1/fund/fundcompare
2026-05-24 15:27:14 [DEBUG   ] urllib3.connectionpool: https://www.fipiran.ir:443 "GET /api/v1/fund/fundcompare HTTP/1.1" 403 None
2026-05-24 15:27:14 [DEBUG   ] data_fetcher: FIPIRAN https://www.fipiran.ir/api/v1/fund/fundcompare [{}] → 403 Client Error: Forbidden for url: https://www.fipiran.ir/api/v1/fund/fundcompare
2026-05-24 15:27:14 [DEBUG   ] urllib3.connectionpool: https://fipiran.ir:443 "GET /api/v1/fund/fundcompare HTTP/1.1" 403 None
2026-05-24 15:27:14 [DEBUG   ] data_fetcher: FIPIRAN https://fipiran.ir/api/v1/fund/fundcompare [{'Accept': 'application/json', 'Origin': 'https://www.fipiran.ir'}] → 403 Client Error: Forbidden for url: https://fipiran.ir/api/v1/fund/fundcompare
2026-05-24 15:27:14 [DEBUG   ] urllib3.connectionpool: https://fipiran.ir:443 "GET /api/v1/fund/fundcompare HTTP/1.1" 403 None
2026-05-24 15:27:14 [DEBUG   ] data_fetcher: FIPIRAN https://fipiran.ir/api/v1/fund/fundcompare [{'X-Requested-With': 'XMLHttpRequest', 'Accept': 'application/json, text/javascript, */*; q=0.01'}] → 403 Client Error: Forbidden for url: https://fipiran.ir/api/v1/fund/fundcompare
2026-05-24 15:27:14 [DEBUG   ] urllib3.connectionpool: https://fipiran.ir:443 "GET /api/v1/fund/fundcompare HTTP/1.1" 403 None
2026-05-24 15:27:14 [DEBUG   ] data_fetcher: FIPIRAN https://fipiran.ir/api/v1/fund/fundcompare [{}] → 403 Client Error: Forbidden for url: https://fipiran.ir/api/v1/fund/fundcompare
2026-05-24 15:27:14 [WARNING ] data_fetcher: FIPIRAN: no usable data from any endpoint — NAV will be unavailable
2026-05-24 15:27:14 [INFO    ] data_fetcher: FIPIRAN returned no data — trying Rahavard 365...
2026-05-24 15:27:14 [DEBUG   ] urllib3.connectionpool: Starting new HTTPS connection (5): api.rahavard365.com:443
2026-05-24 15:27:14 [DEBUG   ] data_fetcher: Rahavard https://api.rahavard365.com/v1/funds → connection error: HTTPSConnectionPool(host='api.rahavard365.com', port=443): Max retries exceeded with url: /v1/funds (Caused by NameResolutionError("HTTPSConnection(host='api.rahavard365.com', port=443): Failed to resolve 'api.rahavard365.com' ([Errno 11002] getaddrinfo failed)"))
2026-05-24 15:27:14 [DEBUG   ] urllib3.connectionpool: Starting new HTTPS connection (6): api.rahavard365.com:443
2026-05-24 15:27:14 [DEBUG   ] data_fetcher: Rahavard https://api.rahavard365.com/v1/fund/list → connection error: HTTPSConnectionPool(host='api.rahavard365.com', port=443): Max retries exceeded with url: /v1/fund/list (Caused by NameResolutionError("HTTPSConnection(host='api.rahavard365.com', port=443): Failed to resolve 'api.rahavard365.com' ([Errno 11002] getaddrinfo failed)"))
2026-05-24 15:27:14 [DEBUG   ] urllib3.connectionpool: Resetting dropped connection: rahavard365.com
2026-05-24 15:27:15 [DEBUG   ] urllib3.connectionpool: https://rahavard365.com:443 "GET /api/v1/fund/list HTTP/1.1" 404 0
2026-05-24 15:27:15 [DEBUG   ] data_fetcher: Rahavard https://rahavard365.com/api/v1/fund/list → HTTP error: 404 Client Error: Not Found for url: https://rahavard365.com/api/v1/fund/list
2026-05-24 15:27:15 [DEBUG   ] urllib3.connectionpool: https://rahavard365.com:443 "GET /api/funds HTTP/1.1" 404 0
2026-05-24 15:27:15 [DEBUG   ] data_fetcher: Rahavard https://rahavard365.com/api/funds → HTTP error: 404 Client Error: Not Found for url: https://rahavard365.com/api/funds
2026-05-24 15:27:15 [DEBUG   ] data_fetcher: Rahavard: no usable data from any endpoint
2026-05-24 15:27:15 [WARNING ] data_fetcher: All external NAV sources exhausted — NAV unavailable
2026-05-24 15:27:15 [WARNING ] data_fetcher: NAV still missing: کیان, پارند, اعتماد, کمند, افران, لبخند, آساس, آفاق, گنجین, خاتم, اوصتا, فردا, گوهر, سخند, سپهر, یاقوت, فیروزا, صایند, همای, حکمت
2026-05-24 15:27:15 [WARNING ] __main__: 1 funds had no data: حکمت
2026-05-24 15:27:15 [WARNING ] arbitrage: Could not analyze کیان: missing data
2026-05-24 15:27:15 [WARNING ] arbitrage: Could not analyze پارند: missing data
2026-05-24 15:27:15 [WARNING ] arbitrage: Could not analyze اعتماد: missing data
2026-05-24 15:27:15 [WARNING ] arbitrage: Could not analyze کمند: missing data
2026-05-24 15:27:15 [WARNING ] arbitrage: Could not analyze افران: missing data
2026-05-24 15:27:15 [WARNING ] arbitrage: Could not analyze لبخند: missing data
2026-05-24 15:27:15 [WARNING ] arbitrage: Could not analyze آساس: missing data
2026-05-24 15:27:15 [WARNING ] arbitrage: Could not analyze آفاق: missing data
2026-05-24 15:27:15 [WARNING ] arbitrage: Could not analyze گنجین: missing data
2026-05-24 15:27:15 [WARNING ] arbitrage: Could not analyze خاتم: missing data
2026-05-24 15:27:15 [WARNING ] arbitrage: Could not analyze اوصتا: missing data
2026-05-24 15:27:15 [WARNING ] arbitrage: Could not analyze فردا: missing data
2026-05-24 15:27:15 [WARNING ] arbitrage: Could not analyze گوهر: missing data
2026-05-24 15:27:15 [WARNING ] arbitrage: Could not analyze سخند: missing data
2026-05-24 15:27:15 [WARNING ] arbitrage: Could not analyze سپهر: missing data
2026-05-24 15:27:15 [WARNING ] arbitrage: Could not analyze یاقوت: missing data
2026-05-24 15:27:15 [WARNING ] arbitrage: Could not analyze فیروزا: missing data
2026-05-24 15:27:15 [WARNING ] arbitrage: Could not analyze صایند: missing data
2026-05-24 15:27:15 [WARNING ] arbitrage: Could not analyze همای: missing data
2026-05-24 15:27:15 [WARNING ] arbitrage: Could not analyze حکمت: missing data
