2026-05-24 15:04:46 [INFO    ] __main__: Log file: C:\Users\Part Laptop\RiskFree_Arbitrage\logs\run_20260524_150446.log
2026-05-24 15:04:46 [INFO    ] data_fetcher: Fetching price data from TSETMC...
2026-05-24 15:04:46 [INFO    ] data_fetcher: [1/20] Fetching کیان ...
2026-05-24 15:04:46 [DEBUG   ] urllib3.connectionpool: Starting new HTTPS connection (1): cdn.tsetmc.com:443
2026-05-24 15:04:47 [DEBUG   ] urllib3.connectionpool: https://cdn.tsetmc.com:443 "GET /api/ClosingPrice/GetClosingPriceInfo/46348559193224090 HTTP/1.1" 200 None
2026-05-24 15:04:47 [DEBUG   ] data_fetcher: ClosingPriceInfo top-level keys for 46348559193224090: ['closingPriceInfo']
2026-05-24 15:04:47 [DEBUG   ] data_fetcher: ClosingPriceInfo fields for 46348559193224090: {'instrumentState': {'idn': 0, 'dEven': 0, 'hEven': 0, 'insCode': None, 'lVal18AFC': None, 'lVal30': None, 'cEtaval': 'IS', 'realHeven': 0, 'underSupervision': 0, 'cEtavalTitle': 'ممنوع-متوقف'}, 'lastHEven': 61102, 'finalLastDate': 20260228, 'priceYesterday': 2604.0, 'insCode': '0', 'dEven': 20260524, 'hEven': 61102, 'pClosing': 2604.0, 'pDrCotVal': 2526.0}
2026-05-24 15:04:47 [DEBUG   ] urllib3.connectionpool: https://cdn.tsetmc.com:443 "GET /api/Instrument/GetInstrumentInfo/46348559193224090 HTTP/1.1" 200 None
2026-05-24 15:04:47 [DEBUG   ] data_fetcher: InstrumentInfo top-level keys for 46348559193224090: ['instrumentInfo']
2026-05-24 15:04:47 [DEBUG   ] data_fetcher: InstrumentInfo non-zero fields for 46348559193224090: {'eps': {'epsValue': None, 'estimatedEPS': '389', 'sectorPE': 10.65, 'psr': 1710.7039}, 'sector': {'dEven': 0, 'cSecVal': '27 ', 'lSecVal': 'فلزات اساسي'}, 'staticThreshold': {'insCode': None, 'dEven': 0, 'hEven': 0, 'psGelStaMax': 2682.0, 'psGelStaMin': 2526.0}, 'minYear': 2010.0, 'maxYear': 4490.0, 'kAjCapValCpsIdx': '36', 'dEven': 20260524, 'lVal18': 'S*Mobarakeh Steel', 'yVal': '300', 'insCode': '46348559193224090', 'lVal30': 'فولاد مباركه اصفهان', 'lVal18AFC': 'فولاد', 'flow': 1, 'cIsin': 'IRO1FOLD0009', 'zTitad': 1935000000000.0, 'baseVol': 1, 'instrumentID': 'IRO1FOLD0001', 'cgrValCot': 'N1', 'cComVal': '1', 'sourceID': 1, 'flowTitle': 'بازار بورس', 'cgrValCotTitle': 'بازار اول (تابلوی اصلی) بورس'}
2026-05-24 15:04:47 [DEBUG   ] urllib3.connectionpool: Starting new HTTPS connection (1): www.tsetmc.com:443
2026-05-24 15:04:47 [DEBUG   ] urllib3.connectionpool: https://www.tsetmc.com:443 "GET /Loader.aspx?ParTree=15131W&i=46348559193224090 HTTP/1.1" 200 824
2026-05-24 15:04:47 [DEBUG   ] data_fetcher: Loader API for 46348559193224090: 824 bytes, preview: <!doctype html><html lang="en"><head><meta charset="utf-8"/><link rel="icon" href="/favicon.ico?v=2"
2026-05-24 15:04:47 [DEBUG   ] urllib3.connectionpool: https://cdn.tsetmc.com:443 "GET /api/ETF/ETFByInsCode/46348559193224090 HTTP/1.1" 200 824
2026-05-24 15:04:47 [DEBUG   ] urllib3.connectionpool: https://cdn.tsetmc.com:443 "GET /api/ETF/GetETFByInsCode/46348559193224090 HTTP/1.1" 200 824
2026-05-24 15:04:48 [DEBUG   ] urllib3.connectionpool: https://cdn.tsetmc.com:443 "GET /api/ETF/GetETFInfo/46348559193224090 HTTP/1.1" 200 824
2026-05-24 15:04:48 [DEBUG   ] urllib3.connectionpool: https://cdn.tsetmc.com:443 "GET /api/Fund/GetFundInfo/46348559193224090 HTTP/1.1" 404 0
2026-05-24 15:04:48 [DEBUG   ] urllib3.connectionpool: https://cdn.tsetmc.com:443 "GET /api/Fund/GetFund/46348559193224090 HTTP/1.1" 404 0
2026-05-24 15:04:48 [DEBUG   ] urllib3.connectionpool: https://cdn.tsetmc.com:443 "GET /api/Fund/GetFundLastInfo/46348559193224090 HTTP/1.1" 404 0
2026-05-24 15:04:48 [DEBUG   ] urllib3.connectionpool: https://cdn.tsetmc.com:443 "GET /api/Fund/GetMutualFundByInsCode/46348559193224090 HTTP/1.1" 404 0
2026-05-24 15:04:48 [DEBUG   ] urllib3.connectionpool: https://cdn.tsetmc.com:443 "GET /api/Fund/FundInfo/46348559193224090 HTTP/1.1" 404 0
2026-05-24 15:04:48 [DEBUG   ] urllib3.connectionpool: https://cdn.tsetmc.com:443 "GET /api/Fund/FundData/46348559193224090 HTTP/1.1" 404 0
2026-05-24 15:04:48 [DEBUG   ] urllib3.connectionpool: https://cdn.tsetmc.com:443 "GET /api/ETF/ETFList HTTP/1.1" 200 824
2026-05-24 15:04:48 [DEBUG   ] urllib3.connectionpool: https://www.tsetmc.com:443 "GET /instrument/46348559193224090 HTTP/1.1" 200 824
2026-05-24 15:04:48 [DEBUG   ] data_fetcher:   HTML page for 46348559193224090: 824 bytes
2026-05-24 15:04:48 [DEBUG   ] data_fetcher:   No NAV found in TSETMC HTML for ins_code=46348559193224090
2026-05-24 15:04:48 [DEBUG   ] urllib3.connectionpool: https://cdn.tsetmc.com:443 "GET /api/StaticThreshold/GetStaticThreshold/46348559193224090/0 HTTP/1.1" 200 824
2026-05-24 15:04:48 [DEBUG   ] data_fetcher:   No NAV found for ins_code=46348559193224090
2026-05-24 15:04:48 [DEBUG   ] urllib3.connectionpool: https://cdn.tsetmc.com:443 "GET /api/BestLimits/46348559193224090 HTTP/1.1" 200 None
2026-05-24 15:04:48 [INFO    ] data_fetcher: [2/20] Fetching پارند ...
2026-05-24 15:04:48 [DEBUG   ] urllib3.connectionpool: https://cdn.tsetmc.com:443 "GET /api/ClosingPrice/GetClosingPriceInfo/28320293733348826 HTTP/1.1" 200 None
2026-05-24 15:04:48 [DEBUG   ] data_fetcher: ClosingPriceInfo top-level keys for 28320293733348826: ['closingPriceInfo']
2026-05-24 15:04:48 [DEBUG   ] data_fetcher: ClosingPriceInfo fields for 28320293733348826: {'instrumentState': {'idn': 0, 'dEven': 0, 'hEven': 0, 'insCode': None, 'lVal18AFC': None, 'lVal30': None, 'cEtaval': 'A ', 'realHeven': 0, 'underSupervision': 0, 'cEtavalTitle': 'مجاز'}, 'lastHEven': 132913, 'finalLastDate': 20260524, 'priceMin': 527.0, 'priceMax': 527.0, 'priceYesterday': 512.0, 'priceFirst': 527.0, 'insCode': '0', 'dEven': 20260524, 'hEven': 132913, 'pClosing': 527.0, 'pDrCotVal': 527.0, 'zTotTran': 3492.0, 'qTotTran5J': 634723099.0, 'qTotCap': 334499073173.0}
2026-05-24 15:04:49 [DEBUG   ] urllib3.connectionpool: https://cdn.tsetmc.com:443 "GET /api/Instrument/GetInstrumentInfo/28320293733348826 HTTP/1.1" 200 None
2026-05-24 15:04:49 [DEBUG   ] data_fetcher: InstrumentInfo top-level keys for 28320293733348826: ['instrumentInfo']
2026-05-24 15:04:49 [DEBUG   ] data_fetcher: InstrumentInfo non-zero fields for 28320293733348826: {'eps': {'epsValue': None, 'estimatedEPS': '66', 'sectorPE': 3.11, 'psr': 0.0}, 'sector': {'dEven': 0, 'cSecVal': '57 ', 'lSecVal': 'بانكها و موسسات اعتباري'}, 'staticThreshold': {'insCode': None, 'dEven': 0, 'hEven': 0, 'psGelStaMax': 527.0, 'psGelStaMin': 497.0}, 'minWeek': 469.0, 'maxWeek': 512.0, 'minYear': 418.0, 'maxYear': 716.0, 'qTotTran5JAvg': 176226630.0, 'kAjCapValCpsIdx': '38', 'dEven': 20260524, 'lVal18': 'Saderat Bank', 'yVal': '300', 'insCode': '28320293733348826', 'lVal30': 'بانك صادرات ايران', 'lVal18AFC': 'وبصادر', 'flow': 1, 'cIsin': 'IRO1BSDR0003', 'zTitad': 782353972000.0, 'baseVol': 1, 'instrumentID': 'IRO1BSDR0001', 'cgrValCot': 'N2', 'cComVal': '3', 'sourceID': 1, 'flowTitle': 'بازار بورس', 'cgrValCotTitle': 'بازار دوم (تابلوی فرعی) بورس'}
2026-05-24 15:04:49 [DEBUG   ] urllib3.connectionpool: https://www.tsetmc.com:443 "GET /Loader.aspx?ParTree=15131W&i=28320293733348826 HTTP/1.1" 200 824
2026-05-24 15:04:49 [DEBUG   ] data_fetcher: Loader API for 28320293733348826: 824 bytes, preview: <!doctype html><html lang="en"><head><meta charset="utf-8"/><link rel="icon" href="/favicon.ico?v=2"
2026-05-24 15:04:49 [DEBUG   ] urllib3.connectionpool: https://cdn.tsetmc.com:443 "GET /api/ETF/ETFByInsCode/28320293733348826 HTTP/1.1" 200 824
2026-05-24 15:04:49 [DEBUG   ] urllib3.connectionpool: https://cdn.tsetmc.com:443 "GET /api/ETF/GetETFByInsCode/28320293733348826 HTTP/1.1" 200 824
2026-05-24 15:04:49 [DEBUG   ] urllib3.connectionpool: https://cdn.tsetmc.com:443 "GET /api/ETF/GetETFInfo/28320293733348826 HTTP/1.1" 200 824
2026-05-24 15:04:49 [DEBUG   ] urllib3.connectionpool: https://cdn.tsetmc.com:443 "GET /api/Fund/GetFundInfo/28320293733348826 HTTP/1.1" 404 0
2026-05-24 15:04:49 [DEBUG   ] urllib3.connectionpool: https://cdn.tsetmc.com:443 "GET /api/Fund/GetFund/28320293733348826 HTTP/1.1" 404 0
2026-05-24 15:04:49 [DEBUG   ] urllib3.connectionpool: https://cdn.tsetmc.com:443 "GET /api/Fund/GetFundLastInfo/28320293733348826 HTTP/1.1" 404 0
2026-05-24 15:04:49 [DEBUG   ] urllib3.connectionpool: https://cdn.tsetmc.com:443 "GET /api/Fund/GetMutualFundByInsCode/28320293733348826 HTTP/1.1" 404 0
2026-05-24 15:04:49 [DEBUG   ] urllib3.connectionpool: https://cdn.tsetmc.com:443 "GET /api/Fund/FundInfo/28320293733348826 HTTP/1.1" 404 0
2026-05-24 15:04:49 [DEBUG   ] urllib3.connectionpool: https://cdn.tsetmc.com:443 "GET /api/Fund/FundData/28320293733348826 HTTP/1.1" 404 0
2026-05-24 15:04:49 [DEBUG   ] urllib3.connectionpool: https://www.tsetmc.com:443 "GET /instrument/28320293733348826 HTTP/1.1" 200 824
2026-05-24 15:04:49 [DEBUG   ] data_fetcher:   HTML page for 28320293733348826: 824 bytes
2026-05-24 15:04:49 [DEBUG   ] data_fetcher:   No NAV found in TSETMC HTML for ins_code=28320293733348826
2026-05-24 15:04:49 [DEBUG   ] urllib3.connectionpool: https://cdn.tsetmc.com:443 "GET /api/StaticThreshold/GetStaticThreshold/28320293733348826/0 HTTP/1.1" 200 824
2026-05-24 15:04:49 [DEBUG   ] data_fetcher:   No NAV found for ins_code=28320293733348826
2026-05-24 15:04:49 [DEBUG   ] urllib3.connectionpool: https://cdn.tsetmc.com:443 "GET /api/BestLimits/28320293733348826 HTTP/1.1" 200 None
2026-05-24 15:04:50 [INFO    ] data_fetcher: [3/20] Fetching سپهر ...
2026-05-24 15:04:50 [DEBUG   ] urllib3.connectionpool: https://cdn.tsetmc.com:443 "GET /api/ClosingPrice/GetClosingPriceInfo/65883838195688438 HTTP/1.1" 200 None
2026-05-24 15:04:50 [DEBUG   ] data_fetcher: ClosingPriceInfo top-level keys for 65883838195688438: ['closingPriceInfo']
2026-05-24 15:04:50 [DEBUG   ] data_fetcher: ClosingPriceInfo fields for 65883838195688438: {'instrumentState': {'idn': 0, 'dEven': 0, 'hEven': 0, 'insCode': None, 'lVal18AFC': None, 'lVal30': None, 'cEtaval': 'A ', 'realHeven': 0, 'underSupervision': 0, 'cEtavalTitle': 'مجاز'}, 'lastHEven': 132755, 'finalLastDate': 20260524, 'priceMin': 477.0, 'priceMax': 477.0, 'priceYesterday': 464.0, 'priceFirst': 477.0, 'insCode': '0', 'dEven': 20260524, 'hEven': 132755, 'pClosing': 477.0, 'pDrCotVal': 477.0, 'zTotTran': 4590.0, 'qTotTran5J': 818325650.0, 'qTotCap': 390341335050.0}
2026-05-24 15:04:50 [DEBUG   ] urllib3.connectionpool: https://cdn.tsetmc.com:443 "GET /api/Instrument/GetInstrumentInfo/65883838195688438 HTTP/1.1" 200 None
2026-05-24 15:04:50 [DEBUG   ] data_fetcher: InstrumentInfo top-level keys for 65883838195688438: ['instrumentInfo']
2026-05-24 15:04:50 [DEBUG   ] data_fetcher: InstrumentInfo non-zero fields for 65883838195688438: {'eps': {'epsValue': None, 'estimatedEPS': '-84', 'sectorPE': -12.7, 'psr': 1956.4255}, 'sector': {'dEven': 0, 'cSecVal': '34 ', 'lSecVal': 'خودرو و ساخت قطعات'}, 'staticThreshold': {'insCode': None, 'dEven': 0, 'hEven': 0, 'psGelStaMax': 477.0, 'psGelStaMin': 451.0}, 'minWeek': 446.0, 'maxWeek': 469.0, 'minYear': 367.0, 'maxYear': 670.0, 'qTotTran5JAvg': 775540636.0, 'kAjCapValCpsIdx': '38', 'dEven': 20260524, 'topInst': 1, 'lVal18': 'Iran Khodro', 'yVal': '300', 'insCode': '65883838195688438', 'lVal30': 'ايران\u200c خودرو', 'lVal18AFC': 'خودرو', 'flow': 1, 'cIsin': 'IRO1IKCO0008', 'zTitad': 2563746068000.0, 'baseVol': 1, 'instrumentID': 'IRO1IKCO0001', 'cgrValCot': 'N2', 'cComVal': '3', 'sourceID': 1, 'flowTitle': 'بازار بورس', 'cgrValCotTitle': 'بازار دوم (تابلوی فرعی) بورس'}
2026-05-24 15:04:50 [DEBUG   ] urllib3.connectionpool: https://www.tsetmc.com:443 "GET /Loader.aspx?ParTree=15131W&i=65883838195688438 HTTP/1.1" 200 824
2026-05-24 15:04:50 [DEBUG   ] data_fetcher: Loader API for 65883838195688438: 824 bytes, preview: <!doctype html><html lang="en"><head><meta charset="utf-8"/><link rel="icon" href="/favicon.ico?v=2"
2026-05-24 15:04:50 [DEBUG   ] urllib3.connectionpool: https://cdn.tsetmc.com:443 "GET /api/ETF/ETFByInsCode/65883838195688438 HTTP/1.1" 200 824
2026-05-24 15:04:50 [DEBUG   ] urllib3.connectionpool: https://cdn.tsetmc.com:443 "GET /api/ETF/GetETFByInsCode/65883838195688438 HTTP/1.1" 200 824
2026-05-24 15:04:50 [DEBUG   ] urllib3.connectionpool: https://cdn.tsetmc.com:443 "GET /api/ETF/GetETFInfo/65883838195688438 HTTP/1.1" 200 824
2026-05-24 15:04:50 [DEBUG   ] urllib3.connectionpool: https://cdn.tsetmc.com:443 "GET /api/Fund/GetFundInfo/65883838195688438 HTTP/1.1" 404 0
2026-05-24 15:04:50 [DEBUG   ] urllib3.connectionpool: https://cdn.tsetmc.com:443 "GET /api/Fund/GetFund/65883838195688438 HTTP/1.1" 404 0
2026-05-24 15:04:50 [DEBUG   ] urllib3.connectionpool: https://cdn.tsetmc.com:443 "GET /api/Fund/GetFundLastInfo/65883838195688438 HTTP/1.1" 404 0
2026-05-24 15:04:50 [DEBUG   ] urllib3.connectionpool: https://cdn.tsetmc.com:443 "GET /api/Fund/GetMutualFundByInsCode/65883838195688438 HTTP/1.1" 404 0
2026-05-24 15:04:50 [DEBUG   ] urllib3.connectionpool: https://cdn.tsetmc.com:443 "GET /api/Fund/FundInfo/65883838195688438 HTTP/1.1" 404 0
2026-05-24 15:04:50 [DEBUG   ] urllib3.connectionpool: https://cdn.tsetmc.com:443 "GET /api/Fund/FundData/65883838195688438 HTTP/1.1" 404 0
2026-05-24 15:04:50 [DEBUG   ] urllib3.connectionpool: https://www.tsetmc.com:443 "GET /instrument/65883838195688438 HTTP/1.1" 200 824
2026-05-24 15:04:50 [DEBUG   ] data_fetcher:   HTML page for 65883838195688438: 824 bytes
2026-05-24 15:04:50 [DEBUG   ] data_fetcher:   No NAV found in TSETMC HTML for ins_code=65883838195688438
2026-05-24 15:04:50 [DEBUG   ] urllib3.connectionpool: https://cdn.tsetmc.com:443 "GET /api/StaticThreshold/GetStaticThreshold/65883838195688438/0 HTTP/1.1" 200 824
2026-05-24 15:04:50 [DEBUG   ] data_fetcher:   No NAV found for ins_code=65883838195688438
2026-05-24 15:04:51 [DEBUG   ] urllib3.connectionpool: https://cdn.tsetmc.com:443 "GET /api/BestLimits/65883838195688438 HTTP/1.1" 200 None
2026-05-24 15:04:51 [INFO    ] data_fetcher: [4/20] Fetching اعتماد ...
2026-05-24 15:04:51 [DEBUG   ] urllib3.connectionpool: https://cdn.tsetmc.com:443 "GET /api/ClosingPrice/GetClosingPriceInfo/7745894403636165 HTTP/1.1" 200 None
2026-05-24 15:04:51 [DEBUG   ] data_fetcher: ClosingPriceInfo top-level keys for 7745894403636165: ['closingPriceInfo']
2026-05-24 15:04:51 [DEBUG   ] data_fetcher: ClosingPriceInfo fields for 7745894403636165: {'instrumentState': {'idn': 0, 'dEven': 0, 'hEven': 0, 'insCode': None, 'lVal18AFC': None, 'lVal30': None, 'cEtaval': 'A ', 'realHeven': 0, 'underSupervision': 0, 'cEtavalTitle': 'مجاز'}, 'lastHEven': 132719, 'finalLastDate': 20260524, 'priceMin': 5470.0, 'priceMax': 5470.0, 'priceYesterday': 5320.0, 'priceFirst': 5470.0, 'insCode': '0', 'dEven': 20260524, 'hEven': 132719, 'pClosing': 5470.0, 'pDrCotVal': 5470.0, 'zTotTran': 1820.0, 'qTotTran5J': 144512793.0, 'qTotCap': 790484977710.0}
2026-05-24 15:04:51 [DEBUG   ] urllib3.connectionpool: https://cdn.tsetmc.com:443 "GET /api/Instrument/GetInstrumentInfo/7745894403636165 HTTP/1.1" 200 None
2026-05-24 15:04:51 [DEBUG   ] data_fetcher: InstrumentInfo top-level keys for 7745894403636165: ['instrumentInfo']
2026-05-24 15:04:51 [DEBUG   ] data_fetcher: InstrumentInfo non-zero fields for 7745894403636165: {'eps': {'epsValue': None, 'estimatedEPS': '1152', 'sectorPE': 4.43, 'psr': 16791.064}, 'sector': {'dEven': 0, 'cSecVal': '23 ', 'lSecVal': 'فراورده هاي نفتي، كك و سوخت هسته اي'}, 'staticThreshold': {'insCode': None, 'dEven': 0, 'hEven': 0, 'psGelStaMax': 5470.0, 'psGelStaMin': 5170.0}, 'minWeek': 5000.0, 'maxWeek': 5320.0, 'minYear': 2930.0, 'maxYear': 8220.0, 'qTotTran5JAvg': 91213414.0, 'kAjCapValCpsIdx': '42', 'dEven': 20260524, 'topInst': 1, 'lVal18': 'S*Isf. Oil Ref.Co.', 'yVal': '300', 'insCode': '7745894403636165', 'lVal30': 'پالايش نفت اصفهان', 'lVal18AFC': 'شپنا', 'flow': 1, 'cIsin': 'IRO1PNES0000', 'zTitad': 627234213000.0, 'baseVol': 1, 'instrumentID': 'IRO1PNES0001', 'cgrValCot': 'N1', 'cComVal': '1', 'sourceID': 1, 'flowTitle': 'بازار بورس', 'cgrValCotTitle': 'بازار اول (تابلوی اصلی) بورس'}
2026-05-24 15:04:51 [DEBUG   ] urllib3.connectionpool: https://www.tsetmc.com:443 "GET /Loader.aspx?ParTree=15131W&i=7745894403636165 HTTP/1.1" 200 824
2026-05-24 15:04:51 [DEBUG   ] data_fetcher: Loader API for 7745894403636165: 824 bytes, preview: <!doctype html><html lang="en"><head><meta charset="utf-8"/><link rel="icon" href="/favicon.ico?v=2"
2026-05-24 15:04:51 [DEBUG   ] urllib3.connectionpool: https://cdn.tsetmc.com:443 "GET /api/ETF/ETFByInsCode/7745894403636165 HTTP/1.1" 200 824
2026-05-24 15:04:51 [DEBUG   ] urllib3.connectionpool: https://cdn.tsetmc.com:443 "GET /api/ETF/GetETFByInsCode/7745894403636165 HTTP/1.1" 200 824
2026-05-24 15:04:51 [DEBUG   ] urllib3.connectionpool: https://cdn.tsetmc.com:443 "GET /api/ETF/GetETFInfo/7745894403636165 HTTP/1.1" 200 824
2026-05-24 15:04:51 [DEBUG   ] urllib3.connectionpool: https://cdn.tsetmc.com:443 "GET /api/Fund/GetFundInfo/7745894403636165 HTTP/1.1" 404 0
2026-05-24 15:04:51 [DEBUG   ] urllib3.connectionpool: https://cdn.tsetmc.com:443 "GET /api/Fund/GetFund/7745894403636165 HTTP/1.1" 404 0
2026-05-24 15:04:51 [DEBUG   ] urllib3.connectionpool: https://cdn.tsetmc.com:443 "GET /api/Fund/GetFundLastInfo/7745894403636165 HTTP/1.1" 404 0
2026-05-24 15:04:52 [DEBUG   ] urllib3.connectionpool: https://cdn.tsetmc.com:443 "GET /api/Fund/GetMutualFundByInsCode/7745894403636165 HTTP/1.1" 404 0
2026-05-24 15:04:52 [DEBUG   ] urllib3.connectionpool: https://cdn.tsetmc.com:443 "GET /api/Fund/FundInfo/7745894403636165 HTTP/1.1" 404 0
2026-05-24 15:04:52 [DEBUG   ] urllib3.connectionpool: https://cdn.tsetmc.com:443 "GET /api/Fund/FundData/7745894403636165 HTTP/1.1" 404 0
2026-05-24 15:04:52 [DEBUG   ] urllib3.connectionpool: https://www.tsetmc.com:443 "GET /instrument/7745894403636165 HTTP/1.1" 200 824
2026-05-24 15:04:52 [DEBUG   ] data_fetcher:   HTML page for 7745894403636165: 824 bytes
2026-05-24 15:04:52 [DEBUG   ] data_fetcher:   No NAV found in TSETMC HTML for ins_code=7745894403636165
2026-05-24 15:04:52 [DEBUG   ] urllib3.connectionpool: https://cdn.tsetmc.com:443 "GET /api/StaticThreshold/GetStaticThreshold/7745894403636165/0 HTTP/1.1" 200 824
2026-05-24 15:04:52 [DEBUG   ] data_fetcher:   No NAV found for ins_code=7745894403636165
2026-05-24 15:04:52 [DEBUG   ] urllib3.connectionpool: https://cdn.tsetmc.com:443 "GET /api/BestLimits/7745894403636165 HTTP/1.1" 200 None
2026-05-24 15:04:52 [INFO    ] data_fetcher: [5/20] Fetching کمند ...
2026-05-24 15:04:52 [DEBUG   ] urllib3.connectionpool: https://cdn.tsetmc.com:443 "GET /api/ClosingPrice/GetClosingPriceInfo/34718633636164421 HTTP/1.1" 200 None
2026-05-24 15:04:52 [DEBUG   ] data_fetcher: ClosingPriceInfo top-level keys for 34718633636164421: ['closingPriceInfo']
2026-05-24 15:04:52 [DEBUG   ] data_fetcher: ClosingPriceInfo fields for 34718633636164421: {'instrumentState': {'idn': 0, 'dEven': 0, 'hEven': 0, 'insCode': None, 'lVal18AFC': None, 'lVal30': None, 'cEtaval': 'A ', 'realHeven': 0, 'underSupervision': 0, 'cEtavalTitle': 'مجاز'}, 'lastHEven': 145941, 'finalLastDate': 20260524, 'priceMin': 10162.0, 'priceMax': 10163.0, 'priceYesterday': 10152.0, 'priceFirst': 10162.0, 'insCode': '0', 'dEven': 20260524, 'hEven': 145941, 'pClosing': 10162.0, 'pDrCotVal': 10163.0, 'zTotTran': 1382.0, 'qTotTran5J': 154725894.0, 'qTotCap': 1572364912502.0}
2026-05-24 15:04:52 [DEBUG   ] urllib3.connectionpool: https://cdn.tsetmc.com:443 "GET /api/Instrument/GetInstrumentInfo/34718633636164421 HTTP/1.1" 200 None
2026-05-24 15:04:52 [DEBUG   ] data_fetcher: InstrumentInfo top-level keys for 34718633636164421: ['instrumentInfo']
2026-05-24 15:04:52 [DEBUG   ] data_fetcher: InstrumentInfo non-zero fields for 34718633636164421: {'eps': {'epsValue': None, 'estimatedEPS': None, 'sectorPE': 0.0, 'psr': 0.0}, 'sector': {'dEven': 0, 'cSecVal': '68 ', 'lSecVal': 'صندوق سرمايه گذاري قابل معامله'}, 'staticThreshold': {'insCode': None, 'dEven': 0, 'hEven': 0, 'psGelStaMax': 10456.0, 'psGelStaMin': 9848.0}, 'minWeek': 10123.0, 'maxWeek': 10153.0, 'minYear': 10000.0, 'maxYear': 10274.0, 'qTotTran5JAvg': 246704726.0, 'dEven': 20260524, 'faraDesc': 'نوع صندوق: در اوراق بهادار با درآمد ثابت', 'etfIssuedUnit': 7716800000.0, 'etfUnitDeven': 20260523, 'lVal18': 'Kamand ETF', 'yVal': '305', 'insCode': '34718633636164421', 'lVal30': 'صندوق س. با درآمد ثابت كمند', 'lVal18AFC': 'كمند', 'flow': 1, 'cIsin': 'IRT1KMND0001', 'zTitad': 10000000000.0, 'baseVol': 1, 'instrumentID': 'IRT1KMND0001', 'cgrValCot': 'H1', 'cComVal': '4', 'sourceID': 1, 'flowTitle': 'بازار بورس', 'cgrValCotTitle': 'بازار صندوق های قابل معامله'}
2026-05-24 15:04:52 [DEBUG   ] urllib3.connectionpool: https://www.tsetmc.com:443 "GET /Loader.aspx?ParTree=15131W&i=34718633636164421 HTTP/1.1" 200 824
2026-05-24 15:04:52 [DEBUG   ] data_fetcher: Loader API for 34718633636164421: 824 bytes, preview: <!doctype html><html lang="en"><head><meta charset="utf-8"/><link rel="icon" href="/favicon.ico?v=2"
2026-05-24 15:04:53 [DEBUG   ] urllib3.connectionpool: https://cdn.tsetmc.com:443 "GET /api/ETF/ETFByInsCode/34718633636164421 HTTP/1.1" 200 824
2026-05-24 15:04:53 [DEBUG   ] urllib3.connectionpool: https://cdn.tsetmc.com:443 "GET /api/ETF/GetETFByInsCode/34718633636164421 HTTP/1.1" 200 824
2026-05-24 15:04:53 [DEBUG   ] urllib3.connectionpool: https://cdn.tsetmc.com:443 "GET /api/ETF/GetETFInfo/34718633636164421 HTTP/1.1" 200 824
2026-05-24 15:04:53 [DEBUG   ] urllib3.connectionpool: https://cdn.tsetmc.com:443 "GET /api/Fund/GetFundInfo/34718633636164421 HTTP/1.1" 404 0
2026-05-24 15:04:53 [DEBUG   ] urllib3.connectionpool: https://cdn.tsetmc.com:443 "GET /api/Fund/GetFund/34718633636164421 HTTP/1.1" 404 0
2026-05-24 15:04:53 [DEBUG   ] urllib3.connectionpool: https://cdn.tsetmc.com:443 "GET /api/Fund/GetFundLastInfo/34718633636164421 HTTP/1.1" 404 0
2026-05-24 15:04:53 [DEBUG   ] urllib3.connectionpool: https://cdn.tsetmc.com:443 "GET /api/Fund/GetMutualFundByInsCode/34718633636164421 HTTP/1.1" 404 0
2026-05-24 15:04:53 [DEBUG   ] urllib3.connectionpool: https://cdn.tsetmc.com:443 "GET /api/Fund/FundInfo/34718633636164421 HTTP/1.1" 404 0
2026-05-24 15:04:53 [DEBUG   ] urllib3.connectionpool: https://cdn.tsetmc.com:443 "GET /api/Fund/FundData/34718633636164421 HTTP/1.1" 404 0
2026-05-24 15:04:53 [DEBUG   ] urllib3.connectionpool: https://www.tsetmc.com:443 "GET /instrument/34718633636164421 HTTP/1.1" 200 824
2026-05-24 15:04:53 [DEBUG   ] data_fetcher:   HTML page for 34718633636164421: 824 bytes
2026-05-24 15:04:53 [DEBUG   ] data_fetcher:   No NAV found in TSETMC HTML for ins_code=34718633636164421
2026-05-24 15:04:53 [DEBUG   ] urllib3.connectionpool: https://cdn.tsetmc.com:443 "GET /api/StaticThreshold/GetStaticThreshold/34718633636164421/0 HTTP/1.1" 200 824
2026-05-24 15:04:53 [DEBUG   ] data_fetcher:   No NAV found for ins_code=34718633636164421
2026-05-24 15:04:53 [DEBUG   ] urllib3.connectionpool: https://cdn.tsetmc.com:443 "GET /api/BestLimits/34718633636164421 HTTP/1.1" 200 None
2026-05-24 15:04:53 [INFO    ] data_fetcher: [6/20] Fetching افران ...
2026-05-24 15:04:53 [DEBUG   ] urllib3.connectionpool: https://cdn.tsetmc.com:443 "GET /api/ClosingPrice/GetClosingPriceInfo/3846143218462419 HTTP/1.1" 200 None
2026-05-24 15:04:53 [DEBUG   ] data_fetcher: ClosingPriceInfo top-level keys for 3846143218462419: ['closingPriceInfo']
2026-05-24 15:04:53 [DEBUG   ] data_fetcher: ClosingPriceInfo fields for 3846143218462419: {'instrumentState': {'idn': 0, 'dEven': 0, 'hEven': 0, 'insCode': None, 'lVal18AFC': None, 'lVal30': None, 'cEtaval': 'A ', 'realHeven': 0, 'underSupervision': 0, 'cEtavalTitle': 'مجاز'}, 'lastHEven': 145959, 'finalLastDate': 20260524, 'priceMin': 48336.0, 'priceMax': 48337.0, 'priceYesterday': 48271.0, 'priceFirst': 48336.0, 'insCode': '0', 'dEven': 20260524, 'hEven': 145959, 'pClosing': 48336.0, 'pDrCotVal': 48336.0, 'zTotTran': 11739.0, 'qTotTran5J': 357923580.0, 'qTotCap': 17300691788811.0}
2026-05-24 15:04:54 [DEBUG   ] urllib3.connectionpool: https://cdn.tsetmc.com:443 "GET /api/Instrument/GetInstrumentInfo/3846143218462419 HTTP/1.1" 200 None
2026-05-24 15:04:54 [DEBUG   ] data_fetcher: InstrumentInfo top-level keys for 3846143218462419: ['instrumentInfo']
2026-05-24 15:04:54 [DEBUG   ] data_fetcher: InstrumentInfo non-zero fields for 3846143218462419: {'eps': {'epsValue': None, 'estimatedEPS': None, 'sectorPE': 0.0, 'psr': 0.0}, 'sector': {'dEven': 0, 'cSecVal': '68 ', 'lSecVal': 'صندوق سرمايه گذاري قابل معامله'}, 'staticThreshold': {'insCode': None, 'dEven': 0, 'hEven': 0, 'psGelStaMax': 49719.0, 'psGelStaMin': 46823.0}, 'minWeek': 48136.0, 'maxWeek': 48272.0, 'minYear': 35267.0, 'maxYear': 48272.0, 'qTotTran5JAvg': 343152103.0, 'dEven': 20260524, 'faraDesc': 'نوع صندوق: در اوراق بهادار با درآمد ثابت', 'etfIssuedUnit': 7757999010.0, 'etfUnitDeven': 20260523, 'lVal18': 'Afra Namad ETF', 'yVal': '305', 'insCode': '3846143218462419', 'lVal30': 'صندوق س افرا نماد پايدار-ثابت', 'lVal18AFC': 'افران', 'flow': 1, 'cIsin': 'IRT1AFRN0006', 'zTitad': 8540000000.0, 'baseVol': 1, 'instrumentID': 'IRT1AFRN0001', 'cgrValCot': 'H1', 'cComVal': '4', 'sourceID': 1, 'flowTitle': 'بازار بورس', 'cgrValCotTitle': 'بازار صندوق های قابل معامله'}
2026-05-24 15:04:54 [DEBUG   ] urllib3.connectionpool: https://www.tsetmc.com:443 "GET /Loader.aspx?ParTree=15131W&i=3846143218462419 HTTP/1.1" 200 824
2026-05-24 15:04:54 [DEBUG   ] data_fetcher: Loader API for 3846143218462419: 824 bytes, preview: <!doctype html><html lang="en"><head><meta charset="utf-8"/><link rel="icon" href="/favicon.ico?v=2"
2026-05-24 15:04:54 [DEBUG   ] urllib3.connectionpool: https://cdn.tsetmc.com:443 "GET /api/ETF/ETFByInsCode/3846143218462419 HTTP/1.1" 200 824
2026-05-24 15:04:54 [DEBUG   ] urllib3.connectionpool: https://cdn.tsetmc.com:443 "GET /api/ETF/GetETFByInsCode/3846143218462419 HTTP/1.1" 200 824
2026-05-24 15:04:54 [DEBUG   ] urllib3.connectionpool: https://cdn.tsetmc.com:443 "GET /api/ETF/GetETFInfo/3846143218462419 HTTP/1.1" 200 824
2026-05-24 15:04:54 [DEBUG   ] urllib3.connectionpool: https://cdn.tsetmc.com:443 "GET /api/Fund/GetFundInfo/3846143218462419 HTTP/1.1" 404 0
2026-05-24 15:04:54 [DEBUG   ] urllib3.connectionpool: https://cdn.tsetmc.com:443 "GET /api/Fund/GetFund/3846143218462419 HTTP/1.1" 404 0
2026-05-24 15:04:54 [DEBUG   ] urllib3.connectionpool: https://cdn.tsetmc.com:443 "GET /api/Fund/GetFundLastInfo/3846143218462419 HTTP/1.1" 404 0
2026-05-24 15:04:54 [DEBUG   ] urllib3.connectionpool: https://cdn.tsetmc.com:443 "GET /api/Fund/GetMutualFundByInsCode/3846143218462419 HTTP/1.1" 404 0
2026-05-24 15:04:54 [DEBUG   ] urllib3.connectionpool: https://cdn.tsetmc.com:443 "GET /api/Fund/FundInfo/3846143218462419 HTTP/1.1" 404 0
2026-05-24 15:04:54 [DEBUG   ] urllib3.connectionpool: https://cdn.tsetmc.com:443 "GET /api/Fund/FundData/3846143218462419 HTTP/1.1" 404 0
2026-05-24 15:04:54 [DEBUG   ] urllib3.connectionpool: https://www.tsetmc.com:443 "GET /instrument/3846143218462419 HTTP/1.1" 200 824
2026-05-24 15:04:54 [DEBUG   ] data_fetcher:   HTML page for 3846143218462419: 824 bytes
2026-05-24 15:04:54 [DEBUG   ] data_fetcher:   No NAV found in TSETMC HTML for ins_code=3846143218462419
2026-05-24 15:04:54 [DEBUG   ] urllib3.connectionpool: https://cdn.tsetmc.com:443 "GET /api/StaticThreshold/GetStaticThreshold/3846143218462419/0 HTTP/1.1" 200 824
2026-05-24 15:04:54 [DEBUG   ] data_fetcher:   No NAV found for ins_code=3846143218462419
2026-05-24 15:04:54 [DEBUG   ] urllib3.connectionpool: https://cdn.tsetmc.com:443 "GET /api/BestLimits/3846143218462419 HTTP/1.1" 200 None
2026-05-24 15:04:55 [INFO    ] data_fetcher: [7/20] Fetching لبخند ...
2026-05-24 15:04:55 [DEBUG   ] urllib3.connectionpool: https://cdn.tsetmc.com:443 "GET /api/ClosingPrice/GetClosingPriceInfo/31569200988534548 HTTP/1.1" 200 None
2026-05-24 15:04:55 [DEBUG   ] data_fetcher: ClosingPriceInfo top-level keys for 31569200988534548: ['closingPriceInfo']
2026-05-24 15:04:55 [DEBUG   ] data_fetcher: ClosingPriceInfo fields for 31569200988534548: {'instrumentState': {'idn': 0, 'dEven': 0, 'hEven': 0, 'insCode': None, 'lVal18AFC': None, 'lVal30': None, 'cEtaval': 'A ', 'realHeven': 0, 'underSupervision': 0, 'cEtavalTitle': 'مجاز'}, 'lastHEven': 145959, 'finalLastDate': 20260524, 'priceMin': 27676.0, 'priceMax': 27677.0, 'priceYesterday': 27633.0, 'priceFirst': 27676.0, 'insCode': '0', 'dEven': 20260524, 'hEven': 145959, 'pClosing': 27676.0, 'pDrCotVal': 27677.0, 'zTotTran': 8212.0, 'qTotTran5J': 656381178.0, 'qTotCap': 18166213624017.0}
2026-05-24 15:04:55 [DEBUG   ] urllib3.connectionpool: https://cdn.tsetmc.com:443 "GET /api/Instrument/GetInstrumentInfo/31569200988534548 HTTP/1.1" 200 None
2026-05-24 15:04:55 [DEBUG   ] data_fetcher: InstrumentInfo top-level keys for 31569200988534548: ['instrumentInfo']
2026-05-24 15:04:55 [DEBUG   ] data_fetcher: InstrumentInfo non-zero fields for 31569200988534548: {'eps': {'epsValue': None, 'estimatedEPS': None, 'sectorPE': 273.25, 'psr': 0.0}, 'sector': {'dEven': 0, 'cSecVal': '68 ', 'lSecVal': 'صندوق سرمايه گذاري قابل معامله'}, 'staticThreshold': {'insCode': None, 'dEven': 0, 'hEven': 0, 'psGelStaMax': 28461.0, 'psGelStaMin': 26805.0}, 'minWeek': 27552.0, 'maxWeek': 27634.0, 'minYear': 20220.0, 'maxYear': 27634.0, 'qTotTran5JAvg': 410676381.0, 'dEven': 20260524, 'faraDesc': 'نوع صندوق : در اوراق بهادار با درآمد ثابت', 'etfIssuedUnit': 8530600000.0, 'etfUnitDeven': 20260523, 'lVal18': 'Labkhand ETF', 'yVal': '305', 'insCode': '31569200988534548', 'lVal30': 'صندوق س. لبخند فارابي-د', 'lVal18AFC': 'لبخند', 'flow': 2, 'cIsin': 'IRT3LABF0004', 'zTitad': 8700000000.0, 'baseVol': 1, 'instrumentID': 'IRT3LABF0001', 'cgrValCot': '1A', 'cComVal': '4', 'sourceID': 2, 'flowTitle': 'بازار فرابورس', 'cgrValCotTitle': 'بازار ابزارهاي نوين مالي فرابورس'}
2026-05-24 15:04:55 [DEBUG   ] urllib3.connectionpool: https://www.tsetmc.com:443 "GET /Loader.aspx?ParTree=15131W&i=31569200988534548 HTTP/1.1" 200 824
2026-05-24 15:04:55 [DEBUG   ] data_fetcher: Loader API for 31569200988534548: 824 bytes, preview: <!doctype html><html lang="en"><head><meta charset="utf-8"/><link rel="icon" href="/favicon.ico?v=2"
2026-05-24 15:04:55 [DEBUG   ] urllib3.connectionpool: https://cdn.tsetmc.com:443 "GET /api/ETF/ETFByInsCode/31569200988534548 HTTP/1.1" 200 824
2026-05-24 15:04:55 [DEBUG   ] urllib3.connectionpool: https://cdn.tsetmc.com:443 "GET /api/ETF/GetETFByInsCode/31569200988534548 HTTP/1.1" 200 824
2026-05-24 15:04:55 [DEBUG   ] urllib3.connectionpool: https://cdn.tsetmc.com:443 "GET /api/ETF/GetETFInfo/31569200988534548 HTTP/1.1" 200 824
2026-05-24 15:04:55 [DEBUG   ] urllib3.connectionpool: https://cdn.tsetmc.com:443 "GET /api/Fund/GetFundInfo/31569200988534548 HTTP/1.1" 404 0
2026-05-24 15:04:55 [DEBUG   ] urllib3.connectionpool: https://cdn.tsetmc.com:443 "GET /api/Fund/GetFund/31569200988534548 HTTP/1.1" 404 0
2026-05-24 15:04:55 [DEBUG   ] urllib3.connectionpool: https://cdn.tsetmc.com:443 "GET /api/Fund/GetFundLastInfo/31569200988534548 HTTP/1.1" 404 0
2026-05-24 15:04:55 [DEBUG   ] urllib3.connectionpool: https://cdn.tsetmc.com:443 "GET /api/Fund/GetMutualFundByInsCode/31569200988534548 HTTP/1.1" 404 0
2026-05-24 15:04:55 [DEBUG   ] urllib3.connectionpool: https://cdn.tsetmc.com:443 "GET /api/Fund/FundInfo/31569200988534548 HTTP/1.1" 404 0
2026-05-24 15:04:55 [DEBUG   ] urllib3.connectionpool: https://cdn.tsetmc.com:443 "GET /api/Fund/FundData/31569200988534548 HTTP/1.1" 404 0
2026-05-24 15:04:55 [DEBUG   ] urllib3.connectionpool: https://www.tsetmc.com:443 "GET /instrument/31569200988534548 HTTP/1.1" 200 824
2026-05-24 15:04:55 [DEBUG   ] data_fetcher:   HTML page for 31569200988534548: 824 bytes
2026-05-24 15:04:55 [DEBUG   ] data_fetcher:   No NAV found in TSETMC HTML for ins_code=31569200988534548
2026-05-24 15:04:56 [DEBUG   ] urllib3.connectionpool: https://cdn.tsetmc.com:443 "GET /api/StaticThreshold/GetStaticThreshold/31569200988534548/0 HTTP/1.1" 200 824
2026-05-24 15:04:56 [DEBUG   ] data_fetcher:   No NAV found for ins_code=31569200988534548
2026-05-24 15:04:56 [DEBUG   ] urllib3.connectionpool: https://cdn.tsetmc.com:443 "GET /api/BestLimits/31569200988534548 HTTP/1.1" 200 None
2026-05-24 15:04:56 [INFO    ] data_fetcher: [8/20] Fetching آساس ...
2026-05-24 15:04:56 [DEBUG   ] urllib3.connectionpool: https://cdn.tsetmc.com:443 "GET /api/ClosingPrice/GetClosingPriceInfo/66682662312253625 HTTP/1.1" 200 None
2026-05-24 15:04:56 [DEBUG   ] data_fetcher: ClosingPriceInfo top-level keys for 66682662312253625: ['closingPriceInfo']
2026-05-24 15:04:56 [DEBUG   ] data_fetcher: ClosingPriceInfo fields for 66682662312253625: {'instrumentState': {'idn': 0, 'dEven': 0, 'hEven': 0, 'insCode': None, 'lVal18AFC': None, 'lVal30': None, 'cEtaval': 'A ', 'realHeven': 0, 'underSupervision': 0, 'cEtavalTitle': 'مجاز'}, 'lastHEven': 132903, 'finalLastDate': 20260524, 'priceMin': 59525.0, 'priceMax': 59525.0, 'priceYesterday': 57792.0, 'priceFirst': 59525.0, 'insCode': '0', 'dEven': 20260524, 'hEven': 132903, 'pClosing': 59525.0, 'pDrCotVal': 59525.0, 'zTotTran': 24.0, 'qTotTran5J': 27427.0, 'qTotCap': 1632592175.0}
2026-05-24 15:04:56 [DEBUG   ] urllib3.connectionpool: https://cdn.tsetmc.com:443 "GET /api/Instrument/GetInstrumentInfo/66682662312253625 HTTP/1.1" 200 None
2026-05-24 15:04:56 [DEBUG   ] data_fetcher: InstrumentInfo top-level keys for 66682662312253625: ['instrumentInfo']
2026-05-24 15:04:56 [DEBUG   ] data_fetcher: InstrumentInfo non-zero fields for 66682662312253625: {'eps': {'epsValue': None, 'estimatedEPS': None, 'sectorPE': 273.25, 'psr': 0.0}, 'sector': {'dEven': 0, 'cSecVal': '68 ', 'lSecVal': 'صندوق سرمايه گذاري قابل معامله'}, 'staticThreshold': {'insCode': None, 'dEven': 0, 'hEven': 0, 'psGelStaMax': 59525.0, 'psGelStaMin': 56059.0}, 'minWeek': 56041.0, 'maxWeek': 57792.0, 'minYear': 44108.0, 'maxYear': 70800.0, 'qTotTran5JAvg': 232212.0, 'dEven': 20260524, 'faraDesc': 'نوع صندوق : سهامی', 'etfIssuedUnit': 207939206.0, 'etfUnitDeven': 20260523, 'lVal18': 'Aseman Armani ETF', 'yVal': '305', 'insCode': '66682662312253625', 'lVal30': 'صندوق س.آسمان آرماني سهام-س', 'lVal18AFC': 'آساس', 'flow': 2, 'cIsin': 'IRT3SSAF0008', 'zTitad': 1000000000.0, 'baseVol': 1, 'instrumentID': 'IRT3SSAF0001', 'cgrValCot': 'T1', 'cComVal': '4', 'sourceID': 2, 'flowTitle': 'بازار فرابورس', 'cgrValCotTitle': 'بازار ابزارهاي نوين مالي فرابورس'}
2026-05-24 15:04:56 [DEBUG   ] urllib3.connectionpool: https://www.tsetmc.com:443 "GET /Loader.aspx?ParTree=15131W&i=66682662312253625 HTTP/1.1" 200 824
2026-05-24 15:04:56 [DEBUG   ] data_fetcher: Loader API for 66682662312253625: 824 bytes, preview: <!doctype html><html lang="en"><head><meta charset="utf-8"/><link rel="icon" href="/favicon.ico?v=2"
2026-05-24 15:04:56 [DEBUG   ] urllib3.connectionpool: https://cdn.tsetmc.com:443 "GET /api/ETF/ETFByInsCode/66682662312253625 HTTP/1.1" 200 824
2026-05-24 15:04:56 [DEBUG   ] urllib3.connectionpool: https://cdn.tsetmc.com:443 "GET /api/ETF/GetETFByInsCode/66682662312253625 HTTP/1.1" 200 824
2026-05-24 15:04:56 [DEBUG   ] urllib3.connectionpool: https://cdn.tsetmc.com:443 "GET /api/ETF/GetETFInfo/66682662312253625 HTTP/1.1" 200 824
2026-05-24 15:04:56 [DEBUG   ] urllib3.connectionpool: https://cdn.tsetmc.com:443 "GET /api/Fund/GetFundInfo/66682662312253625 HTTP/1.1" 404 0
2026-05-24 15:04:56 [DEBUG   ] urllib3.connectionpool: https://cdn.tsetmc.com:443 "GET /api/Fund/GetFund/66682662312253625 HTTP/1.1" 404 0
2026-05-24 15:04:57 [DEBUG   ] urllib3.connectionpool: https://cdn.tsetmc.com:443 "GET /api/Fund/GetFundLastInfo/66682662312253625 HTTP/1.1" 404 0
2026-05-24 15:04:57 [DEBUG   ] urllib3.connectionpool: https://cdn.tsetmc.com:443 "GET /api/Fund/GetMutualFundByInsCode/66682662312253625 HTTP/1.1" 404 0
2026-05-24 15:04:57 [DEBUG   ] urllib3.connectionpool: https://cdn.tsetmc.com:443 "GET /api/Fund/FundInfo/66682662312253625 HTTP/1.1" 404 0
2026-05-24 15:04:57 [DEBUG   ] urllib3.connectionpool: https://cdn.tsetmc.com:443 "GET /api/Fund/FundData/66682662312253625 HTTP/1.1" 404 0
2026-05-24 15:04:57 [DEBUG   ] urllib3.connectionpool: https://www.tsetmc.com:443 "GET /instrument/66682662312253625 HTTP/1.1" 200 824
2026-05-24 15:04:57 [DEBUG   ] data_fetcher:   HTML page for 66682662312253625: 824 bytes
2026-05-24 15:04:57 [DEBUG   ] data_fetcher:   No NAV found in TSETMC HTML for ins_code=66682662312253625
2026-05-24 15:04:57 [DEBUG   ] urllib3.connectionpool: https://cdn.tsetmc.com:443 "GET /api/StaticThreshold/GetStaticThreshold/66682662312253625/0 HTTP/1.1" 200 824
2026-05-24 15:04:57 [DEBUG   ] data_fetcher:   No NAV found for ins_code=66682662312253625
2026-05-24 15:04:57 [DEBUG   ] urllib3.connectionpool: https://cdn.tsetmc.com:443 "GET /api/BestLimits/66682662312253625 HTTP/1.1" 200 None
2026-05-24 15:04:57 [INFO    ] data_fetcher: [9/20] Fetching آفاق ...
2026-05-24 15:04:57 [DEBUG   ] urllib3.connectionpool: https://cdn.tsetmc.com:443 "GET /api/ClosingPrice/GetClosingPriceInfo/37073830945037165 HTTP/1.1" 200 None
2026-05-24 15:04:57 [DEBUG   ] data_fetcher: ClosingPriceInfo top-level keys for 37073830945037165: ['closingPriceInfo']
2026-05-24 15:04:57 [DEBUG   ] data_fetcher: ClosingPriceInfo fields for 37073830945037165: {'instrumentState': {'idn': 0, 'dEven': 0, 'hEven': 0, 'insCode': None, 'lVal18AFC': None, 'lVal30': None, 'cEtaval': 'A ', 'realHeven': 0, 'underSupervision': 0, 'cEtavalTitle': 'مجاز'}, 'lastHEven': 145856, 'finalLastDate': 20260524, 'priceMin': 10649.0, 'priceMax': 10650.0, 'priceYesterday': 10635.0, 'priceFirst': 10649.0, 'insCode': '0', 'dEven': 20260524, 'hEven': 145856, 'pClosing': 10649.0, 'pDrCotVal': 10649.0, 'zTotTran': 663.0, 'qTotTran5J': 311268238.0, 'qTotCap': 3314698949031.0}
2026-05-24 15:04:57 [DEBUG   ] urllib3.connectionpool: https://cdn.tsetmc.com:443 "GET /api/Instrument/GetInstrumentInfo/37073830945037165 HTTP/1.1" 200 None
2026-05-24 15:04:57 [DEBUG   ] data_fetcher: InstrumentInfo top-level keys for 37073830945037165: ['instrumentInfo']
2026-05-24 15:04:57 [DEBUG   ] data_fetcher: InstrumentInfo non-zero fields for 37073830945037165: {'eps': {'epsValue': None, 'estimatedEPS': None, 'sectorPE': 0.0, 'psr': 0.0}, 'sector': {'dEven': 0, 'cSecVal': '68 ', 'lSecVal': 'صندوق سرمايه گذاري قابل معامله'}, 'staticThreshold': {'insCode': None, 'dEven': 0, 'hEven': 0, 'psGelStaMax': 10954.0, 'psGelStaMin': 10316.0}, 'minWeek': 10605.0, 'maxWeek': 10636.0, 'minYear': 10008.0, 'maxYear': 10636.0, 'qTotTran5JAvg': 184335692.0, 'dEven': 20260524, 'faraDesc': 'نوع صندوق: در اوراق بهادار با درآمد ثابت', 'etfIssuedUnit': 2832436078.0, 'etfUnitDeven': 20260523, 'lVal18': 'AFAGH ETF Sabet', 'yVal': '305', 'insCode': '37073830945037165', 'lVal30': 'صندوق س نوع دوم افق آتي-ثابت', 'lVal18AFC': 'آفاق', 'flow': 1, 'cIsin': 'IRT1AFAG0004', 'zTitad': 4000000000.0, 'baseVol': 1, 'instrumentID': 'IRT1AFAG0001', 'cgrValCot': 'H1', 'cComVal': '4', 'sourceID': 1, 'flowTitle': 'بازار بورس', 'cgrValCotTitle': 'بازار صندوق های قابل معامله'}
2026-05-24 15:04:58 [DEBUG   ] urllib3.connectionpool: https://www.tsetmc.com:443 "GET /Loader.aspx?ParTree=15131W&i=37073830945037165 HTTP/1.1" 200 824
2026-05-24 15:04:58 [DEBUG   ] data_fetcher: Loader API for 37073830945037165: 824 bytes, preview: <!doctype html><html lang="en"><head><meta charset="utf-8"/><link rel="icon" href="/favicon.ico?v=2"
2026-05-24 15:04:58 [DEBUG   ] urllib3.connectionpool: https://cdn.tsetmc.com:443 "GET /api/ETF/ETFByInsCode/37073830945037165 HTTP/1.1" 200 824
2026-05-24 15:04:58 [DEBUG   ] urllib3.connectionpool: https://cdn.tsetmc.com:443 "GET /api/ETF/GetETFByInsCode/37073830945037165 HTTP/1.1" 200 824
2026-05-24 15:04:58 [DEBUG   ] urllib3.connectionpool: https://cdn.tsetmc.com:443 "GET /api/ETF/GetETFInfo/37073830945037165 HTTP/1.1" 200 824
2026-05-24 15:04:58 [DEBUG   ] urllib3.connectionpool: https://cdn.tsetmc.com:443 "GET /api/Fund/GetFundInfo/37073830945037165 HTTP/1.1" 404 0
2026-05-24 15:04:58 [DEBUG   ] urllib3.connectionpool: https://cdn.tsetmc.com:443 "GET /api/Fund/GetFund/37073830945037165 HTTP/1.1" 404 0
2026-05-24 15:04:58 [DEBUG   ] urllib3.connectionpool: https://cdn.tsetmc.com:443 "GET /api/Fund/GetFundLastInfo/37073830945037165 HTTP/1.1" 404 0
2026-05-24 15:04:58 [DEBUG   ] urllib3.connectionpool: https://cdn.tsetmc.com:443 "GET /api/Fund/GetMutualFundByInsCode/37073830945037165 HTTP/1.1" 404 0
2026-05-24 15:04:58 [DEBUG   ] urllib3.connectionpool: https://cdn.tsetmc.com:443 "GET /api/Fund/FundInfo/37073830945037165 HTTP/1.1" 404 0
2026-05-24 15:04:58 [DEBUG   ] urllib3.connectionpool: https://cdn.tsetmc.com:443 "GET /api/Fund/FundData/37073830945037165 HTTP/1.1" 404 0
2026-05-24 15:04:58 [DEBUG   ] urllib3.connectionpool: https://www.tsetmc.com:443 "GET /instrument/37073830945037165 HTTP/1.1" 200 824
2026-05-24 15:04:58 [DEBUG   ] data_fetcher:   HTML page for 37073830945037165: 824 bytes
2026-05-24 15:04:58 [DEBUG   ] data_fetcher:   No NAV found in TSETMC HTML for ins_code=37073830945037165
2026-05-24 15:04:58 [DEBUG   ] urllib3.connectionpool: https://cdn.tsetmc.com:443 "GET /api/StaticThreshold/GetStaticThreshold/37073830945037165/0 HTTP/1.1" 200 824
2026-05-24 15:04:58 [DEBUG   ] data_fetcher:   No NAV found for ins_code=37073830945037165
2026-05-24 15:04:58 [DEBUG   ] urllib3.connectionpool: https://cdn.tsetmc.com:443 "GET /api/BestLimits/37073830945037165 HTTP/1.1" 200 None
2026-05-24 15:04:58 [INFO    ] data_fetcher: [10/20] Fetching گنجین ...
2026-05-24 15:04:58 [DEBUG   ] urllib3.connectionpool: https://cdn.tsetmc.com:443 "GET /api/ClosingPrice/GetClosingPriceInfo/65640021232361587 HTTP/1.1" 200 None
2026-05-24 15:04:58 [DEBUG   ] data_fetcher: ClosingPriceInfo top-level keys for 65640021232361587: ['closingPriceInfo']
2026-05-24 15:04:58 [DEBUG   ] data_fetcher: ClosingPriceInfo fields for 65640021232361587: {'instrumentState': {'idn': 0, 'dEven': 0, 'hEven': 0, 'insCode': None, 'lVal18AFC': None, 'lVal30': None, 'cEtaval': 'A ', 'realHeven': 0, 'underSupervision': 0, 'cEtavalTitle': 'مجاز'}, 'lastHEven': 145921, 'finalLastDate': 20260524, 'priceMin': 13462.0, 'priceMax': 13463.0, 'priceYesterday': 13447.0, 'priceFirst': 13463.0, 'insCode': '0', 'dEven': 20260524, 'hEven': 145921, 'pClosing': 13462.0, 'pDrCotVal': 13463.0, 'zTotTran': 207.0, 'qTotTran5J': 113339227.0, 'qTotCap': 1525812010898.0}
2026-05-24 15:04:59 [DEBUG   ] urllib3.connectionpool: https://cdn.tsetmc.com:443 "GET /api/Instrument/GetInstrumentInfo/65640021232361587 HTTP/1.1" 200 None
2026-05-24 15:04:59 [DEBUG   ] data_fetcher: InstrumentInfo top-level keys for 65640021232361587: ['instrumentInfo']
2026-05-24 15:04:59 [DEBUG   ] data_fetcher: InstrumentInfo non-zero fields for 65640021232361587: {'eps': {'epsValue': None, 'estimatedEPS': None, 'sectorPE': 273.25, 'psr': 0.0}, 'sector': {'dEven': 0, 'cSecVal': '68 ', 'lSecVal': 'صندوق سرمايه گذاري قابل معامله'}, 'staticThreshold': {'insCode': None, 'dEven': 0, 'hEven': 0, 'psGelStaMax': 13850.0, 'psGelStaMin': 13044.0}, 'minWeek': 13447.0, 'maxWeek': 13742.0, 'minYear': 13447.0, 'maxYear': 13797.0, 'qTotTran5JAvg': 24067787.0, 'dEven': 20260524, 'etfIssuedUnit': 3059279290.0, 'etfUnitDeven': 20260523, 'lVal18': 'Asan ETF', 'yVal': '305', 'insCode': '65640021232361587', 'lVal30': 'صندوق س.درآمدثابت گنجينه مهر-د', 'lVal18AFC': 'آسان', 'flow': 2, 'cIsin': 'IRT3ASNF0003', 'zTitad': 5000000000.0, 'baseVol': 1, 'instrumentID': 'IRT3ASNF0001', 'cgrValCot': '1A', 'cComVal': '4', 'sourceID': 2, 'flowTitle': 'بازار فرابورس', 'cgrValCotTitle': 'بازار ابزارهاي نوين مالي فرابورس'}
2026-05-24 15:04:59 [DEBUG   ] urllib3.connectionpool: https://www.tsetmc.com:443 "GET /Loader.aspx?ParTree=15131W&i=65640021232361587 HTTP/1.1" 200 824
2026-05-24 15:04:59 [DEBUG   ] data_fetcher: Loader API for 65640021232361587: 824 bytes, preview: <!doctype html><html lang="en"><head><meta charset="utf-8"/><link rel="icon" href="/favicon.ico?v=2"
2026-05-24 15:04:59 [DEBUG   ] urllib3.connectionpool: https://cdn.tsetmc.com:443 "GET /api/ETF/ETFByInsCode/65640021232361587 HTTP/1.1" 200 824
2026-05-24 15:04:59 [DEBUG   ] urllib3.connectionpool: https://cdn.tsetmc.com:443 "GET /api/ETF/GetETFByInsCode/65640021232361587 HTTP/1.1" 200 824
2026-05-24 15:04:59 [DEBUG   ] urllib3.connectionpool: https://cdn.tsetmc.com:443 "GET /api/ETF/GetETFInfo/65640021232361587 HTTP/1.1" 200 824
2026-05-24 15:04:59 [DEBUG   ] urllib3.connectionpool: https://cdn.tsetmc.com:443 "GET /api/Fund/GetFundInfo/65640021232361587 HTTP/1.1" 404 0
2026-05-24 15:04:59 [DEBUG   ] urllib3.connectionpool: https://cdn.tsetmc.com:443 "GET /api/Fund/GetFund/65640021232361587 HTTP/1.1" 404 0
2026-05-24 15:04:59 [DEBUG   ] urllib3.connectionpool: https://cdn.tsetmc.com:443 "GET /api/Fund/GetFundLastInfo/65640021232361587 HTTP/1.1" 404 0
2026-05-24 15:04:59 [DEBUG   ] urllib3.connectionpool: https://cdn.tsetmc.com:443 "GET /api/Fund/GetMutualFundByInsCode/65640021232361587 HTTP/1.1" 404 0
2026-05-24 15:04:59 [DEBUG   ] urllib3.connectionpool: https://cdn.tsetmc.com:443 "GET /api/Fund/FundInfo/65640021232361587 HTTP/1.1" 404 0
2026-05-24 15:04:59 [DEBUG   ] urllib3.connectionpool: https://cdn.tsetmc.com:443 "GET /api/Fund/FundData/65640021232361587 HTTP/1.1" 404 0
2026-05-24 15:04:59 [DEBUG   ] urllib3.connectionpool: https://www.tsetmc.com:443 "GET /instrument/65640021232361587 HTTP/1.1" 200 824
2026-05-24 15:04:59 [DEBUG   ] data_fetcher:   HTML page for 65640021232361587: 824 bytes
2026-05-24 15:04:59 [DEBUG   ] data_fetcher:   No NAV found in TSETMC HTML for ins_code=65640021232361587
2026-05-24 15:04:59 [DEBUG   ] urllib3.connectionpool: https://cdn.tsetmc.com:443 "GET /api/StaticThreshold/GetStaticThreshold/65640021232361587/0 HTTP/1.1" 200 824
2026-05-24 15:04:59 [DEBUG   ] data_fetcher:   No NAV found for ins_code=65640021232361587
2026-05-24 15:04:59 [DEBUG   ] urllib3.connectionpool: https://cdn.tsetmc.com:443 "GET /api/BestLimits/65640021232361587 HTTP/1.1" 200 None
2026-05-24 15:05:00 [INFO    ] data_fetcher: [11/20] Fetching خاتم ...
2026-05-24 15:05:00 [DEBUG   ] urllib3.connectionpool: https://cdn.tsetmc.com:443 "GET /api/ClosingPrice/GetClosingPriceInfo/18865325633315847 HTTP/1.1" 200 None
2026-05-24 15:05:00 [DEBUG   ] data_fetcher: ClosingPriceInfo top-level keys for 18865325633315847: ['closingPriceInfo']
2026-05-24 15:05:00 [DEBUG   ] data_fetcher: ClosingPriceInfo fields for 18865325633315847: {'instrumentState': {'idn': 0, 'dEven': 0, 'hEven': 0, 'insCode': None, 'lVal18AFC': None, 'lVal30': None, 'cEtaval': 'A ', 'realHeven': 0, 'underSupervision': 0, 'cEtavalTitle': 'مجاز'}, 'lastHEven': 145643, 'finalLastDate': 20260524, 'priceMin': 37594.0, 'priceMax': 37595.0, 'priceYesterday': 37550.0, 'priceFirst': 37594.0, 'insCode': '0', 'dEven': 20260524, 'hEven': 145643, 'pClosing': 37594.0, 'pDrCotVal': 37595.0, 'zTotTran': 157.0, 'qTotTran5J': 13286636.0, 'qTotCap': 499500842770.0}
2026-05-24 15:05:00 [DEBUG   ] urllib3.connectionpool: https://cdn.tsetmc.com:443 "GET /api/Instrument/GetInstrumentInfo/18865325633315847 HTTP/1.1" 200 None
2026-05-24 15:05:00 [DEBUG   ] data_fetcher: InstrumentInfo top-level keys for 18865325633315847: ['instrumentInfo']
2026-05-24 15:05:00 [DEBUG   ] data_fetcher: InstrumentInfo non-zero fields for 18865325633315847: {'eps': {'epsValue': None, 'estimatedEPS': None, 'sectorPE': 0.0, 'psr': 0.0}, 'sector': {'dEven': 0, 'cSecVal': '68 ', 'lSecVal': 'صندوق سرمايه گذاري قابل معامله'}, 'staticThreshold': {'insCode': None, 'dEven': 0, 'hEven': 0, 'psGelStaMax': 38676.0, 'psGelStaMin': 36424.0}, 'minWeek': 37447.0, 'maxWeek': 37551.0, 'minYear': 27611.0, 'maxYear': 37551.0, 'qTotTran5JAvg': 13708014.0, 'dEven': 20260524, 'faraDesc': 'نوع صندوق: در اوراق بهادار با درآمد ثابت', 'etfIssuedUnit': 471473073.0, 'etfUnitDeven': 20260523, 'lVal18': 'Khaatam ETF', 'yVal': '305', 'insCode': '18865325633315847', 'lVal30': 'صندوق س خاتم ايساتيس پويا-ثابت', 'lVal18AFC': 'خاتم', 'flow': 1, 'cIsin': 'IRT1KATM0008', 'zTitad': 1000000000.0, 'baseVol': 1, 'instrumentID': 'IRT1KATM0001', 'cgrValCot': 'H1', 'cComVal': '4', 'sourceID': 1, 'flowTitle': 'بازار بورس', 'cgrValCotTitle': 'بازار صندوق های قابل معامله'}
2026-05-24 15:05:00 [DEBUG   ] urllib3.connectionpool: https://www.tsetmc.com:443 "GET /Loader.aspx?ParTree=15131W&i=18865325633315847 HTTP/1.1" 200 824
2026-05-24 15:05:00 [DEBUG   ] data_fetcher: Loader API for 18865325633315847: 824 bytes, preview: <!doctype html><html lang="en"><head><meta charset="utf-8"/><link rel="icon" href="/favicon.ico?v=2"
2026-05-24 15:05:00 [DEBUG   ] urllib3.connectionpool: https://cdn.tsetmc.com:443 "GET /api/ETF/ETFByInsCode/18865325633315847 HTTP/1.1" 200 824
2026-05-24 15:05:00 [DEBUG   ] urllib3.connectionpool: https://cdn.tsetmc.com:443 "GET /api/ETF/GetETFByInsCode/18865325633315847 HTTP/1.1" 200 824
2026-05-24 15:05:00 [DEBUG   ] urllib3.connectionpool: https://cdn.tsetmc.com:443 "GET /api/ETF/GetETFInfo/18865325633315847 HTTP/1.1" 200 824
2026-05-24 15:05:00 [DEBUG   ] urllib3.connectionpool: https://cdn.tsetmc.com:443 "GET /api/Fund/GetFundInfo/18865325633315847 HTTP/1.1" 404 0
2026-05-24 15:05:00 [DEBUG   ] urllib3.connectionpool: https://cdn.tsetmc.com:443 "GET /api/Fund/GetFund/18865325633315847 HTTP/1.1" 404 0
2026-05-24 15:05:00 [DEBUG   ] urllib3.connectionpool: https://cdn.tsetmc.com:443 "GET /api/Fund/GetFundLastInfo/18865325633315847 HTTP/1.1" 404 0
2026-05-24 15:05:00 [DEBUG   ] urllib3.connectionpool: https://cdn.tsetmc.com:443 "GET /api/Fund/GetMutualFundByInsCode/18865325633315847 HTTP/1.1" 404 0
2026-05-24 15:05:00 [DEBUG   ] urllib3.connectionpool: https://cdn.tsetmc.com:443 "GET /api/Fund/FundInfo/18865325633315847 HTTP/1.1" 404 0
2026-05-24 15:05:00 [DEBUG   ] urllib3.connectionpool: https://cdn.tsetmc.com:443 "GET /api/Fund/FundData/18865325633315847 HTTP/1.1" 404 0
2026-05-24 15:05:00 [DEBUG   ] urllib3.connectionpool: https://www.tsetmc.com:443 "GET /instrument/18865325633315847 HTTP/1.1" 200 824
2026-05-24 15:05:00 [DEBUG   ] data_fetcher:   HTML page for 18865325633315847: 824 bytes
2026-05-24 15:05:00 [DEBUG   ] data_fetcher:   No NAV found in TSETMC HTML for ins_code=18865325633315847
2026-05-24 15:05:01 [DEBUG   ] urllib3.connectionpool: https://cdn.tsetmc.com:443 "GET /api/StaticThreshold/GetStaticThreshold/18865325633315847/0 HTTP/1.1" 200 824
2026-05-24 15:05:01 [DEBUG   ] data_fetcher:   No NAV found for ins_code=18865325633315847
2026-05-24 15:05:01 [DEBUG   ] urllib3.connectionpool: https://cdn.tsetmc.com:443 "GET /api/BestLimits/18865325633315847 HTTP/1.1" 200 None
2026-05-24 15:05:01 [INFO    ] data_fetcher: [12/20] Fetching اوصتا ...
2026-05-24 15:05:01 [DEBUG   ] urllib3.connectionpool: https://cdn.tsetmc.com:443 "GET /api/ClosingPrice/GetClosingPriceInfo/57761388729898548 HTTP/1.1" 200 None
2026-05-24 15:05:01 [DEBUG   ] data_fetcher: ClosingPriceInfo top-level keys for 57761388729898548: ['closingPriceInfo']
2026-05-24 15:05:01 [DEBUG   ] data_fetcher: ClosingPriceInfo fields for 57761388729898548: {'instrumentState': {'idn': 0, 'dEven': 0, 'hEven': 0, 'insCode': None, 'lVal18AFC': None, 'lVal30': None, 'cEtaval': 'A ', 'realHeven': 0, 'underSupervision': 0, 'cEtavalTitle': 'مجاز'}, 'lastHEven': 142925, 'finalLastDate': 20260524, 'priceMin': 63033.0, 'priceMax': 63034.0, 'priceYesterday': 62937.0, 'priceFirst': 63033.0, 'insCode': '0', 'dEven': 20260524, 'hEven': 142925, 'pClosing': 63033.0, 'pDrCotVal': 63034.0, 'zTotTran': 45.0, 'qTotTran5J': 10008881.0, 'qTotCap': 630892799146.0}
2026-05-24 15:05:01 [DEBUG   ] urllib3.connectionpool: https://cdn.tsetmc.com:443 "GET /api/Instrument/GetInstrumentInfo/57761388729898548 HTTP/1.1" 200 None
2026-05-24 15:05:01 [DEBUG   ] data_fetcher: InstrumentInfo top-level keys for 57761388729898548: ['instrumentInfo']
2026-05-24 15:05:01 [DEBUG   ] data_fetcher: InstrumentInfo non-zero fields for 57761388729898548: {'eps': {'epsValue': None, 'estimatedEPS': None, 'sectorPE': 273.25, 'psr': 0.0}, 'sector': {'dEven': 0, 'cSecVal': '68 ', 'lSecVal': 'صندوق سرمايه گذاري قابل معامله'}, 'staticThreshold': {'insCode': None, 'dEven': 0, 'hEven': 0, 'psGelStaMax': 64825.0, 'psGelStaMin': 61049.0}, 'minWeek': 62774.0, 'maxWeek': 62938.0, 'minYear': 47360.0, 'maxYear': 62938.0, 'qTotTran5JAvg': 42396719.0, 'dEven': 20260524, 'faraDesc': 'نوع صندوق : در اوراق بهادار با درآمد ثابت', 'etfIssuedUnit': 1632658793.0, 'etfUnitDeven': 20260523, 'lVal18': 'Andishe Varzan ETF', 'yVal': '305', 'insCode': '57761388729898548', 'lVal30': 'صندوق انديشه ورزان صباتامين -د', 'lVal18AFC': 'اوصتا', 'flow': 2, 'cIsin': 'IRT3AVSF0003', 'zTitad': 3000000000.0, 'baseVol': 1, 'instrumentID': 'IRT3AVSF0001', 'cgrValCot': '1A', 'cComVal': '4', 'sourceID': 2, 'flowTitle': 'بازار فرابورس', 'cgrValCotTitle': 'بازار ابزارهاي نوين مالي فرابورس'}
2026-05-24 15:05:01 [DEBUG   ] urllib3.connectionpool: https://www.tsetmc.com:443 "GET /Loader.aspx?ParTree=15131W&i=57761388729898548 HTTP/1.1" 200 824
2026-05-24 15:05:01 [DEBUG   ] data_fetcher: Loader API for 57761388729898548: 824 bytes, preview: <!doctype html><html lang="en"><head><meta charset="utf-8"/><link rel="icon" href="/favicon.ico?v=2"
2026-05-24 15:05:01 [DEBUG   ] urllib3.connectionpool: https://cdn.tsetmc.com:443 "GET /api/ETF/ETFByInsCode/57761388729898548 HTTP/1.1" 200 824
2026-05-24 15:05:01 [DEBUG   ] urllib3.connectionpool: https://cdn.tsetmc.com:443 "GET /api/ETF/GetETFByInsCode/57761388729898548 HTTP/1.1" 200 824
2026-05-24 15:05:01 [DEBUG   ] urllib3.connectionpool: https://cdn.tsetmc.com:443 "GET /api/ETF/GetETFInfo/57761388729898548 HTTP/1.1" 200 824
2026-05-24 15:05:01 [DEBUG   ] urllib3.connectionpool: https://cdn.tsetmc.com:443 "GET /api/Fund/GetFundInfo/57761388729898548 HTTP/1.1" 404 0
2026-05-24 15:05:02 [DEBUG   ] urllib3.connectionpool: https://cdn.tsetmc.com:443 "GET /api/Fund/GetFund/57761388729898548 HTTP/1.1" 404 0
2026-05-24 15:05:02 [DEBUG   ] urllib3.connectionpool: https://cdn.tsetmc.com:443 "GET /api/Fund/GetFundLastInfo/57761388729898548 HTTP/1.1" 404 0
2026-05-24 15:05:02 [DEBUG   ] urllib3.connectionpool: https://cdn.tsetmc.com:443 "GET /api/Fund/GetMutualFundByInsCode/57761388729898548 HTTP/1.1" 404 0
2026-05-24 15:05:02 [DEBUG   ] urllib3.connectionpool: https://cdn.tsetmc.com:443 "GET /api/Fund/FundInfo/57761388729898548 HTTP/1.1" 404 0
2026-05-24 15:05:02 [DEBUG   ] urllib3.connectionpool: https://cdn.tsetmc.com:443 "GET /api/Fund/FundData/57761388729898548 HTTP/1.1" 404 0
2026-05-24 15:05:02 [DEBUG   ] urllib3.connectionpool: https://www.tsetmc.com:443 "GET /instrument/57761388729898548 HTTP/1.1" 200 824
2026-05-24 15:05:02 [DEBUG   ] data_fetcher:   HTML page for 57761388729898548: 824 bytes
2026-05-24 15:05:02 [DEBUG   ] data_fetcher:   No NAV found in TSETMC HTML for ins_code=57761388729898548
2026-05-24 15:05:02 [DEBUG   ] urllib3.connectionpool: https://cdn.tsetmc.com:443 "GET /api/StaticThreshold/GetStaticThreshold/57761388729898548/0 HTTP/1.1" 200 824
2026-05-24 15:05:02 [DEBUG   ] data_fetcher:   No NAV found for ins_code=57761388729898548
2026-05-24 15:05:02 [DEBUG   ] urllib3.connectionpool: https://cdn.tsetmc.com:443 "GET /api/BestLimits/57761388729898548 HTTP/1.1" 200 None
2026-05-24 15:05:02 [INFO    ] data_fetcher: [13/20] Fetching فردا ...
2026-05-24 15:05:02 [DEBUG   ] urllib3.connectionpool: https://cdn.tsetmc.com:443 "GET /api/ClosingPrice/GetClosingPriceInfo/65249046611427924 HTTP/1.1" 200 None
2026-05-24 15:05:02 [DEBUG   ] data_fetcher: ClosingPriceInfo top-level keys for 65249046611427924: ['closingPriceInfo']
2026-05-24 15:05:02 [DEBUG   ] data_fetcher: ClosingPriceInfo fields for 65249046611427924: {'instrumentState': {'idn': 0, 'dEven': 0, 'hEven': 0, 'insCode': None, 'lVal18AFC': None, 'lVal30': None, 'cEtaval': 'A ', 'realHeven': 0, 'underSupervision': 0, 'cEtavalTitle': 'مجاز'}, 'lastHEven': 145603, 'finalLastDate': 20260524, 'priceMin': 38161.0, 'priceMax': 38162.0, 'priceYesterday': 38112.0, 'priceFirst': 38161.0, 'insCode': '0', 'dEven': 20260524, 'hEven': 145603, 'pClosing': 38161.0, 'pDrCotVal': 38161.0, 'zTotTran': 479.0, 'qTotTran5J': 98126292.0, 'qTotCap': 3744631366765.0}
2026-05-24 15:05:03 [DEBUG   ] urllib3.connectionpool: https://cdn.tsetmc.com:443 "GET /api/Instrument/GetInstrumentInfo/65249046611427924 HTTP/1.1" 200 None
2026-05-24 15:05:03 [DEBUG   ] data_fetcher: InstrumentInfo top-level keys for 65249046611427924: ['instrumentInfo']
2026-05-24 15:05:03 [DEBUG   ] data_fetcher: InstrumentInfo non-zero fields for 65249046611427924: {'eps': {'epsValue': None, 'estimatedEPS': None, 'sectorPE': 0.0, 'psr': 0.0}, 'sector': {'dEven': 0, 'cSecVal': '68 ', 'lSecVal': 'صندوق سرمايه گذاري قابل معامله'}, 'staticThreshold': {'insCode': None, 'dEven': 0, 'hEven': 0, 'psGelStaMax': 39255.0, 'psGelStaMin': 36969.0}, 'minWeek': 38016.0, 'maxWeek': 38113.0, 'minYear': 27840.0, 'maxYear': 38113.0, 'qTotTran5JAvg': 114857840.0, 'dEven': 20260524, 'faraDesc': 'نوع صندوق: در اوراق بهادار با درآمد ثابت', 'etfIssuedUnit': 3485609071.0, 'etfUnitDeven': 20260523, 'lVal18': 'Avaye Farda ETF', 'yVal': '305', 'insCode': '65249046611427924', 'lVal30': 'صندوق س آواي فرداي زاگرس-ثابت', 'lVal18AFC': 'فردا', 'flow': 1, 'cIsin': 'IRT1FRDA0008', 'zTitad': 4800000000.0, 'baseVol': 1, 'instrumentID': 'IRT1FRDA0001', 'cgrValCot': 'H1', 'cComVal': '4', 'sourceID': 1, 'flowTitle': 'بازار بورس', 'cgrValCotTitle': 'بازار صندوق های قابل معامله'}
2026-05-24 15:05:03 [DEBUG   ] urllib3.connectionpool: https://www.tsetmc.com:443 "GET /Loader.aspx?ParTree=15131W&i=65249046611427924 HTTP/1.1" 200 824
2026-05-24 15:05:03 [DEBUG   ] data_fetcher: Loader API for 65249046611427924: 824 bytes, preview: <!doctype html><html lang="en"><head><meta charset="utf-8"/><link rel="icon" href="/favicon.ico?v=2"
2026-05-24 15:05:03 [DEBUG   ] urllib3.connectionpool: https://cdn.tsetmc.com:443 "GET /api/ETF/ETFByInsCode/65249046611427924 HTTP/1.1" 200 824
2026-05-24 15:05:03 [DEBUG   ] urllib3.connectionpool: https://cdn.tsetmc.com:443 "GET /api/ETF/GetETFByInsCode/65249046611427924 HTTP/1.1" 200 824
2026-05-24 15:05:03 [DEBUG   ] urllib3.connectionpool: https://cdn.tsetmc.com:443 "GET /api/ETF/GetETFInfo/65249046611427924 HTTP/1.1" 200 824
2026-05-24 15:05:03 [DEBUG   ] urllib3.connectionpool: https://cdn.tsetmc.com:443 "GET /api/Fund/GetFundInfo/65249046611427924 HTTP/1.1" 404 0
2026-05-24 15:05:03 [DEBUG   ] urllib3.connectionpool: https://cdn.tsetmc.com:443 "GET /api/Fund/GetFund/65249046611427924 HTTP/1.1" 404 0
2026-05-24 15:05:03 [DEBUG   ] urllib3.connectionpool: https://cdn.tsetmc.com:443 "GET /api/Fund/GetFundLastInfo/65249046611427924 HTTP/1.1" 404 0
2026-05-24 15:05:03 [DEBUG   ] urllib3.connectionpool: https://cdn.tsetmc.com:443 "GET /api/Fund/GetMutualFundByInsCode/65249046611427924 HTTP/1.1" 404 0
2026-05-24 15:05:03 [DEBUG   ] urllib3.connectionpool: https://cdn.tsetmc.com:443 "GET /api/Fund/FundInfo/65249046611427924 HTTP/1.1" 404 0
2026-05-24 15:05:03 [DEBUG   ] urllib3.connectionpool: https://cdn.tsetmc.com:443 "GET /api/Fund/FundData/65249046611427924 HTTP/1.1" 404 0
2026-05-24 15:05:03 [DEBUG   ] urllib3.connectionpool: https://www.tsetmc.com:443 "GET /instrument/65249046611427924 HTTP/1.1" 200 824
2026-05-24 15:05:03 [DEBUG   ] data_fetcher:   HTML page for 65249046611427924: 824 bytes
2026-05-24 15:05:03 [DEBUG   ] data_fetcher:   No NAV found in TSETMC HTML for ins_code=65249046611427924
2026-05-24 15:05:03 [DEBUG   ] urllib3.connectionpool: https://cdn.tsetmc.com:443 "GET /api/StaticThreshold/GetStaticThreshold/65249046611427924/0 HTTP/1.1" 200 824
2026-05-24 15:05:03 [DEBUG   ] data_fetcher:   No NAV found for ins_code=65249046611427924
2026-05-24 15:05:03 [DEBUG   ] urllib3.connectionpool: https://cdn.tsetmc.com:443 "GET /api/BestLimits/65249046611427924 HTTP/1.1" 200 None
2026-05-24 15:05:04 [INFO    ] data_fetcher: [14/20] Fetching گوهر ...
2026-05-24 15:05:04 [DEBUG   ] urllib3.connectionpool: https://cdn.tsetmc.com:443 "GET /api/ClosingPrice/GetClosingPriceInfo/12390706505809150 HTTP/1.1" 200 None
2026-05-24 15:05:04 [DEBUG   ] data_fetcher: ClosingPriceInfo top-level keys for 12390706505809150: ['closingPriceInfo']
2026-05-24 15:05:04 [DEBUG   ] data_fetcher: ClosingPriceInfo fields for 12390706505809150: {'instrumentState': {'idn': 0, 'dEven': 0, 'hEven': 0, 'insCode': None, 'lVal18AFC': None, 'lVal30': None, 'cEtaval': 'A ', 'realHeven': 0, 'underSupervision': 0, 'cEtavalTitle': 'مجاز'}, 'lastHEven': 150452, 'finalLastDate': 20260524, 'priceMin': 845000.0, 'priceMax': 867161.0, 'priceYesterday': 894317.0, 'priceFirst': 850080.0, 'insCode': '0', 'dEven': 20260524, 'hEven': 150452, 'pClosing': 853948.0, 'pDrCotVal': 855335.0, 'zTotTran': 6168.0, 'qTotTran5J': 3201633.0, 'qTotCap': 2734028378288.0}
2026-05-24 15:05:04 [DEBUG   ] urllib3.connectionpool: https://cdn.tsetmc.com:443 "GET /api/Instrument/GetInstrumentInfo/12390706505809150 HTTP/1.1" 200 None
2026-05-24 15:05:04 [DEBUG   ] data_fetcher: InstrumentInfo top-level keys for 12390706505809150: ['instrumentInfo']
2026-05-24 15:05:04 [DEBUG   ] data_fetcher: InstrumentInfo non-zero fields for 12390706505809150: {'eps': {'epsValue': None, 'estimatedEPS': None, 'sectorPE': 0.0, 'psr': 0.0}, 'sector': {'dEven': 0, 'cSecVal': '68 ', 'lSecVal': 'صندوق سرمايه گذاري قابل معامله'}, 'staticThreshold': {'insCode': None, 'dEven': 0, 'hEven': 0, 'psGelStaMax': 983748.0, 'psGelStaMin': 804886.0}, 'minWeek': 889797.0, 'maxWeek': 923999.0, 'minYear': 310002.0, 'maxYear': 1020000.0, 'qTotTran5JAvg': 7268279.0, 'dEven': 20260524, 'etfIssuedUnit': 252807872.0, 'etfUnitDeven': 20260523, 'lVal18': 'Gohar', 'yVal': '380', 'insCode': '12390706505809150', 'lVal30': 'صندوق طلاي كيان', 'lVal18AFC': 'گوهر', 'flow': 7, 'cIsin': 'IRTKKIAN0009', 'zTitad': 300000000.0, 'baseVol': 1, 'instrumentID': 'IRTKKIAN0001', 'cgrValCot': 'QS', 'cComVal': '4', 'sourceID': 1, 'cgrValCotTitle': 'صندوق های کالایی'}
2026-05-24 15:05:04 [DEBUG   ] urllib3.connectionpool: https://www.tsetmc.com:443 "GET /Loader.aspx?ParTree=15131W&i=12390706505809150 HTTP/1.1" 200 824
2026-05-24 15:05:04 [DEBUG   ] data_fetcher: Loader API for 12390706505809150: 824 bytes, preview: <!doctype html><html lang="en"><head><meta charset="utf-8"/><link rel="icon" href="/favicon.ico?v=2"
2026-05-24 15:05:04 [DEBUG   ] urllib3.connectionpool: https://cdn.tsetmc.com:443 "GET /api/ETF/ETFByInsCode/12390706505809150 HTTP/1.1" 200 824
2026-05-24 15:05:04 [DEBUG   ] urllib3.connectionpool: https://cdn.tsetmc.com:443 "GET /api/ETF/GetETFByInsCode/12390706505809150 HTTP/1.1" 200 824
2026-05-24 15:05:04 [DEBUG   ] urllib3.connectionpool: https://cdn.tsetmc.com:443 "GET /api/ETF/GetETFInfo/12390706505809150 HTTP/1.1" 200 824
2026-05-24 15:05:04 [DEBUG   ] urllib3.connectionpool: https://cdn.tsetmc.com:443 "GET /api/Fund/GetFundInfo/12390706505809150 HTTP/1.1" 404 0
2026-05-24 15:05:04 [DEBUG   ] urllib3.connectionpool: https://cdn.tsetmc.com:443 "GET /api/Fund/GetFund/12390706505809150 HTTP/1.1" 404 0
2026-05-24 15:05:04 [DEBUG   ] urllib3.connectionpool: https://cdn.tsetmc.com:443 "GET /api/Fund/GetFundLastInfo/12390706505809150 HTTP/1.1" 404 0
2026-05-24 15:05:04 [DEBUG   ] urllib3.connectionpool: https://cdn.tsetmc.com:443 "GET /api/Fund/GetMutualFundByInsCode/12390706505809150 HTTP/1.1" 404 0
2026-05-24 15:05:04 [DEBUG   ] urllib3.connectionpool: https://cdn.tsetmc.com:443 "GET /api/Fund/FundInfo/12390706505809150 HTTP/1.1" 404 0
2026-05-24 15:05:04 [DEBUG   ] urllib3.connectionpool: https://cdn.tsetmc.com:443 "GET /api/Fund/FundData/12390706505809150 HTTP/1.1" 404 0
2026-05-24 15:05:04 [DEBUG   ] urllib3.connectionpool: https://www.tsetmc.com:443 "GET /instrument/12390706505809150 HTTP/1.1" 200 824
2026-05-24 15:05:04 [DEBUG   ] data_fetcher:   HTML page for 12390706505809150: 824 bytes
2026-05-24 15:05:04 [DEBUG   ] data_fetcher:   No NAV found in TSETMC HTML for ins_code=12390706505809150
2026-05-24 15:05:04 [DEBUG   ] urllib3.connectionpool: https://cdn.tsetmc.com:443 "GET /api/StaticThreshold/GetStaticThreshold/12390706505809150/0 HTTP/1.1" 200 824
2026-05-24 15:05:04 [DEBUG   ] data_fetcher:   No NAV found for ins_code=12390706505809150
2026-05-24 15:05:05 [DEBUG   ] urllib3.connectionpool: https://cdn.tsetmc.com:443 "GET /api/BestLimits/12390706505809150 HTTP/1.1" 200 None
2026-05-24 15:05:05 [INFO    ] data_fetcher: [15/20] Fetching سخند ...
2026-05-24 15:05:05 [DEBUG   ] urllib3.connectionpool: https://cdn.tsetmc.com:443 "GET /api/ClosingPrice/GetClosingPriceInfo/59598536122397373 HTTP/1.1" 200 None
2026-05-24 15:05:05 [DEBUG   ] data_fetcher: ClosingPriceInfo top-level keys for 59598536122397373: ['closingPriceInfo']
2026-05-24 15:05:05 [DEBUG   ] data_fetcher: ClosingPriceInfo fields for 59598536122397373: {'instrumentState': {'idn': 0, 'dEven': 0, 'hEven': 0, 'insCode': None, 'lVal18AFC': None, 'lVal30': None, 'cEtaval': 'A ', 'realHeven': 0, 'underSupervision': 0, 'cEtavalTitle': 'مجاز'}, 'lastHEven': 135156, 'finalLastDate': 20260524, 'priceMin': 10948.0, 'priceMax': 10950.0, 'priceYesterday': 10940.0, 'priceFirst': 10949.0, 'insCode': '0', 'dEven': 20260524, 'hEven': 135156, 'pClosing': 10949.0, 'pDrCotVal': 10950.0, 'zTotTran': 21.0, 'qTotTran5J': 162254.0, 'qTotCap': 1776485727.0}
2026-05-24 15:05:05 [DEBUG   ] urllib3.connectionpool: https://cdn.tsetmc.com:443 "GET /api/Instrument/GetInstrumentInfo/59598536122397373 HTTP/1.1" 200 None
2026-05-24 15:05:05 [DEBUG   ] data_fetcher: InstrumentInfo top-level keys for 59598536122397373: ['instrumentInfo']
2026-05-24 15:05:05 [DEBUG   ] data_fetcher: InstrumentInfo non-zero fields for 59598536122397373: {'eps': {'epsValue': None, 'estimatedEPS': '291', 'sectorPE': 273.25, 'psr': 0.0}, 'sector': {'dEven': 0, 'cSecVal': '68 ', 'lSecVal': 'صندوق سرمايه گذاري قابل معامله'}, 'staticThreshold': {'insCode': None, 'dEven': 0, 'hEven': 0, 'psGelStaMax': 11268.0, 'psGelStaMin': 10612.0}, 'minWeek': 10905.0, 'maxWeek': 10941.0, 'minYear': 10000.0, 'maxYear': 10941.0, 'qTotTran5JAvg': 2426315.0, 'dEven': 20260524, 'faraDesc': 'نوع صندوق : در اوراق بهادار با درآمد ثابت', 'etfIssuedUnit': 362000000.0, 'etfUnitDeven': 20260523, 'lVal18': 'S.KhobreganNaftETF', 'yVal': '305', 'insCode': '59598536122397373', 'lVal30': 'صندوق س.سپهرخبرگان نفت-د', 'lVal18AFC': 'سخند', 'flow': 2, 'cIsin': 'IRT3SSNF0003', 'zTitad': 500000000.0, 'baseVol': 1, 'instrumentID': 'IRT3SSNF0001', 'cgrValCot': '1A', 'cComVal': '4', 'sourceID': 2, 'flowTitle': 'بازار فرابورس', 'cgrValCotTitle': 'بازار ابزارهاي نوين مالي فرابورس'}
2026-05-24 15:05:05 [DEBUG   ] urllib3.connectionpool: https://www.tsetmc.com:443 "GET /Loader.aspx?ParTree=15131W&i=59598536122397373 HTTP/1.1" 200 824
2026-05-24 15:05:05 [DEBUG   ] data_fetcher: Loader API for 59598536122397373: 824 bytes, preview: <!doctype html><html lang="en"><head><meta charset="utf-8"/><link rel="icon" href="/favicon.ico?v=2"
2026-05-24 15:05:05 [DEBUG   ] urllib3.connectionpool: https://cdn.tsetmc.com:443 "GET /api/ETF/ETFByInsCode/59598536122397373 HTTP/1.1" 200 824
2026-05-24 15:05:05 [DEBUG   ] urllib3.connectionpool: https://cdn.tsetmc.com:443 "GET /api/ETF/GetETFByInsCode/59598536122397373 HTTP/1.1" 200 824
2026-05-24 15:05:05 [DEBUG   ] urllib3.connectionpool: https://cdn.tsetmc.com:443 "GET /api/ETF/GetETFInfo/59598536122397373 HTTP/1.1" 200 824
2026-05-24 15:05:05 [DEBUG   ] urllib3.connectionpool: https://cdn.tsetmc.com:443 "GET /api/Fund/GetFundInfo/59598536122397373 HTTP/1.1" 404 0
2026-05-24 15:05:05 [DEBUG   ] urllib3.connectionpool: https://cdn.tsetmc.com:443 "GET /api/Fund/GetFund/59598536122397373 HTTP/1.1" 404 0
2026-05-24 15:05:06 [DEBUG   ] urllib3.connectionpool: https://cdn.tsetmc.com:443 "GET /api/Fund/GetFundLastInfo/59598536122397373 HTTP/1.1" 404 0
2026-05-24 15:05:06 [DEBUG   ] urllib3.connectionpool: https://cdn.tsetmc.com:443 "GET /api/Fund/GetMutualFundByInsCode/59598536122397373 HTTP/1.1" 404 0
2026-05-24 15:05:06 [DEBUG   ] urllib3.connectionpool: https://cdn.tsetmc.com:443 "GET /api/Fund/FundInfo/59598536122397373 HTTP/1.1" 404 0
2026-05-24 15:05:06 [DEBUG   ] urllib3.connectionpool: https://cdn.tsetmc.com:443 "GET /api/Fund/FundData/59598536122397373 HTTP/1.1" 404 0
2026-05-24 15:05:06 [DEBUG   ] urllib3.connectionpool: https://www.tsetmc.com:443 "GET /instrument/59598536122397373 HTTP/1.1" 200 824
2026-05-24 15:05:06 [DEBUG   ] data_fetcher:   HTML page for 59598536122397373: 824 bytes
2026-05-24 15:05:06 [DEBUG   ] data_fetcher:   No NAV found in TSETMC HTML for ins_code=59598536122397373
2026-05-24 15:05:06 [DEBUG   ] urllib3.connectionpool: https://cdn.tsetmc.com:443 "GET /api/StaticThreshold/GetStaticThreshold/59598536122397373/0 HTTP/1.1" 200 824
2026-05-24 15:05:06 [DEBUG   ] data_fetcher:   No NAV found for ins_code=59598536122397373
2026-05-24 15:05:06 [DEBUG   ] urllib3.connectionpool: https://cdn.tsetmc.com:443 "GET /api/BestLimits/59598536122397373 HTTP/1.1" 200 None
2026-05-24 15:05:06 [INFO    ] data_fetcher: [16/20] Fetching یاقوت ...
2026-05-24 15:05:06 [DEBUG   ] urllib3.connectionpool: https://cdn.tsetmc.com:443 "GET /api/ClosingPrice/GetClosingPriceInfo/1438514795814416 HTTP/1.1" 200 None
2026-05-24 15:05:06 [DEBUG   ] data_fetcher: ClosingPriceInfo top-level keys for 1438514795814416: ['closingPriceInfo']
2026-05-24 15:05:06 [DEBUG   ] data_fetcher: ClosingPriceInfo fields for 1438514795814416: {'instrumentState': {'idn': 0, 'dEven': 0, 'hEven': 0, 'insCode': None, 'lVal18AFC': None, 'lVal30': None, 'cEtaval': 'A ', 'realHeven': 0, 'underSupervision': 0, 'cEtavalTitle': 'مجاز'}, 'lastHEven': 145958, 'finalLastDate': 20260524, 'priceMin': 42265.0, 'priceMax': 42267.0, 'priceYesterday': 42214.0, 'priceFirst': 42265.0, 'insCode': '0', 'dEven': 20260524, 'hEven': 145958, 'pClosing': 42266.0, 'pDrCotVal': 42266.0, 'zTotTran': 22702.0, 'qTotTran5J': 525322181.0, 'qTotCap': 22203113872228.0}
2026-05-24 15:05:06 [DEBUG   ] urllib3.connectionpool: https://cdn.tsetmc.com:443 "GET /api/Instrument/GetInstrumentInfo/1438514795814416 HTTP/1.1" 200 None
2026-05-24 15:05:06 [DEBUG   ] data_fetcher: InstrumentInfo top-level keys for 1438514795814416: ['instrumentInfo']
2026-05-24 15:05:06 [DEBUG   ] data_fetcher: InstrumentInfo non-zero fields for 1438514795814416: {'eps': {'epsValue': None, 'estimatedEPS': None, 'sectorPE': 0.0, 'psr': 0.0}, 'sector': {'dEven': 0, 'cSecVal': '68 ', 'lSecVal': 'صندوق سرمايه گذاري قابل معامله'}, 'staticThreshold': {'insCode': None, 'dEven': 0, 'hEven': 0, 'psGelStaMax': 43480.0, 'psGelStaMin': 40948.0}, 'minWeek': 42096.0, 'maxWeek': 42215.0, 'minYear': 31034.0, 'maxYear': 42215.0, 'qTotTran5JAvg': 490508614.0, 'dEven': 20260524, 'faraDesc': 'نوع صندوق: در اوراق بهادار با درآمد ثابت', 'etfIssuedUnit': 11195318511.0, 'etfUnitDeven': 20260523, 'lVal18': 'Yaghoot Agah ETF', 'yVal': '305', 'insCode': '1438514795814416', 'lVal30': 'صندوق س ياقوت آگاه-ثابت', 'lVal18AFC': 'ياقوت', 'flow': 1, 'cIsin': 'IRT1YGHT0003', 'zTitad': 13000000000.0, 'baseVol': 1, 'instrumentID': 'IRT1YGHT0001', 'cgrValCot': 'H1', 'cComVal': '4', 'sourceID': 1, 'flowTitle': 'بازار بورس', 'cgrValCotTitle': 'بازار صندوق های قابل معامله'}
2026-05-24 15:05:07 [DEBUG   ] urllib3.connectionpool: https://www.tsetmc.com:443 "GET /Loader.aspx?ParTree=15131W&i=1438514795814416 HTTP/1.1" 200 824
2026-05-24 15:05:07 [DEBUG   ] data_fetcher: Loader API for 1438514795814416: 824 bytes, preview: <!doctype html><html lang="en"><head><meta charset="utf-8"/><link rel="icon" href="/favicon.ico?v=2"
2026-05-24 15:05:07 [DEBUG   ] urllib3.connectionpool: https://cdn.tsetmc.com:443 "GET /api/ETF/ETFByInsCode/1438514795814416 HTTP/1.1" 200 824
2026-05-24 15:05:07 [DEBUG   ] urllib3.connectionpool: https://cdn.tsetmc.com:443 "GET /api/ETF/GetETFByInsCode/1438514795814416 HTTP/1.1" 200 824
2026-05-24 15:05:07 [DEBUG   ] urllib3.connectionpool: https://cdn.tsetmc.com:443 "GET /api/ETF/GetETFInfo/1438514795814416 HTTP/1.1" 200 824
2026-05-24 15:05:07 [DEBUG   ] urllib3.connectionpool: https://cdn.tsetmc.com:443 "GET /api/Fund/GetFundInfo/1438514795814416 HTTP/1.1" 404 0
2026-05-24 15:05:07 [DEBUG   ] urllib3.connectionpool: https://cdn.tsetmc.com:443 "GET /api/Fund/GetFund/1438514795814416 HTTP/1.1" 404 0
2026-05-24 15:05:07 [DEBUG   ] urllib3.connectionpool: https://cdn.tsetmc.com:443 "GET /api/Fund/GetFundLastInfo/1438514795814416 HTTP/1.1" 404 0
2026-05-24 15:05:07 [DEBUG   ] urllib3.connectionpool: https://cdn.tsetmc.com:443 "GET /api/Fund/GetMutualFundByInsCode/1438514795814416 HTTP/1.1" 404 0
2026-05-24 15:05:07 [DEBUG   ] urllib3.connectionpool: https://cdn.tsetmc.com:443 "GET /api/Fund/FundInfo/1438514795814416 HTTP/1.1" 404 0
2026-05-24 15:05:07 [DEBUG   ] urllib3.connectionpool: https://cdn.tsetmc.com:443 "GET /api/Fund/FundData/1438514795814416 HTTP/1.1" 404 0
2026-05-24 15:05:07 [DEBUG   ] urllib3.connectionpool: https://www.tsetmc.com:443 "GET /instrument/1438514795814416 HTTP/1.1" 200 824
2026-05-24 15:05:07 [DEBUG   ] data_fetcher:   HTML page for 1438514795814416: 824 bytes
2026-05-24 15:05:07 [DEBUG   ] data_fetcher:   No NAV found in TSETMC HTML for ins_code=1438514795814416
2026-05-24 15:05:07 [DEBUG   ] urllib3.connectionpool: https://cdn.tsetmc.com:443 "GET /api/StaticThreshold/GetStaticThreshold/1438514795814416/0 HTTP/1.1" 200 824
2026-05-24 15:05:07 [DEBUG   ] data_fetcher:   No NAV found for ins_code=1438514795814416
2026-05-24 15:05:07 [DEBUG   ] urllib3.connectionpool: https://cdn.tsetmc.com:443 "GET /api/BestLimits/1438514795814416 HTTP/1.1" 200 None
2026-05-24 15:05:08 [INFO    ] data_fetcher: [17/20] Fetching فیروزا ...
2026-05-24 15:05:08 [DEBUG   ] urllib3.connectionpool: https://cdn.tsetmc.com:443 "GET /api/ClosingPrice/GetClosingPriceInfo/10795723506538053 HTTP/1.1" 200 None
2026-05-24 15:05:08 [DEBUG   ] data_fetcher: ClosingPriceInfo top-level keys for 10795723506538053: ['closingPriceInfo']
2026-05-24 15:05:08 [DEBUG   ] data_fetcher: ClosingPriceInfo fields for 10795723506538053: {'instrumentState': {'idn': 0, 'dEven': 0, 'hEven': 0, 'insCode': None, 'lVal18AFC': None, 'lVal30': None, 'cEtaval': 'A ', 'realHeven': 0, 'underSupervision': 0, 'cEtavalTitle': 'مجاز'}, 'lastHEven': 145959, 'finalLastDate': 20260524, 'priceMin': 81944.0, 'priceMax': 81945.0, 'priceYesterday': 81839.0, 'priceFirst': 81944.0, 'insCode': '0', 'dEven': 20260524, 'hEven': 145959, 'pClosing': 81944.0, 'pDrCotVal': 81945.0, 'zTotTran': 4949.0, 'qTotTran5J': 184652702.0, 'qTotCap': 15131246096800.0}
2026-05-24 15:05:08 [DEBUG   ] urllib3.connectionpool: https://cdn.tsetmc.com:443 "GET /api/Instrument/GetInstrumentInfo/10795723506538053 HTTP/1.1" 200 None
2026-05-24 15:05:08 [DEBUG   ] data_fetcher: InstrumentInfo top-level keys for 10795723506538053: ['instrumentInfo']
2026-05-24 15:05:08 [DEBUG   ] data_fetcher: InstrumentInfo non-zero fields for 10795723506538053: {'eps': {'epsValue': None, 'estimatedEPS': None, 'sectorPE': 0.0, 'psr': 0.0}, 'sector': {'dEven': 0, 'cSecVal': '68 ', 'lSecVal': 'صندوق سرمايه گذاري قابل معامله'}, 'staticThreshold': {'insCode': None, 'dEven': 0, 'hEven': 0, 'psGelStaMax': 84294.0, 'psGelStaMin': 79384.0}, 'minWeek': 81631.0, 'maxWeek': 81840.0, 'minYear': 59884.0, 'maxYear': 81840.0, 'qTotTran5JAvg': 262865546.0, 'dEven': 20260524, 'faraDesc': 'نوع صندوق: در اوراق بهادار با درآمد ثابت', 'etfIssuedUnit': 3746900293.0, 'etfUnitDeven': 20260523, 'lVal18': 'Firouzeh Asia ETF', 'yVal': '305', 'insCode': '10795723506538053', 'lVal30': 'صندوق ارمغان فيروزه آسيا-ثابت', 'lVal18AFC': 'فيروزا', 'flow': 1, 'cIsin': 'IRT1FIRO0007', 'zTitad': 4250000000.0, 'baseVol': 1, 'instrumentID': 'IRT1FIRO0001', 'cgrValCot': 'H1', 'cComVal': '4', 'sourceID': 1, 'flowTitle': 'بازار بورس', 'cgrValCotTitle': 'بازار صندوق های قابل معامله'}
2026-05-24 15:05:08 [DEBUG   ] urllib3.connectionpool: https://www.tsetmc.com:443 "GET /Loader.aspx?ParTree=15131W&i=10795723506538053 HTTP/1.1" 200 824
2026-05-24 15:05:08 [DEBUG   ] data_fetcher: Loader API for 10795723506538053: 824 bytes, preview: <!doctype html><html lang="en"><head><meta charset="utf-8"/><link rel="icon" href="/favicon.ico?v=2"
2026-05-24 15:05:08 [DEBUG   ] urllib3.connectionpool: https://cdn.tsetmc.com:443 "GET /api/ETF/ETFByInsCode/10795723506538053 HTTP/1.1" 200 824
2026-05-24 15:05:08 [DEBUG   ] urllib3.connectionpool: https://cdn.tsetmc.com:443 "GET /api/ETF/GetETFByInsCode/10795723506538053 HTTP/1.1" 200 824
2026-05-24 15:05:08 [DEBUG   ] urllib3.connectionpool: https://cdn.tsetmc.com:443 "GET /api/ETF/GetETFInfo/10795723506538053 HTTP/1.1" 200 824
2026-05-24 15:05:08 [DEBUG   ] urllib3.connectionpool: https://cdn.tsetmc.com:443 "GET /api/Fund/GetFundInfo/10795723506538053 HTTP/1.1" 404 0
2026-05-24 15:05:08 [DEBUG   ] urllib3.connectionpool: https://cdn.tsetmc.com:443 "GET /api/Fund/GetFund/10795723506538053 HTTP/1.1" 404 0
2026-05-24 15:05:08 [DEBUG   ] urllib3.connectionpool: https://cdn.tsetmc.com:443 "GET /api/Fund/GetFundLastInfo/10795723506538053 HTTP/1.1" 404 0
2026-05-24 15:05:08 [DEBUG   ] urllib3.connectionpool: https://cdn.tsetmc.com:443 "GET /api/Fund/GetMutualFundByInsCode/10795723506538053 HTTP/1.1" 404 0
2026-05-24 15:05:08 [DEBUG   ] urllib3.connectionpool: https://cdn.tsetmc.com:443 "GET /api/Fund/FundInfo/10795723506538053 HTTP/1.1" 404 0
2026-05-24 15:05:08 [DEBUG   ] urllib3.connectionpool: https://cdn.tsetmc.com:443 "GET /api/Fund/FundData/10795723506538053 HTTP/1.1" 404 0
2026-05-24 15:05:08 [DEBUG   ] urllib3.connectionpool: https://www.tsetmc.com:443 "GET /instrument/10795723506538053 HTTP/1.1" 200 824
2026-05-24 15:05:08 [DEBUG   ] data_fetcher:   HTML page for 10795723506538053: 824 bytes
2026-05-24 15:05:08 [DEBUG   ] data_fetcher:   No NAV found in TSETMC HTML for ins_code=10795723506538053
2026-05-24 15:05:08 [DEBUG   ] urllib3.connectionpool: https://cdn.tsetmc.com:443 "GET /api/StaticThreshold/GetStaticThreshold/10795723506538053/0 HTTP/1.1" 200 824
2026-05-24 15:05:08 [DEBUG   ] data_fetcher:   No NAV found for ins_code=10795723506538053
2026-05-24 15:05:09 [DEBUG   ] urllib3.connectionpool: https://cdn.tsetmc.com:443 "GET /api/BestLimits/10795723506538053 HTTP/1.1" 200 None
2026-05-24 15:05:09 [INFO    ] data_fetcher: [18/20] Fetching صایند ...
2026-05-24 15:05:09 [DEBUG   ] urllib3.connectionpool: https://cdn.tsetmc.com:443 "GET /api/ClosingPrice/GetClosingPriceInfo/45205530868811305 HTTP/1.1" 200 None
2026-05-24 15:05:09 [DEBUG   ] data_fetcher: ClosingPriceInfo top-level keys for 45205530868811305: ['closingPriceInfo']
2026-05-24 15:05:09 [DEBUG   ] data_fetcher: ClosingPriceInfo fields for 45205530868811305: {'instrumentState': {'idn': 0, 'dEven': 0, 'hEven': 0, 'insCode': None, 'lVal18AFC': None, 'lVal30': None, 'cEtaval': 'A ', 'realHeven': 0, 'underSupervision': 0, 'cEtavalTitle': 'مجاز'}, 'lastHEven': 145932, 'finalLastDate': 20260524, 'priceMin': 27778.0, 'priceMax': 27779.0, 'priceYesterday': 27747.0, 'priceFirst': 27778.0, 'insCode': '0', 'dEven': 20260524, 'hEven': 145932, 'pClosing': 27778.0, 'pDrCotVal': 27779.0, 'zTotTran': 314.0, 'qTotTran5J': 31534952.0, 'qTotCap': 875989160911.0}
2026-05-24 15:05:09 [DEBUG   ] urllib3.connectionpool: https://cdn.tsetmc.com:443 "GET /api/Instrument/GetInstrumentInfo/45205530868811305 HTTP/1.1" 200 None
2026-05-24 15:05:09 [DEBUG   ] data_fetcher: InstrumentInfo top-level keys for 45205530868811305: ['instrumentInfo']
2026-05-24 15:05:09 [DEBUG   ] data_fetcher: InstrumentInfo non-zero fields for 45205530868811305: {'eps': {'epsValue': None, 'estimatedEPS': None, 'sectorPE': 273.25, 'psr': 0.0}, 'sector': {'dEven': 0, 'cSecVal': '68 ', 'lSecVal': 'صندوق سرمايه گذاري قابل معامله'}, 'staticThreshold': {'insCode': None, 'dEven': 0, 'hEven': 0, 'psGelStaMax': 28579.0, 'psGelStaMin': 26915.0}, 'minWeek': 27677.0, 'maxWeek': 27748.0, 'minYear': 20832.0, 'maxYear': 27748.0, 'qTotTran5JAvg': 29817526.0, 'dEven': 20260524, 'faraDesc': 'نوع صندوق : در اوراق بهادار با درآمد ثابت', 'etfIssuedUnit': 809943253.0, 'etfUnitDeven': 20260523, 'lVal18': 'Ganjine Roshan ETF', 'yVal': '305', 'insCode': '45205530868811305', 'lVal30': 'صندوق س. گنجينه آينده روشن-د', 'lVal18AFC': 'صايند', 'flow': 2, 'cIsin': 'IRT3SGAF0002', 'zTitad': 2000000000.0, 'baseVol': 1, 'instrumentID': 'IRT3SGAF0001', 'cgrValCot': '1A', 'cComVal': '4', 'sourceID': 2, 'flowTitle': 'بازار فرابورس', 'cgrValCotTitle': 'بازار ابزارهاي نوين مالي فرابورس'}
2026-05-24 15:05:09 [DEBUG   ] urllib3.connectionpool: https://www.tsetmc.com:443 "GET /Loader.aspx?ParTree=15131W&i=45205530868811305 HTTP/1.1" 200 824
2026-05-24 15:05:09 [DEBUG   ] data_fetcher: Loader API for 45205530868811305: 824 bytes, preview: <!doctype html><html lang="en"><head><meta charset="utf-8"/><link rel="icon" href="/favicon.ico?v=2"
2026-05-24 15:05:09 [DEBUG   ] urllib3.connectionpool: https://cdn.tsetmc.com:443 "GET /api/ETF/ETFByInsCode/45205530868811305 HTTP/1.1" 200 824
2026-05-24 15:05:09 [DEBUG   ] urllib3.connectionpool: https://cdn.tsetmc.com:443 "GET /api/ETF/GetETFByInsCode/45205530868811305 HTTP/1.1" 200 824
2026-05-24 15:05:09 [DEBUG   ] urllib3.connectionpool: https://cdn.tsetmc.com:443 "GET /api/ETF/GetETFInfo/45205530868811305 HTTP/1.1" 200 824
2026-05-24 15:05:09 [DEBUG   ] urllib3.connectionpool: https://cdn.tsetmc.com:443 "GET /api/Fund/GetFundInfo/45205530868811305 HTTP/1.1" 404 0
2026-05-24 15:05:09 [DEBUG   ] urllib3.connectionpool: https://cdn.tsetmc.com:443 "GET /api/Fund/GetFund/45205530868811305 HTTP/1.1" 404 0
2026-05-24 15:05:09 [DEBUG   ] urllib3.connectionpool: https://cdn.tsetmc.com:443 "GET /api/Fund/GetFundLastInfo/45205530868811305 HTTP/1.1" 404 0
2026-05-24 15:05:10 [DEBUG   ] urllib3.connectionpool: https://cdn.tsetmc.com:443 "GET /api/Fund/GetMutualFundByInsCode/45205530868811305 HTTP/1.1" 404 0
2026-05-24 15:05:10 [DEBUG   ] urllib3.connectionpool: https://cdn.tsetmc.com:443 "GET /api/Fund/FundInfo/45205530868811305 HTTP/1.1" 404 0
2026-05-24 15:05:10 [DEBUG   ] urllib3.connectionpool: https://cdn.tsetmc.com:443 "GET /api/Fund/FundData/45205530868811305 HTTP/1.1" 404 0
2026-05-24 15:05:10 [DEBUG   ] urllib3.connectionpool: https://www.tsetmc.com:443 "GET /instrument/45205530868811305 HTTP/1.1" 200 824
2026-05-24 15:05:10 [DEBUG   ] data_fetcher:   HTML page for 45205530868811305: 824 bytes
2026-05-24 15:05:10 [DEBUG   ] data_fetcher:   No NAV found in TSETMC HTML for ins_code=45205530868811305
2026-05-24 15:05:10 [DEBUG   ] urllib3.connectionpool: https://cdn.tsetmc.com:443 "GET /api/StaticThreshold/GetStaticThreshold/45205530868811305/0 HTTP/1.1" 200 824
2026-05-24 15:05:10 [DEBUG   ] data_fetcher:   No NAV found for ins_code=45205530868811305
2026-05-24 15:05:10 [DEBUG   ] urllib3.connectionpool: https://cdn.tsetmc.com:443 "GET /api/BestLimits/45205530868811305 HTTP/1.1" 200 None
2026-05-24 15:05:10 [INFO    ] data_fetcher: [19/20] Fetching همای ...
2026-05-24 15:05:10 [DEBUG   ] urllib3.connectionpool: https://cdn.tsetmc.com:443 "GET /api/ClosingPrice/GetClosingPriceInfo/15494954332657697 HTTP/1.1" 200 None
2026-05-24 15:05:10 [DEBUG   ] data_fetcher: ClosingPriceInfo top-level keys for 15494954332657697: ['closingPriceInfo']
2026-05-24 15:05:10 [DEBUG   ] data_fetcher: ClosingPriceInfo fields for 15494954332657697: {'instrumentState': {'idn': 0, 'dEven': 0, 'hEven': 0, 'insCode': None, 'lVal18AFC': None, 'lVal30': None, 'cEtaval': 'A ', 'realHeven': 0, 'underSupervision': 0, 'cEtavalTitle': 'مجاز'}, 'lastHEven': 145959, 'finalLastDate': 20260524, 'priceMin': 10027.0, 'priceMax': 10028.0, 'priceYesterday': 10014.0, 'priceFirst': 10027.0, 'insCode': '0', 'dEven': 20260524, 'hEven': 145959, 'pClosing': 10028.0, 'pDrCotVal': 10028.0, 'zTotTran': 4116.0, 'qTotTran5J': 325828904.0, 'qTotCap': 3267280968294.0}
2026-05-24 15:05:10 [DEBUG   ] urllib3.connectionpool: https://cdn.tsetmc.com:443 "GET /api/Instrument/GetInstrumentInfo/15494954332657697 HTTP/1.1" 200 None
2026-05-24 15:05:10 [DEBUG   ] data_fetcher: InstrumentInfo top-level keys for 15494954332657697: ['instrumentInfo']
2026-05-24 15:05:10 [DEBUG   ] data_fetcher: InstrumentInfo non-zero fields for 15494954332657697: {'eps': {'epsValue': None, 'estimatedEPS': None, 'sectorPE': 0.0, 'psr': 0.0}, 'sector': {'dEven': 0, 'cSecVal': '68 ', 'lSecVal': 'صندوق سرمايه گذاري قابل معامله'}, 'staticThreshold': {'insCode': None, 'dEven': 0, 'hEven': 0, 'psGelStaMax': 10314.0, 'psGelStaMin': 9714.0}, 'minWeek': 10013.0, 'maxWeek': 10276.0, 'minYear': 10008.0, 'maxYear': 10337.0, 'qTotTran5JAvg': 160061014.0, 'dEven': 20260524, 'faraDesc': 'نوع صندوق: در اوراق بهادار با درآمد ثابت', 'etfIssuedUnit': 8934342701.0, 'etfUnitDeven': 20260523, 'lVal18': 'Homaye Agah ETF', 'yVal': '305', 'insCode': '15494954332657697', 'lVal30': 'صندوق س هماي آگاه-ثابت', 'lVal18AFC': 'هماي', 'flow': 1, 'cIsin': 'IRT1HOMA0008', 'zTitad': 10000000000.0, 'baseVol': 1, 'instrumentID': 'IRT1HOMA0001', 'cgrValCot': 'H1', 'cComVal': '4', 'sourceID': 1, 'flowTitle': 'بازار بورس', 'cgrValCotTitle': 'بازار صندوق های قابل معامله'}
2026-05-24 15:05:10 [DEBUG   ] urllib3.connectionpool: https://www.tsetmc.com:443 "GET /Loader.aspx?ParTree=15131W&i=15494954332657697 HTTP/1.1" 200 824
2026-05-24 15:05:10 [DEBUG   ] data_fetcher: Loader API for 15494954332657697: 824 bytes, preview: <!doctype html><html lang="en"><head><meta charset="utf-8"/><link rel="icon" href="/favicon.ico?v=2"
2026-05-24 15:05:10 [DEBUG   ] urllib3.connectionpool: https://cdn.tsetmc.com:443 "GET /api/ETF/ETFByInsCode/15494954332657697 HTTP/1.1" 200 824
2026-05-24 15:05:11 [DEBUG   ] urllib3.connectionpool: https://cdn.tsetmc.com:443 "GET /api/ETF/GetETFByInsCode/15494954332657697 HTTP/1.1" 200 824
2026-05-24 15:05:11 [DEBUG   ] urllib3.connectionpool: https://cdn.tsetmc.com:443 "GET /api/ETF/GetETFInfo/15494954332657697 HTTP/1.1" 200 824
2026-05-24 15:05:11 [DEBUG   ] urllib3.connectionpool: https://cdn.tsetmc.com:443 "GET /api/Fund/GetFundInfo/15494954332657697 HTTP/1.1" 404 0
2026-05-24 15:05:11 [DEBUG   ] urllib3.connectionpool: https://cdn.tsetmc.com:443 "GET /api/Fund/GetFund/15494954332657697 HTTP/1.1" 404 0
2026-05-24 15:05:11 [DEBUG   ] urllib3.connectionpool: https://cdn.tsetmc.com:443 "GET /api/Fund/GetFundLastInfo/15494954332657697 HTTP/1.1" 404 0
2026-05-24 15:05:11 [DEBUG   ] urllib3.connectionpool: https://cdn.tsetmc.com:443 "GET /api/Fund/GetMutualFundByInsCode/15494954332657697 HTTP/1.1" 404 0
2026-05-24 15:05:11 [DEBUG   ] urllib3.connectionpool: https://cdn.tsetmc.com:443 "GET /api/Fund/FundInfo/15494954332657697 HTTP/1.1" 404 0
2026-05-24 15:05:11 [DEBUG   ] urllib3.connectionpool: https://cdn.tsetmc.com:443 "GET /api/Fund/FundData/15494954332657697 HTTP/1.1" 404 0
2026-05-24 15:05:11 [DEBUG   ] urllib3.connectionpool: https://www.tsetmc.com:443 "GET /instrument/15494954332657697 HTTP/1.1" 200 824
2026-05-24 15:05:11 [DEBUG   ] data_fetcher:   HTML page for 15494954332657697: 824 bytes
2026-05-24 15:05:11 [DEBUG   ] data_fetcher:   No NAV found in TSETMC HTML for ins_code=15494954332657697
2026-05-24 15:05:11 [DEBUG   ] urllib3.connectionpool: https://cdn.tsetmc.com:443 "GET /api/StaticThreshold/GetStaticThreshold/15494954332657697/0 HTTP/1.1" 200 824
2026-05-24 15:05:11 [DEBUG   ] data_fetcher:   No NAV found for ins_code=15494954332657697
2026-05-24 15:05:11 [DEBUG   ] urllib3.connectionpool: https://cdn.tsetmc.com:443 "GET /api/BestLimits/15494954332657697 HTTP/1.1" 200 None
2026-05-24 15:05:11 [INFO    ] data_fetcher: [20/20] Fetching حکمت ...
2026-05-24 15:05:12 [DEBUG   ] urllib3.connectionpool: https://cdn.tsetmc.com:443 "GET /api/Instrument/GetInstrumentSearch/%D8%AD%DA%A9%D9%85%D8%AA HTTP/1.1" 200 None
2026-05-24 15:05:12 [DEBUG   ] data_fetcher:   TSETMC search for 'حکمت': 12 results → ['والماس', 'وحكمت', 'وحكمتح', 'حكمت', 'حكمت']
2026-05-24 15:05:12 [INFO    ] data_fetcher:   ✓ ins_code for 'حکمت': 7881099657101647 (TSETMC ticker: حكمت)
2026-05-24 15:05:12 [DEBUG   ] urllib3.connectionpool: https://cdn.tsetmc.com:443 "GET /api/ClosingPrice/GetClosingPriceInfo/7881099657101647 HTTP/1.1" 500 0
2026-05-24 15:05:12 [WARNING ] data_fetcher: TSETMC request failed for https://cdn.tsetmc.com/api/ClosingPrice/GetClosingPriceInfo/7881099657101647: 500 Server Error: Internal Server Error for url: https://cdn.tsetmc.com/api/ClosingPrice/GetClosingPriceInfo/7881099657101647
2026-05-24 15:05:12 [INFO    ] data_fetcher:   Stored ins_code failed — searching TSETMC for 'حکمت'...
2026-05-24 15:05:12 [DEBUG   ] urllib3.connectionpool: https://cdn.tsetmc.com:443 "GET /api/Instrument/GetInstrumentInfo/7881099657101647 HTTP/1.1" 200 None
2026-05-24 15:05:12 [DEBUG   ] data_fetcher: InstrumentInfo top-level keys for 7881099657101647: ['instrumentInfo']
2026-05-24 15:05:12 [DEBUG   ] data_fetcher: InstrumentInfo non-zero fields for 7881099657101647: {'eps': {'epsValue': None, 'estimatedEPS': '157', 'sectorPE': -4.7, 'psr': 0.0}, 'sector': {'dEven': 0, 'cSecVal': '57 ', 'lSecVal': 'بانكها و موسسات اعتباري'}, 'staticThreshold': {'insCode': None, 'dEven': 0, 'hEven': 0, 'psGelStaMax': 1050.0, 'psGelStaMin': 950.0}, 'dEven': 20260524, 'lVal18': 'Hekmat Iranian', 'yVal': '303', 'insCode': '7881099657101647', 'lVal30': 'بانك حكمت  ايرانيان', 'lVal18AFC': 'حكمت', 'flow': 2, 'cIsin': 'IRO3BHKZ0005', 'zTitad': 6000000000.0, 'baseVol': 15000000, 'instrumentID': 'IRO3BHKZ0001', 'cgrValCot': 'Z1', 'cComVal': '3', 'sourceID': 2, 'flowTitle': 'بازار فرابورس', 'cgrValCotTitle': 'بازار دوم فرابورس'}
2026-05-24 15:05:12 [DEBUG   ] urllib3.connectionpool: https://www.tsetmc.com:443 "GET /Loader.aspx?ParTree=15131W&i=7881099657101647 HTTP/1.1" 200 824
2026-05-24 15:05:12 [DEBUG   ] data_fetcher: Loader API for 7881099657101647: 824 bytes, preview: <!doctype html><html lang="en"><head><meta charset="utf-8"/><link rel="icon" href="/favicon.ico?v=2"
2026-05-24 15:05:12 [DEBUG   ] urllib3.connectionpool: https://cdn.tsetmc.com:443 "GET /api/ETF/ETFByInsCode/7881099657101647 HTTP/1.1" 200 824
2026-05-24 15:05:12 [DEBUG   ] urllib3.connectionpool: https://cdn.tsetmc.com:443 "GET /api/ETF/GetETFByInsCode/7881099657101647 HTTP/1.1" 200 824
2026-05-24 15:05:12 [DEBUG   ] urllib3.connectionpool: https://cdn.tsetmc.com:443 "GET /api/ETF/GetETFInfo/7881099657101647 HTTP/1.1" 200 824
2026-05-24 15:05:12 [DEBUG   ] urllib3.connectionpool: https://cdn.tsetmc.com:443 "GET /api/Fund/GetFundInfo/7881099657101647 HTTP/1.1" 404 0
2026-05-24 15:05:12 [DEBUG   ] urllib3.connectionpool: https://cdn.tsetmc.com:443 "GET /api/Fund/GetFund/7881099657101647 HTTP/1.1" 404 0
2026-05-24 15:05:12 [DEBUG   ] urllib3.connectionpool: https://cdn.tsetmc.com:443 "GET /api/Fund/GetFundLastInfo/7881099657101647 HTTP/1.1" 404 0
2026-05-24 15:05:12 [DEBUG   ] urllib3.connectionpool: https://cdn.tsetmc.com:443 "GET /api/Fund/GetMutualFundByInsCode/7881099657101647 HTTP/1.1" 404 0
2026-05-24 15:05:12 [DEBUG   ] urllib3.connectionpool: https://cdn.tsetmc.com:443 "GET /api/Fund/FundInfo/7881099657101647 HTTP/1.1" 404 0
2026-05-24 15:05:12 [DEBUG   ] urllib3.connectionpool: https://cdn.tsetmc.com:443 "GET /api/Fund/FundData/7881099657101647 HTTP/1.1" 404 0
2026-05-24 15:05:12 [DEBUG   ] urllib3.connectionpool: https://www.tsetmc.com:443 "GET /instrument/7881099657101647 HTTP/1.1" 200 824
2026-05-24 15:05:12 [DEBUG   ] data_fetcher:   HTML page for 7881099657101647: 824 bytes
2026-05-24 15:05:12 [DEBUG   ] data_fetcher:   No NAV found in TSETMC HTML for ins_code=7881099657101647
2026-05-24 15:05:12 [DEBUG   ] urllib3.connectionpool: https://cdn.tsetmc.com:443 "GET /api/StaticThreshold/GetStaticThreshold/7881099657101647/0 HTTP/1.1" 200 824
2026-05-24 15:05:12 [DEBUG   ] data_fetcher:   No NAV found for ins_code=7881099657101647
2026-05-24 15:05:13 [DEBUG   ] urllib3.connectionpool: https://cdn.tsetmc.com:443 "GET /api/BestLimits/7881099657101647 HTTP/1.1" 200 None
2026-05-24 15:05:13 [INFO    ] data_fetcher: 20 fund(s) missing NAV — trying external NAV sources...
2026-05-24 15:05:13 [DEBUG   ] urllib3.connectionpool: Starting new HTTPS connection (1): www.fipiran.ir:443
2026-05-24 15:05:13 [DEBUG   ] urllib3.connectionpool: https://www.fipiran.ir:443 "GET / HTTP/1.1" 200 None
2026-05-24 15:05:13 [DEBUG   ] data_fetcher: FIPIRAN session established
2026-05-24 15:05:13 [DEBUG   ] urllib3.connectionpool: https://www.fipiran.ir:443 "GET /api/v1/fund/fundlist HTTP/1.1" 403 None
2026-05-24 15:05:13 [DEBUG   ] data_fetcher: FIPIRAN https://www.fipiran.ir/api/v1/fund/fundlist [{'Accept': 'application/json', 'Origin': 'https://www.fipiran.ir'}] → 403 Client Error: Forbidden for url: https://www.fipiran.ir/api/v1/fund/fundlist
2026-05-24 15:05:13 [DEBUG   ] urllib3.connectionpool: https://www.fipiran.ir:443 "GET /api/v1/fund/fundlist HTTP/1.1" 403 None
2026-05-24 15:05:13 [DEBUG   ] data_fetcher: FIPIRAN https://www.fipiran.ir/api/v1/fund/fundlist [{'X-Requested-With': 'XMLHttpRequest', 'Accept': 'application/json, text/javascript, */*; q=0.01'}] → 403 Client Error: Forbidden for url: https://www.fipiran.ir/api/v1/fund/fundlist
2026-05-24 15:05:13 [DEBUG   ] urllib3.connectionpool: https://www.fipiran.ir:443 "GET /api/v1/fund/fundlist HTTP/1.1" 403 None
2026-05-24 15:05:13 [DEBUG   ] data_fetcher: FIPIRAN https://www.fipiran.ir/api/v1/fund/fundlist [{}] → 403 Client Error: Forbidden for url: https://www.fipiran.ir/api/v1/fund/fundlist
2026-05-24 15:05:13 [DEBUG   ] urllib3.connectionpool: Starting new HTTPS connection (1): fipiran.ir:443
2026-05-24 15:05:14 [DEBUG   ] urllib3.connectionpool: https://fipiran.ir:443 "GET /api/v1/fund/fundlist HTTP/1.1" 403 None
2026-05-24 15:05:14 [DEBUG   ] data_fetcher: FIPIRAN https://fipiran.ir/api/v1/fund/fundlist [{'Accept': 'application/json', 'Origin': 'https://www.fipiran.ir'}] → 403 Client Error: Forbidden for url: https://fipiran.ir/api/v1/fund/fundlist
2026-05-24 15:05:14 [DEBUG   ] urllib3.connectionpool: https://fipiran.ir:443 "GET /api/v1/fund/fundlist HTTP/1.1" 403 None
2026-05-24 15:05:14 [DEBUG   ] data_fetcher: FIPIRAN https://fipiran.ir/api/v1/fund/fundlist [{'X-Requested-With': 'XMLHttpRequest', 'Accept': 'application/json, text/javascript, */*; q=0.01'}] → 403 Client Error: Forbidden for url: https://fipiran.ir/api/v1/fund/fundlist
2026-05-24 15:05:14 [DEBUG   ] urllib3.connectionpool: https://fipiran.ir:443 "GET /api/v1/fund/fundlist HTTP/1.1" 403 None
2026-05-24 15:05:14 [DEBUG   ] data_fetcher: FIPIRAN https://fipiran.ir/api/v1/fund/fundlist [{}] → 403 Client Error: Forbidden for url: https://fipiran.ir/api/v1/fund/fundlist
2026-05-24 15:05:14 [DEBUG   ] urllib3.connectionpool: https://www.fipiran.ir:443 "GET /api/fund/fundcompare HTTP/1.1" 403 None
2026-05-24 15:05:14 [DEBUG   ] data_fetcher: FIPIRAN https://www.fipiran.ir/api/fund/fundcompare [{'Accept': 'application/json', 'Origin': 'https://www.fipiran.ir'}] → 403 Client Error: Forbidden for url: https://www.fipiran.ir/api/fund/fundcompare
2026-05-24 15:05:14 [DEBUG   ] urllib3.connectionpool: https://www.fipiran.ir:443 "GET /api/fund/fundcompare HTTP/1.1" 403 None
2026-05-24 15:05:14 [DEBUG   ] data_fetcher: FIPIRAN https://www.fipiran.ir/api/fund/fundcompare [{'X-Requested-With': 'XMLHttpRequest', 'Accept': 'application/json, text/javascript, */*; q=0.01'}] → 403 Client Error: Forbidden for url: https://www.fipiran.ir/api/fund/fundcompare
2026-05-24 15:05:14 [DEBUG   ] urllib3.connectionpool: https://www.fipiran.ir:443 "GET /api/fund/fundcompare HTTP/1.1" 403 None
2026-05-24 15:05:14 [DEBUG   ] data_fetcher: FIPIRAN https://www.fipiran.ir/api/fund/fundcompare [{}] → 403 Client Error: Forbidden for url: https://www.fipiran.ir/api/fund/fundcompare
2026-05-24 15:05:14 [DEBUG   ] urllib3.connectionpool: https://www.fipiran.ir:443 "GET /api/v1/fund/fundcompare HTTP/1.1" 403 None
2026-05-24 15:05:14 [DEBUG   ] data_fetcher: FIPIRAN https://www.fipiran.ir/api/v1/fund/fundcompare [{'Accept': 'application/json', 'Origin': 'https://www.fipiran.ir'}] → 403 Client Error: Forbidden for url: https://www.fipiran.ir/api/v1/fund/fundcompare
2026-05-24 15:05:14 [DEBUG   ] urllib3.connectionpool: https://www.fipiran.ir:443 "GET /api/v1/fund/fundcompare HTTP/1.1" 403 None
2026-05-24 15:05:14 [DEBUG   ] data_fetcher: FIPIRAN https://www.fipiran.ir/api/v1/fund/fundcompare [{'X-Requested-With': 'XMLHttpRequest', 'Accept': 'application/json, text/javascript, */*; q=0.01'}] → 403 Client Error: Forbidden for url: https://www.fipiran.ir/api/v1/fund/fundcompare
2026-05-24 15:05:14 [DEBUG   ] urllib3.connectionpool: https://www.fipiran.ir:443 "GET /api/v1/fund/fundcompare HTTP/1.1" 403 None
2026-05-24 15:05:14 [DEBUG   ] data_fetcher: FIPIRAN https://www.fipiran.ir/api/v1/fund/fundcompare [{}] → 403 Client Error: Forbidden for url: https://www.fipiran.ir/api/v1/fund/fundcompare
2026-05-24 15:05:14 [DEBUG   ] urllib3.connectionpool: https://fipiran.ir:443 "GET /api/v1/fund/fundcompare HTTP/1.1" 403 None
2026-05-24 15:05:14 [DEBUG   ] data_fetcher: FIPIRAN https://fipiran.ir/api/v1/fund/fundcompare [{'Accept': 'application/json', 'Origin': 'https://www.fipiran.ir'}] → 403 Client Error: Forbidden for url: https://fipiran.ir/api/v1/fund/fundcompare
2026-05-24 15:05:15 [DEBUG   ] urllib3.connectionpool: https://fipiran.ir:443 "GET /api/v1/fund/fundcompare HTTP/1.1" 403 None
2026-05-24 15:05:15 [DEBUG   ] data_fetcher: FIPIRAN https://fipiran.ir/api/v1/fund/fundcompare [{'X-Requested-With': 'XMLHttpRequest', 'Accept': 'application/json, text/javascript, */*; q=0.01'}] → 403 Client Error: Forbidden for url: https://fipiran.ir/api/v1/fund/fundcompare
2026-05-24 15:05:15 [DEBUG   ] urllib3.connectionpool: https://fipiran.ir:443 "GET /api/v1/fund/fundcompare HTTP/1.1" 403 None
2026-05-24 15:05:15 [DEBUG   ] data_fetcher: FIPIRAN https://fipiran.ir/api/v1/fund/fundcompare [{}] → 403 Client Error: Forbidden for url: https://fipiran.ir/api/v1/fund/fundcompare
2026-05-24 15:05:15 [WARNING ] data_fetcher: FIPIRAN: no usable data from any endpoint — NAV will be unavailable
2026-05-24 15:05:15 [INFO    ] data_fetcher: FIPIRAN returned no data — trying Rahavard 365...
2026-05-24 15:05:15 [DEBUG   ] urllib3.connectionpool: Starting new HTTPS connection (1): api.rahavard365.com:443
2026-05-24 15:05:15 [DEBUG   ] data_fetcher: Rahavard https://api.rahavard365.com/v1/funds → connection error: HTTPSConnectionPool(host='api.rahavard365.com', port=443): Max retries exceeded with url: /v1/funds (Caused by NameResolutionError("HTTPSConnection(host='api.rahavard365.com', port=443): Failed to resolve 'api.rahavard365.com' ([Errno 11001] getaddrinfo failed)"))
2026-05-24 15:05:15 [DEBUG   ] urllib3.connectionpool: Starting new HTTPS connection (2): api.rahavard365.com:443
2026-05-24 15:05:15 [DEBUG   ] data_fetcher: Rahavard https://api.rahavard365.com/v1/fund/list → connection error: HTTPSConnectionPool(host='api.rahavard365.com', port=443): Max retries exceeded with url: /v1/fund/list (Caused by NameResolutionError("HTTPSConnection(host='api.rahavard365.com', port=443): Failed to resolve 'api.rahavard365.com' ([Errno 11001] getaddrinfo failed)"))
2026-05-24 15:05:15 [DEBUG   ] urllib3.connectionpool: Starting new HTTPS connection (1): rahavard365.com:443
2026-05-24 15:05:15 [DEBUG   ] urllib3.connectionpool: https://rahavard365.com:443 "GET /api/v1/fund/list HTTP/1.1" 404 0
2026-05-24 15:05:15 [DEBUG   ] data_fetcher: Rahavard https://rahavard365.com/api/v1/fund/list → HTTP error: 404 Client Error: Not Found for url: https://rahavard365.com/api/v1/fund/list
2026-05-24 15:05:15 [DEBUG   ] urllib3.connectionpool: https://rahavard365.com:443 "GET /api/funds HTTP/1.1" 404 0
2026-05-24 15:05:15 [DEBUG   ] data_fetcher: Rahavard https://rahavard365.com/api/funds → HTTP error: 404 Client Error: Not Found for url: https://rahavard365.com/api/funds
2026-05-24 15:05:15 [DEBUG   ] data_fetcher: Rahavard: no usable data from any endpoint
2026-05-24 15:05:15 [WARNING ] data_fetcher: All external NAV sources exhausted — NAV unavailable
2026-05-24 15:05:15 [WARNING ] data_fetcher: NAV still missing: کیان, پارند, سپهر, اعتماد, کمند, افران, لبخند, آساس, آفاق, گنجین, خاتم, اوصتا, فردا, گوهر, سخند, یاقوت, فیروزا, صایند, همای, حکمت
2026-05-24 15:05:15 [WARNING ] __main__: 1 funds had no data: حکمت
2026-05-24 15:05:15 [WARNING ] arbitrage: Could not analyze کیان: missing data
2026-05-24 15:05:15 [WARNING ] arbitrage: Could not analyze پارند: missing data
2026-05-24 15:05:15 [WARNING ] arbitrage: Could not analyze سپهر: missing data
2026-05-24 15:05:15 [WARNING ] arbitrage: Could not analyze اعتماد: missing data
2026-05-24 15:05:15 [WARNING ] arbitrage: Could not analyze کمند: missing data
2026-05-24 15:05:15 [WARNING ] arbitrage: Could not analyze افران: missing data
2026-05-24 15:05:15 [WARNING ] arbitrage: Could not analyze لبخند: missing data
2026-05-24 15:05:15 [WARNING ] arbitrage: Could not analyze آساس: missing data
2026-05-24 15:05:15 [WARNING ] arbitrage: Could not analyze آفاق: missing data
2026-05-24 15:05:15 [WARNING ] arbitrage: Could not analyze گنجین: missing data
2026-05-24 15:05:15 [WARNING ] arbitrage: Could not analyze خاتم: missing data
2026-05-24 15:05:15 [WARNING ] arbitrage: Could not analyze اوصتا: missing data
2026-05-24 15:05:15 [WARNING ] arbitrage: Could not analyze فردا: missing data
2026-05-24 15:05:15 [WARNING ] arbitrage: Could not analyze گوهر: missing data
2026-05-24 15:05:15 [WARNING ] arbitrage: Could not analyze سخند: missing data
2026-05-24 15:05:15 [WARNING ] arbitrage: Could not analyze یاقوت: missing data
2026-05-24 15:05:15 [WARNING ] arbitrage: Could not analyze فیروزا: missing data
2026-05-24 15:05:15 [WARNING ] arbitrage: Could not analyze صایند: missing data
2026-05-24 15:05:15 [WARNING ] arbitrage: Could not analyze همای: missing data
2026-05-24 15:05:15 [WARNING ] arbitrage: Could not analyze حکمت: missing data
